filepath_rel,class_id,split,base_id,is_original,filepath,image_id,sol,instrument,class_name
0042MR0001830110101823Q01_DRCL.jpg,2,train,0042MR0001830110101823Q01_DRCL,True,data/msl/extracted/msl-labeled-data-set-v2.1/images/0042MR0001830110101823Q01_DRCL.jpg,0042MR0001830110101823Q01_DRCL,42,mastcam_right,Artifact
0442MH0001520020200158I01_DRCL.jpg,4,train,0442MH0001520020200158I01_DRCL,True,data/msl/extracted/msl-labeled-data-set-v2.1/images/0442MH0001520020200158I01_DRCL.jpg,0442MH0001520020200158I01_DRCL,442,mahli,Close-up rock
0948MH0004910060303925I01_DRCL.jpg,4,train,0948MH0004910060303925I01_DRCL,True,data/msl/extracted/msl-labeled-data-set-v2.1/images/0948MH0004910060303925I01_DRCL.jpg,0948MH0004910060303925I01_DRCL,948,mahli,Close-up rock
0037ML0000990110101254Q01_DRCL.jpg,15,train,0037ML0000990110101254Q01_DRCL,True,data/msl/extracted/msl-labeled-data-set-v2.1/images/0037ML0000990110101254Q01_DRCL.jpg,0037ML0000990110101254Q01_DRCL,37,mastcam_left,Sun
0042MR0001810030101417Q01_DRCL.jpg,2,train,0042MR0001810030101417Q01_DRCL,True,data/msl/extracted/msl-labeled-data-set-v2.1/images/0042MR0001810030101417Q01_DRCL.jpg,0042MR0001810030101417Q01_DRCL,42,mastcam_right,Artifact
0042MR0001810030101428Q01_DRCL.jpg,2,train,0042MR0001810030101428Q01_DRCL,True,data/msl/extracted/msl-labeled-data-set-v2.1/images/0042MR0001810030101428Q01_DRCL.jpg,0042MR0001810030101428Q01_DRCL,42,mastcam_right,Artifact
0289ML0009620000106354M00_DRCL.jpg,2,train,0289ML0009620000106354M00_DRCL,True,data/msl/extracted/msl-labeled-data-set-v2.1/images/0289ML0009620000106354M00_DRCL.jpg,0289ML0009620000106354M00_DRCL,289,mastcam_left,Artifact
0393MR0016220130302162E01_DRCL.jpg,2,train,0393MR0016220130302162E01_DRCL,True,data/msl/extracted/msl-labeled-data-set-v2.1/images/0393MR0016220130302162E01_DRCL.jpg,0393MR0016220130302162E01_DRCL,393,mastcam_right,Artifact
0037MR0000990110101152Q01_DRCL.jpg,2,train,0037MR0000990110101152Q01_DRCL,True,data/msl/extracted/msl-labeled-data-set-v2.1/images/0037MR0000990110101152Q01_DRCL.jpg,0037MR0000990110101152Q01_DRCL,37,mastcam_right,Artifact
0805MH0003070020300530I01_DRCL.jpg,4,train,0805MH0003070020300530I01_DRCL,True,data/msl/extracted/msl-labeled-data-set-v2.1/images/0805MH0003070020300530I01_DRCL.jpg,0805MH0003070020300530I01_DRCL,805,mahli,Close-up rock
0101ML0006740160103015E01_DRCL.jpg,2,train,0101ML0006740160103015E01_DRCL,True,data/msl/extracted/msl-labeled-data-set-v2.1/images/0101ML0006740160103015E01_DRCL.jpg,0101ML0006740160103015E01_DRCL,101,mastcam_left,Artifact
0042MR0001810030101446Q01_DRCL.jpg,2,train,0042MR0001810030101446Q01_DRCL,True,data/msl/extracted/msl-labeled-data-set-v2.1/images/0042MR0001810030101446Q01_DRCL.jpg,0042MR0001810030101446Q01_DRCL,42,mastcam_right,Artifact
0019MR0000540840100254C00_DRCL.jpg,3,train,0019MR0000540840100254C00_DRCL,True,data/msl/extracted/msl-labeled-data-set-v2.1/images/0019MR0000540840100254C00_DRCL.jpg,0019MR0000540840100254C00_DRCL,19,mastcam_right,Nearby surface
0150MH0001680020101381I01_DRCL.jpg,4,train,0150MH0001680020101381I01_DRCL,True,data/msl/extracted/msl-labeled-data-set-v2.1/images/0150MH0001680020101381I01_DRCL.jpg,0150MH0001680020101381I01_DRCL,150,mahli,Close-up rock
0399MH0001520020104619I01_DRCL.jpg,4,train,0399MH0001520020104619I01_DRCL,True,data/msl/extracted/msl-labeled-data-set-v2.1/images/0399MH0001520020104619I01_DRCL.jpg,0399MH0001520020104619I01_DRCL,399,mahli,Close-up rock
0042MR0006330000102078I01_DRCL.jpg,2,train,0042MR0006330000102078I01_DRCL,True,data/msl/extracted/msl-labeled-data-set-v2.1/images/0042MR0006330000102078I01_DRCL.jpg,0042MR0006330000102078I01_DRCL,42,mastcam_right,Artifact
0042MR0001810030101414Q01_DRCL.jpg,2,train,0042MR0001810030101414Q01_DRCL,True,data/msl/extracted/msl-labeled-data-set-v2.1/images/0042MR0001810030101414Q01_DRCL.jpg,0042MR0001810030101414Q01_DRCL,42,mastcam_right,Artifact
0374ML0015420050200003D01_DRCL.jpg,2,train,0374ML0015420050200003D01_DRCL,True,data/msl/extracted/msl-labeled-data-set-v2.1/images/0374ML0015420050200003D01_DRCL.jpg,0374ML0015420050200003D01_DRCL,374,mastcam_left,Artifact
0181MH0001680020102564C00_DRCL.jpg,4,train,0181MH0001680020102564C00_DRCL,True,data/msl/extracted/msl-labeled-data-set-v2.1/images/0181MH0001680020102564C00_DRCL.jpg,0181MH0001680020102564C00_DRCL,181,mahli,Close-up rock
0860MH0003080020302076I01_DRCL.jpg,4,train,0860MH0003080020302076I01_DRCL,True,data/msl/extracted/msl-labeled-data-set-v2.1/images/0860MH0003080020302076I01_DRCL.jpg,0860MH0003080020302076I01_DRCL,860,mahli,Close-up rock
0344ML0013960260108165E01_DRCL.jpg,3,train,0344ML0013960260108165E01_DRCL,True,data/msl/extracted/msl-labeled-data-set-v2.1/images/0344ML0013960260108165E01_DRCL.jpg,0344ML0013960260108165E01_DRCL,344,mastcam_left,Nearby surface
0489ML0019470460202431D01_DRCL.jpg,2,train,0489ML0019470460202431D01_DRCL,True,data/msl/extracted/msl-labeled-data-set-v2.1/images/0489ML0019470460202431D01_DRCL.jpg,0489ML0019470460202431D01_DRCL,489,mastcam_left,Artifact
0049MR0002190210102712E01_DRCL.jpg,3,train,0049MR0002190210102712E01_DRCL,True,data/msl/extracted/msl-labeled-data-set-v2.1/images/0049MR0002190210102712E01_DRCL.jpg,0049MR0002190210102712E01_DRCL,49,mastcam_right,Nearby surface
0037MR0000990110101083D01_DRCL.jpg,15,train,0037MR0000990110101083D01_DRCL,True,data/msl/extracted/msl-labeled-data-set-v2.1/images/0037MR0000990110101083D01_DRCL.jpg,0037MR0000990110101083D01_DRCL,37,mastcam_right,Sun
0618MR0026010020401271E01_DRCL.jpg,7,train,0618MR0026010020401271E01_DRCL,True,data/msl/extracted/msl-labeled-data-set-v2.1/images/0618MR0026010020401271E01_DRCL.jpg,0618MR0026010020401271E01_DRCL,618,mastcam_right,Distant landscape
0676ML0028720070303873E01_DRCL.jpg,3,train,0676ML0028720070303873E01_DRCL,True,data/msl/extracted/msl-labeled-data-set-v2.1/images/0676ML0028720070303873E01_DRCL.jpg,0676ML0028720070303873E01_DRCL,676,mastcam_left,Nearby surface
0111ML0006890050103665E01_DRCL.jpg,2,train,0111ML0006890050103665E01_DRCL,True,data/msl/extracted/msl-labeled-data-set-v2.1/images/0111ML0006890050103665E01_DRCL.jpg,0111ML0006890050103665E01_DRCL,111,mastcam_left,Artifact
0369MR0015020000301682L01_DRCL.jpg,15,train,0369MR0015020000301682L01_DRCL,True,data/msl/extracted/msl-labeled-data-set-v2.1/images/0369MR0015020000301682L01_DRCL.jpg,0369MR0015020000301682L01_DRCL,369,mastcam_right,Sun
0363MR0014720000301433Q01_DRCL.jpg,2,train,0363MR0014720000301433Q01_DRCL,True,data/msl/extracted/msl-labeled-data-set-v2.1/images/0363MR0014720000301433Q01_DRCL.jpg,0363MR0014720000301433Q01_DRCL,363,mastcam_right,Artifact
0752ML0032320850206193E01_DRCL.jpg,3,train,0752ML0032320850206193E01_DRCL,True,data/msl/extracted/msl-labeled-data-set-v2.1/images/0752ML0032320850206193E01_DRCL.jpg,0752ML0032320850206193E01_DRCL,752,mastcam_left,Nearby surface
0042MR0006330000102098I01_DRCL.jpg,2,train,0042MR0006330000102098I01_DRCL,True,data/msl/extracted/msl-labeled-data-set-v2.1/images/0042MR0006330000102098I01_DRCL.jpg,0042MR0006330000102098I01_DRCL,42,mastcam_right,Artifact
0037MR0000990110101080D01_DRCL.jpg,15,train,0037MR0000990110101080D01_DRCL,True,data/msl/extracted/msl-labeled-data-set-v2.1/images/0037MR0000990110101080D01_DRCL.jpg,0037MR0000990110101080D01_DRCL,37,mastcam_right,Sun
0783ML0033840000400407D01_DRCL.jpg,9,train,0783ML0033840000400407D01_DRCL,True,data/msl/extracted/msl-labeled-data-set-v2.1/images/0783ML0033840000400407D01_DRCL.jpg,0783ML0033840000400407D01_DRCL,783,mastcam_left,Night sky
0107ML0006820920103238E01_DRCL.jpg,3,train,0107ML0006820920103238E01_DRCL,True,data/msl/extracted/msl-labeled-data-set-v2.1/images/0107ML0006820920103238E01_DRCL.jpg,0107ML0006820920103238E01_DRCL,107,mastcam_left,Nearby surface
0042MR0001830110101799Q01_DRCL.jpg,2,train,0042MR0001830110101799Q01_DRCL,True,data/msl/extracted/msl-labeled-data-set-v2.1/images/0042MR0001830110101799Q01_DRCL.jpg,0042MR0001830110101799Q01_DRCL,42,mastcam_right,Artifact
0037MR0000990110101082D01_DRCL.jpg,15,train,0037MR0000990110101082D01_DRCL,True,data/msl/extracted/msl-labeled-data-set-v2.1/images/0037MR0000990110101082D01_DRCL.jpg,0037MR0000990110101082D01_DRCL,37,mastcam_right,Sun
0364ML0014810380108596E01_DRCL.jpg,3,train,0364ML0014810380108596E01_DRCL,True,data/msl/extracted/msl-labeled-data-set-v2.1/images/0364ML0014810380108596E01_DRCL.jpg,0364ML0014810380108596E01_DRCL,364,mastcam_left,Nearby surface
0369MR0015020000301627L01_DRCL.jpg,15,train,0369MR0015020000301627L01_DRCL,True,data/msl/extracted/msl-labeled-data-set-v2.1/images/0369MR0015020000301627L01_DRCL.jpg,0369MR0015020000301627L01_DRCL,369,mastcam_right,Sun
0042MR0001830110101825Q01_DRCL.jpg,2,train,0042MR0001830110101825Q01_DRCL,True,data/msl/extracted/msl-labeled-data-set-v2.1/images/0042MR0001830110101825Q01_DRCL.jpg,0042MR0001830110101825Q01_DRCL,42,mastcam_right,Artifact
0421ML0017200480201131E01_DRCL.jpg,3,train,0421ML0017200480201131E01_DRCL,True,data/msl/extracted/msl-labeled-data-set-v2.1/images/0421ML0017200480201131E01_DRCL.jpg,0421ML0017200480201131E01_DRCL,421,mastcam_left,Nearby surface
0020ML0001130000100616C00_DRCL.jpg,3,train,0020ML0001130000100616C00_DRCL,True,data/msl/extracted/msl-labeled-data-set-v2.1/images/0020ML0001130000100616C00_DRCL.jpg,0020ML0001130000100616C00_DRCL,20,mastcam_left,Nearby surface
0042MR0001830110101873Q01_DRCL.jpg,2,train,0042MR0001830110101873Q01_DRCL,True,data/msl/extracted/msl-labeled-data-set-v2.1/images/0042MR0001830110101873Q01_DRCL.jpg,0042MR0001830110101873Q01_DRCL,42,mastcam_right,Artifact
0730ML0031280040305139D01_DRCL.jpg,2,train,0730ML0031280040305139D01_DRCL,True,data/msl/extracted/msl-labeled-data-set-v2.1/images/0730ML0031280040305139D01_DRCL.jpg,0730ML0031280040305139D01_DRCL,730,mastcam_left,Artifact
0037MR0000990110100982Q01_DRCL.jpg,2,train,0037MR0000990110100982Q01_DRCL,True,data/msl/extracted/msl-labeled-data-set-v2.1/images/0037MR0000990110100982Q01_DRCL.jpg,0037MR0000990110100982Q01_DRCL,37,mastcam_right,Artifact
0781ML0033720060400324E01_DRCL.jpg,9,train,0781ML0033720060400324E01_DRCL,True,data/msl/extracted/msl-labeled-data-set-v2.1/images/0781ML0033720060400324E01_DRCL.jpg,0781ML0033720060400324E01_DRCL,781,mastcam_left,Night sky
0883MH0004080050302624C00_DRCL.jpg,9,train,0883MH0004080050302624C00_DRCL,True,data/msl/extracted/msl-labeled-data-set-v2.1/images/0883MH0004080050302624C00_DRCL.jpg,0883MH0004080050302624C00_DRCL,883,mahli,Night sky
0038MR0001730090101217C00_DRCL.jpg,2,train,0038MR0001730090101217C00_DRCL,True,data/msl/extracted/msl-labeled-data-set-v2.1/images/0038MR0001730090101217C00_DRCL.jpg,0038MR0001730090101217C00_DRCL,38,mastcam_right,Artifact
0802MH0003830020300404I01_DRCL.jpg,4,train,0802MH0003830020300404I01_DRCL,True,data/msl/extracted/msl-labeled-data-set-v2.1/images/0802MH0003830020300404I01_DRCL.jpg,0802MH0003830020300404I01_DRCL,802,mahli,Close-up rock
0489MR0019470230303050I01_DRCL.jpg,2,train,0489MR0019470230303050I01_DRCL,True,data/msl/extracted/msl-labeled-data-set-v2.1/images/0489MR0019470230303050I01_DRCL.jpg,0489MR0019470230303050I01_DRCL,489,mastcam_right,Artifact
0289ML0009620000106334M00_DRCL.jpg,2,train,0289ML0009620000106334M00_DRCL,True,data/msl/extracted/msl-labeled-data-set-v2.1/images/0289ML0009620000106334M00_DRCL.jpg,0289ML0009620000106334M00_DRCL,289,mastcam_left,Artifact
0275MH0002570030102971I01_DRCL.jpg,4,train,0275MH0002570030102971I01_DRCL,True,data/msl/extracted/msl-labeled-data-set-v2.1/images/0275MH0002570030102971I01_DRCL.jpg,0275MH0002570030102971I01_DRCL,275,mahli,Close-up rock
0042ML0001830110102008Q01_DRCL.jpg,15,train,0042ML0001830110102008Q01_DRCL,True,data/msl/extracted/msl-labeled-data-set-v2.1/images/0042ML0001830110102008Q01_DRCL.jpg,0042ML0001830110102008Q01_DRCL,42,mastcam_left,Sun
0037ML0001640070101313D01_DRCL.jpg,2,train,0037ML0001640070101313D01_DRCL,True,data/msl/extracted/msl-labeled-data-set-v2.1/images/0037ML0001640070101313D01_DRCL.jpg,0037ML0001640070101313D01_DRCL,37,mastcam_left,Artifact
0042MR0001830110101526Q01_DRCL.jpg,2,train,0042MR0001830110101526Q01_DRCL,True,data/msl/extracted/msl-labeled-data-set-v2.1/images/0042MR0001830110101526Q01_DRCL.jpg,0042MR0001830110101526Q01_DRCL,42,mastcam_right,Artifact
0042ML0001830110101725D01_DRCL.jpg,15,train,0042ML0001830110101725D01_DRCL,True,data/msl/extracted/msl-labeled-data-set-v2.1/images/0042ML0001830110101725D01_DRCL.jpg,0042ML0001830110101725D01_DRCL,42,mastcam_left,Sun
0368MR0014900000301525L01_DRCL.jpg,15,train,0368MR0014900000301525L01_DRCL,True,data/msl/extracted/msl-labeled-data-set-v2.1/images/0368MR0014900000301525L01_DRCL.jpg,0368MR0014900000301525L01_DRCL,368,mastcam_right,Sun
0564MH0003590020201832I01_DRCL.jpg,4,train,0564MH0003590020201832I01_DRCL,True,data/msl/extracted/msl-labeled-data-set-v2.1/images/0564MH0003590020201832I01_DRCL.jpg,0564MH0003590020201832I01_DRCL,564,mahli,Close-up rock
0020ML0000570110100416C00_DRCL.jpg,3,train,0020ML0000570110100416C00_DRCL,True,data/msl/extracted/msl-labeled-data-set-v2.1/images/0020ML0000570110100416C00_DRCL.jpg,0020ML0000570110100416C00_DRCL,20,mastcam_left,Nearby surface
0042MR0001830110101975Q01_DRCL.jpg,2,train,0042MR0001830110101975Q01_DRCL,True,data/msl/extracted/msl-labeled-data-set-v2.1/images/0042MR0001830110101975Q01_DRCL.jpg,0042MR0001830110101975Q01_DRCL,42,mastcam_right,Artifact
0289ML0009620000106330M00_DRCL.jpg,2,train,0289ML0009620000106330M00_DRCL,True,data/msl/extracted/msl-labeled-data-set-v2.1/images/0289ML0009620000106330M00_DRCL.jpg,0289ML0009620000106330M00_DRCL,289,mastcam_left,Artifact
0489ML0019470190202404D01_DRCL.jpg,2,train,0489ML0019470190202404D01_DRCL,True,data/msl/extracted/msl-labeled-data-set-v2.1/images/0489ML0019470190202404D01_DRCL.jpg,0489ML0019470190202404D01_DRCL,489,mastcam_left,Artifact
0066ML0003650000102523Q01_DRCL.jpg,1,train,0066ML0003650000102523Q01_DRCL,True,data/msl/extracted/msl-labeled-data-set-v2.1/images/0066ML0003650000102523Q01_DRCL.jpg,0066ML0003650000102523Q01_DRCL,66,mastcam_left,Other rover part
0788ML0034360040400505D01_DRCL.jpg,2,train,0788ML0034360040400505D01_DRCL,True,data/msl/extracted/msl-labeled-data-set-v2.1/images/0788ML0034360040400505D01_DRCL.jpg,0788ML0034360040400505D01_DRCL,788,mastcam_left,Artifact
0039MR0001740020101230E01_DRCL.jpg,3,train,0039MR0001740020101230E01_DRCL,True,data/msl/extracted/msl-labeled-data-set-v2.1/images/0039MR0001740020101230E01_DRCL.jpg,0039MR0001740020101230E01_DRCL,39,mastcam_right,Nearby surface
0320ML0010520020107750D01_DRCL.jpg,2,train,0320ML0010520020107750D01_DRCL,True,data/msl/extracted/msl-labeled-data-set-v2.1/images/0320ML0010520020107750D01_DRCL.jpg,0320ML0010520020107750D01_DRCL,320,mastcam_left,Artifact
0042ML0001810030101539Q01_DRCL.jpg,15,train,0042ML0001810030101539Q01_DRCL,True,data/msl/extracted/msl-labeled-data-set-v2.1/images/0042ML0001810030101539Q01_DRCL.jpg,0042ML0001810030101539Q01_DRCL,42,mastcam_left,Sun
0042ML0001830110101878Q01_DRCL.jpg,15,train,0042ML0001830110101878Q01_DRCL,True,data/msl/extracted/msl-labeled-data-set-v2.1/images/0042ML0001830110101878Q01_DRCL.jpg,0042ML0001830110101878Q01_DRCL,42,mastcam_left,Sun
0389ML0016000060200448E01_DRCL.jpg,7,train,0389ML0016000060200448E01_DRCL,True,data/msl/extracted/msl-labeled-data-set-v2.1/images/0389ML0016000060200448E01_DRCL.jpg,0389ML0016000060200448E01_DRCL,389,mastcam_left,Distant landscape
0054MH0000170030100338I01_DRCL.jpg,2,train,0054MH0000170030100338I01_DRCL,True,data/msl/extracted/msl-labeled-data-set-v2.1/images/0054MH0000170030100338I01_DRCL.jpg,0054MH0000170030100338I01_DRCL,54,mahli,Artifact
0755MH0002990020204536I01_DRCL.jpg,6,train,0755MH0002990020204536I01_DRCL,True,data/msl/extracted/msl-labeled-data-set-v2.1/images/0755MH0002990020204536I01_DRCL.jpg,0755MH0002990020204536I01_DRCL,755,mahli,DRT spot
0037ML0000990110100928Q01_DRCL.jpg,15,train,0037ML0000990110100928Q01_DRCL,True,data/msl/extracted/msl-labeled-data-set-v2.1/images/0037ML0000990110100928Q01_DRCL.jpg,0037ML0000990110100928Q01_DRCL,37,mastcam_left,Sun
0037ML0000990110101192Q01_DRCL.jpg,15,train,0037ML0000990110101192Q01_DRCL,True,data/msl/extracted/msl-labeled-data-set-v2.1/images/0037ML0000990110101192Q01_DRCL.jpg,0037ML0000990110101192Q01_DRCL,37,mastcam_left,Sun
0037ML0000990110101198Q01_DRCL.jpg,15,train,0037ML0000990110101198Q01_DRCL,True,data/msl/extracted/msl-labeled-data-set-v2.1/images/0037ML0000990110101198Q01_DRCL.jpg,0037ML0000990110101198Q01_DRCL,37,mastcam_left,Sun
0074MH0000880020100798I01_DRCL.jpg,4,train,0074MH0000880020100798I01_DRCL,True,data/msl/extracted/msl-labeled-data-set-v2.1/images/0074MH0000880020100798I01_DRCL.jpg,0074MH0000880020100798I01_DRCL,74,mahli,Close-up rock
0042ML0001830110101628Q01_DRCL.jpg,15,train,0042ML0001830110101628Q01_DRCL,True,data/msl/extracted/msl-labeled-data-set-v2.1/images/0042ML0001830110101628Q01_DRCL.jpg,0042ML0001830110101628Q01_DRCL,42,mastcam_left,Sun
0037ML0000990110101054Q01_DRCL.jpg,15,train,0037ML0000990110101054Q01_DRCL,True,data/msl/extracted/msl-labeled-data-set-v2.1/images/0037ML0000990110101054Q01_DRCL.jpg,0037ML0000990110101054Q01_DRCL,37,mastcam_left,Sun
0042ML0001810030101423Q01_DRCL.jpg,15,train,0042ML0001810030101423Q01_DRCL,True,data/msl/extracted/msl-labeled-data-set-v2.1/images/0042ML0001810030101423Q01_DRCL.jpg,0042ML0001810030101423Q01_DRCL,42,mastcam_left,Sun
0042ML0001810030101425Q01_DRCL.jpg,15,train,0042ML0001810030101425Q01_DRCL,True,data/msl/extracted/msl-labeled-data-set-v2.1/images/0042ML0001810030101425Q01_DRCL.jpg,0042ML0001810030101425Q01_DRCL,42,mastcam_left,Sun
0783MR0033770000204176E01_DRCL.jpg,2,train,0783MR0033770000204176E01_DRCL,True,data/msl/extracted/msl-labeled-data-set-v2.1/images/0783MR0033770000204176E01_DRCL.jpg,0783MR0033770000204176E01_DRCL,783,mastcam_right,Artifact
0037ML0000990110101053Q01_DRCL.jpg,15,train,0037ML0000990110101053Q01_DRCL,True,data/msl/extracted/msl-labeled-data-set-v2.1/images/0037ML0000990110101053Q01_DRCL.jpg,0037ML0000990110101053Q01_DRCL,37,mastcam_left,Sun
0042MR0001810030101255K00_DRCL.jpg,15,train,0042MR0001810030101255K00_DRCL,True,data/msl/extracted/msl-labeled-data-set-v2.1/images/0042MR0001810030101255K00_DRCL.jpg,0042MR0001810030101255K00_DRCL,42,mastcam_right,Sun
0037ML0000990110101291Q01_DRCL.jpg,15,train,0037ML0000990110101291Q01_DRCL,True,data/msl/extracted/msl-labeled-data-set-v2.1/images/0037ML0000990110101291Q01_DRCL.jpg,0037ML0000990110101291Q01_DRCL,37,mastcam_left,Sun
0042MR0001810030101288K00_DRCL.jpg,15,train,0042MR0001810030101288K00_DRCL,True,data/msl/extracted/msl-labeled-data-set-v2.1/images/0042MR0001810030101288K00_DRCL.jpg,0042MR0001810030101288K00_DRCL,42,mastcam_right,Sun
0042ML0001830110101883Q01_DRCL.jpg,15,train,0042ML0001830110101883Q01_DRCL,True,data/msl/extracted/msl-labeled-data-set-v2.1/images/0042ML0001830110101883Q01_DRCL.jpg,0042ML0001830110101883Q01_DRCL,42,mastcam_left,Sun
0042ML0001810030101514Q01_DRCL.jpg,15,train,0042ML0001810030101514Q01_DRCL,True,data/msl/extracted/msl-labeled-data-set-v2.1/images/0042ML0001810030101514Q01_DRCL.jpg,0042ML0001810030101514Q01_DRCL,42,mastcam_left,Sun
0037ML0000990110100972Q01_DRCL.jpg,15,train,0037ML0000990110100972Q01_DRCL,True,data/msl/extracted/msl-labeled-data-set-v2.1/images/0037ML0000990110100972Q01_DRCL.jpg,0037ML0000990110100972Q01_DRCL,37,mastcam_left,Sun
0042ML0001810030101509Q01_DRCL.jpg,15,train,0042ML0001810030101509Q01_DRCL,True,data/msl/extracted/msl-labeled-data-set-v2.1/images/0042ML0001810030101509Q01_DRCL.jpg,0042ML0001810030101509Q01_DRCL,42,mastcam_left,Sun
0178MH0001490020102473I01_DRCL.jpg,4,train,0178MH0001490020102473I01_DRCL,True,data/msl/extracted/msl-labeled-data-set-v2.1/images/0178MH0001490020102473I01_DRCL.jpg,0178MH0001490020102473I01_DRCL,178,mahli,Close-up rock
0323ML0013140170107810E01_DRCL.jpg,3,train,0323ML0013140170107810E01_DRCL,True,data/msl/extracted/msl-labeled-data-set-v2.1/images/0323ML0013140170107810E01_DRCL.jpg,0323ML0013140170107810E01_DRCL,323,mastcam_left,Nearby surface
0042ML0001810030101401Q01_DRCL.jpg,15,train,0042ML0001810030101401Q01_DRCL,True,data/msl/extracted/msl-labeled-data-set-v2.1/images/0042ML0001810030101401Q01_DRCL.jpg,0042ML0001810030101401Q01_DRCL,42,mastcam_left,Sun
0116MR0007280130200649D01_DRCL.jpg,3,train,0116MR0007280130200649D01_DRCL,True,data/msl/extracted/msl-labeled-data-set-v2.1/images/0116MR0007280130200649D01_DRCL.jpg,0116MR0007280130200649D01_DRCL,116,mastcam_right,Nearby surface
0037ML0000990110101049Q01_DRCL.jpg,15,train,0037ML0000990110101049Q01_DRCL,True,data/msl/extracted/msl-labeled-data-set-v2.1/images/0037ML0000990110101049Q01_DRCL.jpg,0037ML0000990110101049Q01_DRCL,37,mastcam_left,Sun
0042ML0001810030101402Q01_DRCL.jpg,15,train,0042ML0001810030101402Q01_DRCL,True,data/msl/extracted/msl-labeled-data-set-v2.1/images/0042ML0001810030101402Q01_DRCL.jpg,0042ML0001810030101402Q01_DRCL,42,mastcam_left,Sun
0735ML0031520200205308E01_DRCL.jpg,3,train,0735ML0031520200205308E01_DRCL,True,data/msl/extracted/msl-labeled-data-set-v2.1/images/0735ML0031520200205308E01_DRCL.jpg,0735ML0031520200205308E01_DRCL,735,mastcam_left,Nearby surface
0069MH0000820010100760E01_DRCL.jpg,4,train,0069MH0000820010100760E01_DRCL,True,data/msl/extracted/msl-labeled-data-set-v2.1/images/0069MH0000820010100760E01_DRCL.jpg,0069MH0000820010100760E01_DRCL,69,mahli,Close-up rock
0114MR0006990100200609D01_DRCL.jpg,11,train,0114MR0006990100200609D01_DRCL,True,data/msl/extracted/msl-labeled-data-set-v2.1/images/0114MR0006990100200609D01_DRCL.jpg,0114MR0006990100200609D01_DRCL,114,mastcam_right,Layers
0037ML0000990110100961Q01_DRCL.jpg,15,train,0037ML0000990110100961Q01_DRCL,True,data/msl/extracted/msl-labeled-data-set-v2.1/images/0037ML0000990110100961Q01_DRCL.jpg,0037ML0000990110100961Q01_DRCL,37,mastcam_left,Sun
0042ML0001830110101639Q01_DRCL.jpg,15,train,0042ML0001830110101639Q01_DRCL,True,data/msl/extracted/msl-labeled-data-set-v2.1/images/0042ML0001830110101639Q01_DRCL.jpg,0042ML0001830110101639Q01_DRCL,42,mastcam_left,Sun
0613MH0003900000203392E00_DRCL.jpg,1,train,0613MH0003900000203392E00_DRCL,True,data/msl/extracted/msl-labeled-data-set-v2.1/images/0613MH0003900000203392E00_DRCL.jpg,0613MH0003900000203392E00_DRCL,613,mahli,Other rover part
0903MR0039510110501337C00_DRCL.jpg,14,train,0903MR0039510110501337C00_DRCL,True,data/msl/extracted/msl-labeled-data-set-v2.1/images/0903MR0039510110501337C00_DRCL.jpg,0903MR0039510110501337C00_DRCL,903,mastcam_right,Sand
0796MR0034760220500168E01_DRCL.jpg,11,train,0796MR0034760220500168E01_DRCL,True,data/msl/extracted/msl-labeled-data-set-v2.1/images/0796MR0034760220500168E01_DRCL.jpg,0796MR0034760220500168E01_DRCL,796,mastcam_right,Layers
0631MR0026080120401642E01_DRCL.jpg,11,train,0631MR0026080120401642E01_DRCL,True,data/msl/extracted/msl-labeled-data-set-v2.1/images/0631MR0026080120401642E01_DRCL.jpg,0631MR0026080120401642E01_DRCL,631,mastcam_right,Layers
0634ML0026910020302636E01_DRCL.jpg,16,train,0634ML0026910020302636E01_DRCL,True,data/msl/extracted/msl-labeled-data-set-v2.1/images/0634ML0026910020302636E01_DRCL.jpg,0634ML0026910020302636E01_DRCL,634,mastcam_left,Wheel
0137ML0008181070104252E01_DRCL.jpg,17,train,0137ML0008181070104252E01_DRCL,True,data/msl/extracted/msl-labeled-data-set-v2.1/images/0137ML0008181070104252E01_DRCL.jpg,0137ML0008181070104252E01_DRCL,137,mastcam_left,Wheel joint
0628MH0004100010203668C00_DRCL.jpg,8,train,0628MH0004100010203668C00_DRCL,True,data/msl/extracted/msl-labeled-data-set-v2.1/images/0628MH0004100010203668C00_DRCL.jpg,0628MH0004100010203668C00_DRCL,628,mahli,Drill hole
0173MR0008940000201798C00_DRCL.jpg,1,train,0173MR0008940000201798C00_DRCL,True,data/msl/extracted/msl-labeled-data-set-v2.1/images/0173MR0008940000201798C00_DRCL.jpg,0173MR0008940000201798C00_DRCL,173,mastcam_right,Other rover part
0304MH0002970010103881C00_DRCL.jpg,12,train,0304MH0002970010103881C00_DRCL,True,data/msl/extracted/msl-labeled-data-set-v2.1/images/0304MH0002970010103881C00_DRCL.jpg,0304MH0002970010103881C00_DRCL,304,mahli,Light-toned veins
0581MR0024300120400269I01_DRCL.jpg,2,train,0581MR0024300120400269I01_DRCL,True,data/msl/extracted/msl-labeled-data-set-v2.1/images/0581MR0024300120400269I01_DRCL.jpg,0581MR0024300120400269I01_DRCL,581,mastcam_right,Artifact
0844MR0037530020500954C00_DRCL.jpg,7,train,0844MR0037530020500954C00_DRCL,True,data/msl/extracted/msl-labeled-data-set-v2.1/images/0844MR0037530020500954C00_DRCL.jpg,0844MR0037530020500954C00_DRCL,844,mastcam_right,Distant landscape
0581ML0024250000300291I01_DRCL.jpg,1,train,0581ML0024250000300291I01_DRCL,True,data/msl/extracted/msl-labeled-data-set-v2.1/images/0581ML0024250000300291I01_DRCL.jpg,0581ML0024250000300291I01_DRCL,581,mastcam_left,Other rover part
0317MR0012990050300593E01_DRCL.jpg,3,train,0317MR0012990050300593E01_DRCL,True,data/msl/extracted/msl-labeled-data-set-v2.1/images/0317MR0012990050300593E01_DRCL.jpg,0317MR0012990050300593E01_DRCL,317,mastcam_right,Nearby surface
0071ML0004990020102594I01_DRCL.jpg,2,train,0071ML0004990020102594I01_DRCL,True,data/msl/extracted/msl-labeled-data-set-v2.1/images/0071ML0004990020102594I01_DRCL.jpg,0071ML0004990020102594I01_DRCL,71,mastcam_left,Artifact
0044ML0002050020102087D01_DRCL.jpg,13,train,0044ML0002050020102087D01_DRCL,True,data/msl/extracted/msl-labeled-data-set-v2.1/images/0044ML0002050020102087D01_DRCL.jpg,0044ML0002050020102087D01_DRCL,44,mastcam_left,Mastcam cal target
0292ML0012330010106382E01_DRCL.jpg,8,train,0292ML0012330010106382E01_DRCL,True,data/msl/extracted/msl-labeled-data-set-v2.1/images/0292ML0012330010106382E01_DRCL.jpg,0292ML0012330010106382E01_DRCL,292,mastcam_left,Drill hole
0609ML0025690220301572E01_DRCL.jpg,14,train,0609ML0025690220301572E01_DRCL,True,data/msl/extracted/msl-labeled-data-set-v2.1/images/0609ML0025690220301572E01_DRCL.jpg,0609ML0025690220301572E01_DRCL,609,mastcam_left,Sand
0752ML0032320940206202E01_DRCL.jpg,17,train,0752ML0032320940206202E01_DRCL,True,data/msl/extracted/msl-labeled-data-set-v2.1/images/0752ML0032320940206202E01_DRCL.jpg,0752ML0032320940206202E01_DRCL,752,mastcam_left,Wheel joint
0703MR0029770260402313E01_DRCL.jpg,14,train,0703MR0029770260402313E01_DRCL,True,data/msl/extracted/msl-labeled-data-set-v2.1/images/0703MR0029770260402313E01_DRCL.jpg,0703MR0029770260402313E01_DRCL,703,mastcam_right,Sand
0617MR0026001430401225E01_DRCL.jpg,11,train,0617MR0026001430401225E01_DRCL,True,data/msl/extracted/msl-labeled-data-set-v2.1/images/0617MR0026001430401225E01_DRCL.jpg,0617MR0026001430401225E01_DRCL,617,mastcam_right,Layers
0868MH0003900000302207E01_DRCL.jpg,1,train,0868MH0003900000302207E01_DRCL,True,data/msl/extracted/msl-labeled-data-set-v2.1/images/0868MH0003900000302207E01_DRCL.jpg,0868MH0003900000302207E01_DRCL,868,mahli,Other rover part
0081ML0004430000102822I01_DRCL.jpg,1,train,0081ML0004430000102822I01_DRCL,True,data/msl/extracted/msl-labeled-data-set-v2.1/images/0081ML0004430000102822I01_DRCL.jpg,0081ML0004430000102822I01_DRCL,81,mastcam_left,Other rover part
0319MR0013060050300810E01_DRCL.jpg,10,train,0319MR0013060050300810E01_DRCL,True,data/msl/extracted/msl-labeled-data-set-v2.1/images/0319MR0013060050300810E01_DRCL.jpg,0319MR0013060050300810E01_DRCL,319,mastcam_right,Float
0898ML0039401220402095C00_DRCL.jpg,17,train,0898ML0039401220402095C00_DRCL,True,data/msl/extracted/msl-labeled-data-set-v2.1/images/0898ML0039401220402095C00_DRCL.jpg,0898ML0039401220402095C00_DRCL,898,mastcam_left,Wheel joint
0174ML0009360230105212C00_DRCL.jpg,2,train,0174ML0009360230105212C00_DRCL,True,data/msl/extracted/msl-labeled-data-set-v2.1/images/0174ML0009360230105212C00_DRCL.jpg,0174ML0009360230105212C00_DRCL,174,mastcam_left,Artifact
0490ML0019420010202468E01_DRCL.jpg,17,train,0490ML0019420010202468E01_DRCL,True,data/msl/extracted/msl-labeled-data-set-v2.1/images/0490ML0019420010202468E01_DRCL.jpg,0490ML0019420010202468E01_DRCL,490,mastcam_left,Wheel joint
0369MR0015020000301689L01_DRCL.jpg,15,train,0369MR0015020000301689L01_DRCL,True,data/msl/extracted/msl-labeled-data-set-v2.1/images/0369MR0015020000301689L01_DRCL.jpg,0369MR0015020000301689L01_DRCL,369,mastcam_right,Sun
0704MH0002990020204148I01_DRCL.jpg,3,train,0704MH0002990020204148I01_DRCL,True,data/msl/extracted/msl-labeled-data-set-v2.1/images/0704MH0002990020204148I01_DRCL.jpg,0704MH0002990020204148I01_DRCL,704,mahli,Nearby surface
0076ML0005250000102703E01_DRCL.jpg,1,train,0076ML0005250000102703E01_DRCL,True,data/msl/extracted/msl-labeled-data-set-v2.1/images/0076ML0005250000102703E01_DRCL.jpg,0076ML0005250000102703E01_DRCL,76,mastcam_left,Other rover part
0868MH0003900000302213E01_DRCL.jpg,1,train,0868MH0003900000302213E01_DRCL,True,data/msl/extracted/msl-labeled-data-set-v2.1/images/0868MH0003900000302213E01_DRCL.jpg,0868MH0003900000302213E01_DRCL,868,mahli,Other rover part
0704ML0029500000304533E01_DRCL.jpg,1,train,0704ML0029500000304533E01_DRCL,True,data/msl/extracted/msl-labeled-data-set-v2.1/images/0704ML0029500000304533E01_DRCL.jpg,0704ML0029500000304533E01_DRCL,704,mastcam_left,Other rover part
0313ML0012860590106867E01_DRCL.jpg,1,train,0313ML0012860590106867E01_DRCL,True,data/msl/extracted/msl-labeled-data-set-v2.1/images/0313ML0012860590106867E01_DRCL.jpg,0313ML0012860590106867E01_DRCL,313,mastcam_left,Other rover part
0741ML0031820250205551E01_DRCL.jpg,3,train,0741ML0031820250205551E01_DRCL,True,data/msl/extracted/msl-labeled-data-set-v2.1/images/0741ML0031820250205551E01_DRCL.jpg,0741ML0031820250205551E01_DRCL,741,mastcam_left,Nearby surface
0640MH0002590000203784E01_DRCL.jpg,16,train,0640MH0002590000203784E01_DRCL,True,data/msl/extracted/msl-labeled-data-set-v2.1/images/0640MH0002590000203784E01_DRCL.jpg,0640MH0002590000203784E01_DRCL,640,mahli,Wheel
0226ML0010900010106054I01_DRCL.jpg,2,train,0226ML0010900010106054I01_DRCL,True,data/msl/extracted/msl-labeled-data-set-v2.1/images/0226ML0010900010106054I01_DRCL.jpg,0226ML0010900010106054I01_DRCL,226,mastcam_left,Artifact
0174ML0009350030105180I01_DRCL.jpg,2,train,0174ML0009350030105180I01_DRCL,True,data/msl/extracted/msl-labeled-data-set-v2.1/images/0174ML0009350030105180I01_DRCL.jpg,0174ML0009350030105180I01_DRCL,174,mastcam_left,Artifact
0533ML0021120020203489E01_DRCL.jpg,0,train,0533ML0021120020203489E01_DRCL,True,data/msl/extracted/msl-labeled-data-set-v2.1/images/0533ML0021120020203489E01_DRCL.jpg,0533ML0021120020203489E01_DRCL,533,mastcam_left,Arm cover
0935MH0004770010303294C00_DRCL.jpg,4,train,0935MH0004770010303294C00_DRCL,True,data/msl/extracted/msl-labeled-data-set-v2.1/images/0935MH0004770010303294C00_DRCL.jpg,0935MH0004770010303294C00_DRCL,935,mahli,Close-up rock
0126ML0007830010103926E01_DRCL.jpg,3,train,0126ML0007830010103926E01_DRCL,True,data/msl/extracted/msl-labeled-data-set-v2.1/images/0126ML0007830010103926E01_DRCL.jpg,0126ML0007830010103926E01_DRCL,126,mastcam_left,Nearby surface
0469MH0002600010200214I01_DRCL.jpg,16,train,0469MH0002600010200214I01_DRCL,True,data/msl/extracted/msl-labeled-data-set-v2.1/images/0469MH0002600010200214I01_DRCL.jpg,0469MH0002600010200214I01_DRCL,469,mahli,Wheel
0927MR0040760020501740I01_DRCL.jpg,2,train,0927MR0040760020501740I01_DRCL,True,data/msl/extracted/msl-labeled-data-set-v2.1/images/0927MR0040760020501740I01_DRCL.jpg,0927MR0040760020501740I01_DRCL,927,mastcam_right,Artifact
0057MR0002630030103109E01_DRCL.jpg,18,train,0057MR0002630030103109E01_DRCL,True,data/msl/extracted/msl-labeled-data-set-v2.1/images/0057MR0002630030103109E01_DRCL.jpg,0057MR0002630030103109E01_DRCL,57,mastcam_right,Wheel tracks
0270MH0002540050102799E01_DRCL.jpg,8,train,0270MH0002540050102799E01_DRCL,True,data/msl/extracted/msl-labeled-data-set-v2.1/images/0270MH0002540050102799E01_DRCL.jpg,0270MH0002540050102799E01_DRCL,270,mahli,Drill hole
0803ML0035090030400856E01_DRCL.jpg,16,train,0803ML0035090030400856E01_DRCL,True,data/msl/extracted/msl-labeled-data-set-v2.1/images/0803ML0035090030400856E01_DRCL.jpg,0803ML0035090030400856E01_DRCL,803,mastcam_left,Wheel
0946MH0004870060303735I01_DRCL.jpg,4,train,0946MH0004870060303735I01_DRCL,True,data/msl/extracted/msl-labeled-data-set-v2.1/images/0946MH0004870060303735I01_DRCL.jpg,0946MH0004870060303735I01_DRCL,946,mahli,Close-up rock
0814MR0035840000500433E01_DRCL.jpg,5,train,0814MR0035840000500433E01_DRCL,True,data/msl/extracted/msl-labeled-data-set-v2.1/images/0814MR0035840000500433E01_DRCL.jpg,0814MR0035840000500433E01_DRCL,814,mastcam_right,DRT
0513ML0020160050202888E01_DRCL.jpg,16,train,0513ML0020160050202888E01_DRCL,True,data/msl/extracted/msl-labeled-data-set-v2.1/images/0513ML0020160050202888E01_DRCL.jpg,0513ML0020160050202888E01_DRCL,513,mastcam_left,Wheel
0316ML0012930110107323E01_DRCL.jpg,3,train,0316ML0012930110107323E01_DRCL,True,data/msl/extracted/msl-labeled-data-set-v2.1/images/0316ML0012930110107323E01_DRCL.jpg,0316ML0012930110107323E01_DRCL,316,mastcam_left,Nearby surface
0812ML0035670000401004E01_DRCL.jpg,3,train,0812ML0035670000401004E01_DRCL,True,data/msl/extracted/msl-labeled-data-set-v2.1/images/0812ML0035670000401004E01_DRCL.jpg,0812ML0035670000401004E01_DRCL,812,mastcam_left,Nearby surface
0828MH0004520020301700C00_DRCL.jpg,11,train,0828MH0004520020301700C00_DRCL,True,data/msl/extracted/msl-labeled-data-set-v2.1/images/0828MH0004520020301700C00_DRCL.jpg,0828MH0004520020301700C00_DRCL,828,mahli,Layers
0042MR0001810030101458Q01_DRCL.jpg,2,train,0042MR0001810030101458Q01_DRCL,True,data/msl/extracted/msl-labeled-data-set-v2.1/images/0042MR0001810030101458Q01_DRCL.jpg,0042MR0001810030101458Q01_DRCL,42,mastcam_right,Artifact
0160MR0008660130201392D01_DRCL.jpg,10,train,0160MR0008660130201392D01_DRCL,True,data/msl/extracted/msl-labeled-data-set-v2.1/images/0160MR0008660130201392D01_DRCL.jpg,0160MR0008660130201392D01_DRCL,160,mastcam_right,Float
0327ML0013290170107897E01_DRCL.jpg,3,train,0327ML0013290170107897E01_DRCL,True,data/msl/extracted/msl-labeled-data-set-v2.1/images/0327ML0013290170107897E01_DRCL.jpg,0327ML0013290170107897E01_DRCL,327,mastcam_left,Nearby surface
0773ML0033470090400167D01_DRCL.jpg,8,train,0773ML0033470090400167D01_DRCL,True,data/msl/extracted/msl-labeled-data-set-v2.1/images/0773ML0033470090400167D01_DRCL.jpg,0773ML0033470090400167D01_DRCL,773,mastcam_left,Drill hole
0170ML0009050340104713E01_DRCL.jpg,1,train,0170ML0009050340104713E01_DRCL,True,data/msl/extracted/msl-labeled-data-set-v2.1/images/0170ML0009050340104713E01_DRCL.jpg,0170ML0009050340104713E01_DRCL,170,mastcam_left,Other rover part
0078ML0005810000102763E01_DRCL.jpg,1,train,0078ML0005810000102763E01_DRCL,True,data/msl/extracted/msl-labeled-data-set-v2.1/images/0078ML0005810000102763E01_DRCL.jpg,0078ML0005810000102763E01_DRCL,78,mastcam_left,Other rover part
0038MR0001690020101193C00_DRCL.jpg,13,train,0038MR0001690020101193C00_DRCL,True,data/msl/extracted/msl-labeled-data-set-v2.1/images/0038MR0001690020101193C00_DRCL.jpg,0038MR0001690020101193C00_DRCL,38,mastcam_right,Mastcam cal target
0744ML0031970040205739E01_DRCL.jpg,16,train,0744ML0031970040205739E01_DRCL,True,data/msl/extracted/msl-labeled-data-set-v2.1/images/0744ML0031970040205739E01_DRCL.jpg,0744ML0031970040205739E01_DRCL,744,mastcam_left,Wheel
0315ML0012910750107201E01_DRCL.jpg,3,train,0315ML0012910750107201E01_DRCL,True,data/msl/extracted/msl-labeled-data-set-v2.1/images/0315ML0012910750107201E01_DRCL.jpg,0315ML0012910750107201E01_DRCL,315,mastcam_left,Nearby surface
0647ML0027511260303042E01_DRCL.jpg,16,train,0647ML0027511260303042E01_DRCL,True,data/msl/extracted/msl-labeled-data-set-v2.1/images/0647ML0027511260303042E01_DRCL.jpg,0647ML0027511260303042E01_DRCL,647,mastcam_left,Wheel
0840ML0037090000401385E01_DRCL.jpg,1,train,0840ML0037090000401385E01_DRCL,True,data/msl/extracted/msl-labeled-data-set-v2.1/images/0840ML0037090000401385E01_DRCL.jpg,0840ML0037090000401385E01_DRCL,840,mastcam_left,Other rover part
0728MR0031210030402960D01_DRCL.jpg,14,train,0728MR0031210030402960D01_DRCL,True,data/msl/extracted/msl-labeled-data-set-v2.1/images/0728MR0031210030402960D01_DRCL.jpg,0728MR0031210030402960D01_DRCL,728,mastcam_right,Sand
0066ML0002960100102453E01_DRCL.jpg,3,train,0066ML0002960100102453E01_DRCL,True,data/msl/extracted/msl-labeled-data-set-v2.1/images/0066ML0002960100102453E01_DRCL.jpg,0066ML0002960100102453E01_DRCL,66,mastcam_left,Nearby surface
0058MH0000230020100425I01_DRCL.jpg,18,train,0058MH0000230020100425I01_DRCL,True,data/msl/extracted/msl-labeled-data-set-v2.1/images/0058MH0000230020100425I01_DRCL.jpg,0058MH0000230020100425I01_DRCL,58,mahli,Wheel tracks
0549ML0022160040204128E01_DRCL.jpg,16,train,0549ML0022160040204128E01_DRCL,True,data/msl/extracted/msl-labeled-data-set-v2.1/images/0549ML0022160040204128E01_DRCL.jpg,0549ML0022160040204128E01_DRCL,549,mastcam_left,Wheel
0093ML0005470000102914E01_DRCL.jpg,1,train,0093ML0005470000102914E01_DRCL,True,data/msl/extracted/msl-labeled-data-set-v2.1/images/0093ML0005470000102914E01_DRCL.jpg,0093ML0005470000102914E01_DRCL,93,mastcam_left,Other rover part
0078ML0005840030102778I01_DRCL.jpg,2,train,0078ML0005840030102778I01_DRCL,True,data/msl/extracted/msl-labeled-data-set-v2.1/images/0078ML0005840030102778I01_DRCL.jpg,0078ML0005840030102778I01_DRCL,78,mastcam_left,Artifact
0613MH0003900000203356E00_DRCL.jpg,1,train,0613MH0003900000203356E00_DRCL,True,data/msl/extracted/msl-labeled-data-set-v2.1/images/0613MH0003900000203356E00_DRCL.jpg,0613MH0003900000203356E00_DRCL,613,mahli,Other rover part
0172MR0009280080201667E01_DRCL.jpg,13,train,0172MR0009280080201667E01_DRCL,True,data/msl/extracted/msl-labeled-data-set-v2.1/images/0172MR0009280080201667E01_DRCL.jpg,0172MR0009280080201667E01_DRCL,172,mastcam_right,Mastcam cal target
0306MR0012660110203896E01_DRCL.jpg,4,train,0306MR0012660110203896E01_DRCL,True,data/msl/extracted/msl-labeled-data-set-v2.1/images/0306MR0012660110203896E01_DRCL.jpg,0306MR0012660110203896E01_DRCL,306,mastcam_right,Close-up rock
0128MR0005390000200816E01_DRCL.jpg,1,train,0128MR0005390000200816E01_DRCL,True,data/msl/extracted/msl-labeled-data-set-v2.1/images/0128MR0005390000200816E01_DRCL.jpg,0128MR0005390000200816E01_DRCL,128,mastcam_right,Other rover part
0610ML0025680780301654E01_DRCL.jpg,1,train,0610ML0025680780301654E01_DRCL,True,data/msl/extracted/msl-labeled-data-set-v2.1/images/0610ML0025680780301654E01_DRCL.jpg,0610ML0025680780301654E01_DRCL,610,mastcam_left,Other rover part
0881MH0004210020302446I01_DRCL.jpg,8,train,0881MH0004210020302446I01_DRCL,True,data/msl/extracted/msl-labeled-data-set-v2.1/images/0881MH0004210020302446I01_DRCL.jpg,0881MH0004210020302446I01_DRCL,881,mahli,Drill hole
0740MR0031700010403136E01_DRCL.jpg,3,train,0740MR0031700010403136E01_DRCL,True,data/msl/extracted/msl-labeled-data-set-v2.1/images/0740MR0031700010403136E01_DRCL.jpg,0740MR0031700010403136E01_DRCL,740,mastcam_right,Nearby surface
0532ML0021090020203466E01_DRCL.jpg,1,train,0532ML0021090020203466E01_DRCL,True,data/msl/extracted/msl-labeled-data-set-v2.1/images/0532ML0021090020203466E01_DRCL.jpg,0532ML0021090020203466E01_DRCL,532,mastcam_left,Other rover part
0828MH0004520020301673C00_DRCL.jpg,11,train,0828MH0004520020301673C00_DRCL,True,data/msl/extracted/msl-labeled-data-set-v2.1/images/0828MH0004520020301673C00_DRCL.jpg,0828MH0004520020301673C00_DRCL,828,mahli,Layers
0494ML0019640000202513E01_DRCL.jpg,17,train,0494ML0019640000202513E01_DRCL,True,data/msl/extracted/msl-labeled-data-set-v2.1/images/0494ML0019640000202513E01_DRCL.jpg,0494ML0019640000202513E01_DRCL,494,mastcam_left,Wheel joint
0679MH0002620000203973E01_DRCL.jpg,16,train,0679MH0002620000203973E01_DRCL,True,data/msl/extracted/msl-labeled-data-set-v2.1/images/0679MH0002620000203973E01_DRCL.jpg,0679MH0002620000203973E01_DRCL,679,mahli,Wheel
0576MR0023680060304129E01_DRCL.jpg,3,train,0576MR0023680060304129E01_DRCL,True,data/msl/extracted/msl-labeled-data-set-v2.1/images/0576MR0023680060304129E01_DRCL.jpg,0576MR0023680060304129E01_DRCL,576,mastcam_right,Nearby surface
0679ML0028870040303976E01_DRCL.jpg,16,train,0679ML0028870040303976E01_DRCL,True,data/msl/extracted/msl-labeled-data-set-v2.1/images/0679ML0028870040303976E01_DRCL.jpg,0679ML0028870040303976E01_DRCL,679,mastcam_left,Wheel
0060MH0000370010100560E01_DRCL.jpg,16,train,0060MH0000370010100560E01_DRCL,True,data/msl/extracted/msl-labeled-data-set-v2.1/images/0060MH0000370010100560E01_DRCL.jpg,0060MH0000370010100560E01_DRCL,60,mahli,Wheel
0549MH0002590000201557E01_DRCL.jpg,16,train,0549MH0002590000201557E01_DRCL,True,data/msl/extracted/msl-labeled-data-set-v2.1/images/0549MH0002590000201557E01_DRCL.jpg,0549MH0002590000201557E01_DRCL,549,mahli,Wheel
0379ML0015610050200183D01_DRCL.jpg,13,train,0379ML0015610050200183D01_DRCL,True,data/msl/extracted/msl-labeled-data-set-v2.1/images/0379ML0015610050200183D01_DRCL.jpg,0379ML0015610050200183D01_DRCL,379,mastcam_left,Mastcam cal target
0540ML0021310730203638E01_DRCL.jpg,3,train,0540ML0021310730203638E01_DRCL,True,data/msl/extracted/msl-labeled-data-set-v2.1/images/0540ML0021310730203638E01_DRCL.jpg,0540ML0021310730203638E01_DRCL,540,mastcam_left,Nearby surface
0488ML0019350060202367E01_DRCL.jpg,13,train,0488ML0019350060202367E01_DRCL,True,data/msl/extracted/msl-labeled-data-set-v2.1/images/0488ML0019350060202367E01_DRCL.jpg,0488ML0019350060202367E01_DRCL,488,mastcam_left,Mastcam cal target
0898ML0039400630402036C00_DRCL.jpg,1,train,0898ML0039400630402036C00_DRCL,True,data/msl/extracted/msl-labeled-data-set-v2.1/images/0898ML0039400630402036C00_DRCL.jpg,0898ML0039400630402036C00_DRCL,898,mastcam_left,Other rover part
0066ML0003650000102516Q01_DRCL.jpg,1,train,0066ML0003650000102516Q01_DRCL,True,data/msl/extracted/msl-labeled-data-set-v2.1/images/0066ML0003650000102516Q01_DRCL.jpg,0066ML0003650000102516Q01_DRCL,66,mastcam_left,Other rover part
0894MR0039230000501255E01_DRCL.jpg,1,train,0894MR0039230000501255E01_DRCL,True,data/msl/extracted/msl-labeled-data-set-v2.1/images/0894MR0039230000501255E01_DRCL.jpg,0894MR0039230000501255E01_DRCL,894,mastcam_right,Other rover part
0889MH0001520020302712I01_DRCL.jpg,12,train,0889MH0001520020302712I01_DRCL,True,data/msl/extracted/msl-labeled-data-set-v2.1/images/0889MH0001520020302712I01_DRCL.jpg,0889MH0001520020302712I01_DRCL,889,mahli,Light-toned veins
0173ML0009261260105143E01_DRCL.jpg,3,train,0173ML0009261260105143E01_DRCL,True,data/msl/extracted/msl-labeled-data-set-v2.1/images/0173ML0009261260105143E01_DRCL.jpg,0173ML0009261260105143E01_DRCL,173,mastcam_left,Nearby surface
0753MR0032370040403727E01_DRCL.jpg,3,train,0753MR0032370040403727E01_DRCL,True,data/msl/extracted/msl-labeled-data-set-v2.1/images/0753MR0032370040403727E01_DRCL.jpg,0753MR0032370040403727E01_DRCL,753,mastcam_right,Nearby surface
0291MR0012320000203544E01_DRCL.jpg,5,train,0291MR0012320000203544E01_DRCL,True,data/msl/extracted/msl-labeled-data-set-v2.1/images/0291MR0012320000203544E01_DRCL.jpg,0291MR0012320000203544E01_DRCL,291,mastcam_right,DRT
0372ML0015240030108741E01_DRCL.jpg,10,train,0372ML0015240030108741E01_DRCL,True,data/msl/extracted/msl-labeled-data-set-v2.1/images/0372ML0015240030108741E01_DRCL.jpg,0372ML0015240030108741E01_DRCL,372,mastcam_left,Float
0921MR0040400370501634C00_DRCL.jpg,14,train,0921MR0040400370501634C00_DRCL,True,data/msl/extracted/msl-labeled-data-set-v2.1/images/0921MR0040400370501634C00_DRCL.jpg,0921MR0040400370501634C00_DRCL,921,mastcam_right,Sand
0894ML0038940000401920E01_DRCL.jpg,1,train,0894ML0038940000401920E01_DRCL,True,data/msl/extracted/msl-labeled-data-set-v2.1/images/0894ML0038940000401920E01_DRCL.jpg,0894ML0038940000401920E01_DRCL,894,mastcam_left,Other rover part
0747MR0032150110403490E01_DRCL.jpg,3,train,0747MR0032150110403490E01_DRCL,True,data/msl/extracted/msl-labeled-data-set-v2.1/images/0747MR0032150110403490E01_DRCL.jpg,0747MR0032150110403490E01_DRCL,747,mastcam_right,Nearby surface
0606ML0025560080301450E01_DRCL.jpg,3,train,0606ML0025560080301450E01_DRCL,True,data/msl/extracted/msl-labeled-data-set-v2.1/images/0606ML0025560080301450E01_DRCL.jpg,0606ML0025560080301450E01_DRCL,606,mastcam_left,Nearby surface
0630ML0026050010302411E01_DRCL.jpg,1,train,0630ML0026050010302411E01_DRCL,True,data/msl/extracted/msl-labeled-data-set-v2.1/images/0630ML0026050010302411E01_DRCL.jpg,0630ML0026050010302411E01_DRCL,630,mastcam_left,Other rover part
0082MH0001040020100862I01_DRCL.jpg,2,train,0082MH0001040020100862I01_DRCL,True,data/msl/extracted/msl-labeled-data-set-v2.1/images/0082MH0001040020100862I01_DRCL.jpg,0082MH0001040020100862I01_DRCL,82,mahli,Artifact
0942MH0004810060303575I01_DRCL.jpg,4,train,0942MH0004810060303575I01_DRCL,True,data/msl/extracted/msl-labeled-data-set-v2.1/images/0942MH0004810060303575I01_DRCL.jpg,0942MH0004810060303575I01_DRCL,942,mahli,Close-up rock
0044MR0002011430102522E01_DRCL.jpg,1,train,0044MR0002011430102522E01_DRCL,True,data/msl/extracted/msl-labeled-data-set-v2.1/images/0044MR0002011430102522E01_DRCL.jpg,0044MR0002011430102522E01_DRCL,44,mastcam_right,Other rover part
0753ML0032370240400025E01_DRCL.jpg,3,train,0753ML0032370240400025E01_DRCL,True,data/msl/extracted/msl-labeled-data-set-v2.1/images/0753ML0032370240400025E01_DRCL.jpg,0753ML0032370240400025E01_DRCL,753,mastcam_left,Nearby surface
0832ML0036550000401276D01_DRCL.jpg,13,train,0832ML0036550000401276D01_DRCL,True,data/msl/extracted/msl-labeled-data-set-v2.1/images/0832ML0036550000401276D01_DRCL.jpg,0832ML0036550000401276D01_DRCL,832,mastcam_left,Mastcam cal target
0898ML0039401190402092C00_DRCL.jpg,14,train,0898ML0039401190402092C00_DRCL,True,data/msl/extracted/msl-labeled-data-set-v2.1/images/0898ML0039401190402092C00_DRCL.jpg,0898ML0039401190402092C00_DRCL,898,mastcam_left,Sand
0768MH0004100020300236I01_DRCL.jpg,8,train,0768MH0004100020300236I01_DRCL,True,data/msl/extracted/msl-labeled-data-set-v2.1/images/0768MH0004100020300236I01_DRCL.jpg,0768MH0004100020300236I01_DRCL,768,mahli,Drill hole
0318ML0013040430107601E01_DRCL.jpg,3,train,0318ML0013040430107601E01_DRCL,True,data/msl/extracted/msl-labeled-data-set-v2.1/images/0318ML0013040430107601E01_DRCL.jpg,0318ML0013040430107601E01_DRCL,318,mastcam_left,Nearby surface
0076ML0005680070102721I01_DRCL.jpg,2,train,0076ML0005680070102721I01_DRCL,True,data/msl/extracted/msl-labeled-data-set-v2.1/images/0076ML0005680070102721I01_DRCL.jpg,0076ML0005680070102721I01_DRCL,76,mastcam_left,Artifact
0544MH0003500000201490E01_DRCL.jpg,3,train,0544MH0003500000201490E01_DRCL,True,data/msl/extracted/msl-labeled-data-set-v2.1/images/0544MH0003500000201490E01_DRCL.jpg,0544MH0003500000201490E01_DRCL,544,mahli,Nearby surface
0177MH0002260000102393E01_DRCL.jpg,17,train,0177MH0002260000102393E01_DRCL,True,data/msl/extracted/msl-labeled-data-set-v2.1/images/0177MH0002260000102393E01_DRCL.jpg,0177MH0002260000102393E01_DRCL,177,mahli,Wheel joint
0042MR0001830110101898Q01_DRCL.jpg,2,train,0042MR0001830110101898Q01_DRCL,True,data/msl/extracted/msl-labeled-data-set-v2.1/images/0042MR0001830110101898Q01_DRCL.jpg,0042MR0001830110101898Q01_DRCL,42,mastcam_right,Artifact
0617MR0026000350401117E01_DRCL.jpg,3,train,0617MR0026000350401117E01_DRCL,True,data/msl/extracted/msl-labeled-data-set-v2.1/images/0617MR0026000350401117E01_DRCL.jpg,0617MR0026000350401117E01_DRCL,617,mastcam_right,Nearby surface
0074ML0005060000102662E01_DRCL.jpg,1,train,0074ML0005060000102662E01_DRCL,True,data/msl/extracted/msl-labeled-data-set-v2.1/images/0074ML0005060000102662E01_DRCL.jpg,0074ML0005060000102662E01_DRCL,74,mastcam_left,Other rover part
0720ML0030640060304936D01_DRCL.jpg,3,train,0720ML0030640060304936D01_DRCL,True,data/msl/extracted/msl-labeled-data-set-v2.1/images/0720ML0030640060304936D01_DRCL.jpg,0720ML0030640060304936D01_DRCL,720,mastcam_left,Nearby surface
0003ML0000001640100026D01_DRCL.jpg,1,train,0003ML0000001640100026D01_DRCL,True,data/msl/extracted/msl-labeled-data-set-v2.1/images/0003ML0000001640100026D01_DRCL.jpg,0003ML0000001640100026D01_DRCL,3,mastcam_left,Other rover part
0490MH0002590010200543I01_DRCL.jpg,16,train,0490MH0002590010200543I01_DRCL,True,data/msl/extracted/msl-labeled-data-set-v2.1/images/0490MH0002590010200543I01_DRCL.jpg,0490MH0002590010200543I01_DRCL,490,mahli,Wheel
0744ML0031940260205710E01_DRCL.jpg,3,train,0744ML0031940260205710E01_DRCL,True,data/msl/extracted/msl-labeled-data-set-v2.1/images/0744ML0031940260205710E01_DRCL.jpg,0744ML0031940260205710E01_DRCL,744,mastcam_left,Nearby surface
0319ML0013060170107674E01_DRCL.jpg,11,train,0319ML0013060170107674E01_DRCL,True,data/msl/extracted/msl-labeled-data-set-v2.1/images/0319ML0013060170107674E01_DRCL.jpg,0319ML0013060170107674E01_DRCL,319,mastcam_left,Layers
0060MH0000350000100547I01_DRCL.jpg,4,train,0060MH0000350000100547I01_DRCL,True,data/msl/extracted/msl-labeled-data-set-v2.1/images/0060MH0000350000100547I01_DRCL.jpg,0060MH0000350000100547I01_DRCL,60,mahli,Close-up rock
0628MH0004120010203610I01_DRCL.jpg,8,train,0628MH0004120010203610I01_DRCL,True,data/msl/extracted/msl-labeled-data-set-v2.1/images/0628MH0004120010203610I01_DRCL.jpg,0628MH0004120010203610I01_DRCL,628,mahli,Drill hole
0326ML0013220030107877C00_DRCL.jpg,15,train,0326ML0013220030107877C00_DRCL,True,data/msl/extracted/msl-labeled-data-set-v2.1/images/0326ML0013220030107877C00_DRCL.jpg,0326ML0013220030107877C00_DRCL,326,mastcam_left,Sun
0942MH0004810060303623I01_DRCL.jpg,4,train,0942MH0004810060303623I01_DRCL,True,data/msl/extracted/msl-labeled-data-set-v2.1/images/0942MH0004810060303623I01_DRCL.jpg,0942MH0004810060303623I01_DRCL,942,mahli,Close-up rock
0530ML0021000010203301E01_DRCL.jpg,14,train,0530ML0021000010203301E01_DRCL,True,data/msl/extracted/msl-labeled-data-set-v2.1/images/0530ML0021000010203301E01_DRCL.jpg,0530ML0021000010203301E01_DRCL,530,mastcam_left,Sand
0948MH0004910010303959C00_DRCL.jpg,4,train,0948MH0004910010303959C00_DRCL,True,data/msl/extracted/msl-labeled-data-set-v2.1/images/0948MH0004910010303959C00_DRCL.jpg,0948MH0004910010303959C00_DRCL,948,mahli,Close-up rock
0883MH0004100020302590I01_DRCL.jpg,8,train,0883MH0004100020302590I01_DRCL,True,data/msl/extracted/msl-labeled-data-set-v2.1/images/0883MH0004100020302590I01_DRCL.jpg,0883MH0004100020302590I01_DRCL,883,mahli,Drill hole
0617ML0026001090301949E01_DRCL.jpg,3,train,0617ML0026001090301949E01_DRCL,True,data/msl/extracted/msl-labeled-data-set-v2.1/images/0617ML0026001090301949E01_DRCL.jpg,0617ML0026001090301949E01_DRCL,617,mastcam_left,Nearby surface
0673ML0028661300303849E01_DRCL.jpg,14,train,0673ML0028661300303849E01_DRCL,True,data/msl/extracted/msl-labeled-data-set-v2.1/images/0673ML0028661300303849E01_DRCL.jpg,0673ML0028661300303849E01_DRCL,673,mastcam_left,Sand
0780MR0034050000404089E01_DRCL.jpg,3,train,0780MR0034050000404089E01_DRCL,True,data/msl/extracted/msl-labeled-data-set-v2.1/images/0780MR0034050000404089E01_DRCL.jpg,0780MR0034050000404089E01_DRCL,780,mastcam_right,Nearby surface
0917MR0010350030501504C00_DRCL.jpg,3,train,0917MR0010350030501504C00_DRCL,True,data/msl/extracted/msl-labeled-data-set-v2.1/images/0917MR0010350030501504C00_DRCL.jpg,0917MR0010350030501504C00_DRCL,917,mastcam_right,Nearby surface
0843MR0037520060500918C00_DRCL.jpg,10,train,0843MR0037520060500918C00_DRCL,True,data/msl/extracted/msl-labeled-data-set-v2.1/images/0843MR0037520060500918C00_DRCL.jpg,0843MR0037520060500918C00_DRCL,843,mastcam_right,Float
0387MR0015880070301922D01_DRCL.jpg,7,train,0387MR0015880070301922D01_DRCL,True,data/msl/extracted/msl-labeled-data-set-v2.1/images/0387MR0015880070301922D01_DRCL.jpg,0387MR0015880070301922D01_DRCL,387,mastcam_right,Distant landscape
0617MR0026000720401154E01_DRCL.jpg,3,train,0617MR0026000720401154E01_DRCL,True,data/msl/extracted/msl-labeled-data-set-v2.1/images/0617MR0026000720401154E01_DRCL.jpg,0617MR0026000720401154E01_DRCL,617,mastcam_right,Nearby surface
0869MH0004600010302281C00_DRCL.jpg,3,train,0869MH0004600010302281C00_DRCL,True,data/msl/extracted/msl-labeled-data-set-v2.1/images/0869MH0004600010302281C00_DRCL.jpg,0869MH0004600010302281C00_DRCL,869,mahli,Nearby surface
0232MR0011010630203020E01_DRCL.jpg,10,train,0232MR0011010630203020E01_DRCL,True,data/msl/extracted/msl-labeled-data-set-v2.1/images/0232MR0011010630203020E01_DRCL.jpg,0232MR0011010630203020E01_DRCL,232,mastcam_right,Float
0906ML0039680020402314C00_DRCL.jpg,7,train,0906ML0039680020402314C00_DRCL,True,data/msl/extracted/msl-labeled-data-set-v2.1/images/0906ML0039680020402314C00_DRCL.jpg,0906ML0039680020402314C00_DRCL,906,mastcam_left,Distant landscape
0550ML0022251180204291E01_DRCL.jpg,18,train,0550ML0022251180204291E01_DRCL,True,data/msl/extracted/msl-labeled-data-set-v2.1/images/0550ML0022251180204291E01_DRCL.jpg,0550ML0022251180204291E01_DRCL,550,mastcam_left,Wheel tracks
0819MR0036130000500518E01_DRCL.jpg,5,train,0819MR0036130000500518E01_DRCL,True,data/msl/extracted/msl-labeled-data-set-v2.1/images/0819MR0036130000500518E01_DRCL.jpg,0819MR0036130000500518E01_DRCL,819,mastcam_right,DRT
0270MH0002530020102748I01_DRCL.jpg,8,train,0270MH0002530020102748I01_DRCL,True,data/msl/extracted/msl-labeled-data-set-v2.1/images/0270MH0002530020102748I01_DRCL.jpg,0270MH0002530020102748I01_DRCL,270,mahli,Drill hole
0530ML0021051250203444E01_DRCL.jpg,14,train,0530ML0021051250203444E01_DRCL,True,data/msl/extracted/msl-labeled-data-set-v2.1/images/0530ML0021051250203444E01_DRCL.jpg,0530ML0021051250203444E01_DRCL,530,mastcam_left,Sand
0186MR0009270830202342E01_DRCL.jpg,3,train,0186MR0009270830202342E01_DRCL,True,data/msl/extracted/msl-labeled-data-set-v2.1/images/0186MR0009270830202342E01_DRCL.jpg,0186MR0009270830202342E01_DRCL,186,mastcam_right,Nearby surface
0948MH0004910020304030I01_DRCL.jpg,4,train,0948MH0004910020304030I01_DRCL,True,data/msl/extracted/msl-labeled-data-set-v2.1/images/0948MH0004910020304030I01_DRCL.jpg,0948MH0004910020304030I01_DRCL,948,mahli,Close-up rock
0946MH0004870060303829I01_DRCL.jpg,4,train,0946MH0004870060303829I01_DRCL,True,data/msl/extracted/msl-labeled-data-set-v2.1/images/0946MH0004870060303829I01_DRCL.jpg,0946MH0004870060303829I01_DRCL,946,mahli,Close-up rock
0194MR0010230290202758E01_DRCL.jpg,3,train,0194MR0010230290202758E01_DRCL,True,data/msl/extracted/msl-labeled-data-set-v2.1/images/0194MR0010230290202758E01_DRCL.jpg,0194MR0010230290202758E01_DRCL,194,mastcam_right,Nearby surface
0618MR0026011130401382E01_DRCL.jpg,11,train,0618MR0026011130401382E01_DRCL,True,data/msl/extracted/msl-labeled-data-set-v2.1/images/0618MR0026011130401382E01_DRCL.jpg,0618MR0026011130401382E01_DRCL,618,mastcam_right,Layers
0138MR0008190650201079E01_DRCL.jpg,3,train,0138MR0008190650201079E01_DRCL,True,data/msl/extracted/msl-labeled-data-set-v2.1/images/0138MR0008190650201079E01_DRCL.jpg,0138MR0008190650201079E01_DRCL,138,mastcam_right,Nearby surface
0783ML0033780020400393E01_DRCL.jpg,9,train,0783ML0033780020400393E01_DRCL,True,data/msl/extracted/msl-labeled-data-set-v2.1/images/0783ML0033780020400393E01_DRCL.jpg,0783ML0033780020400393E01_DRCL,783,mastcam_left,Night sky
0003MR0000000250100017D01_DRCL.jpg,13,train,0003MR0000000250100017D01_DRCL,True,data/msl/extracted/msl-labeled-data-set-v2.1/images/0003MR0000000250100017D01_DRCL.jpg,0003MR0000000250100017D01_DRCL,3,mastcam_right,Mastcam cal target
0766ML0032950060400121C00_DRCL.jpg,14,train,0766ML0032950060400121C00_DRCL,True,data/msl/extracted/msl-labeled-data-set-v2.1/images/0766ML0032950060400121C00_DRCL.jpg,0766ML0032950060400121C00_DRCL,766,mastcam_left,Sand
0417MR0017140000302391E01_DRCL.jpg,10,train,0417MR0017140000302391E01_DRCL,True,data/msl/extracted/msl-labeled-data-set-v2.1/images/0417MR0017140000302391E01_DRCL.jpg,0417MR0017140000302391E01_DRCL,417,mastcam_right,Float
0762MR0032730180403823D01_DRCL.jpg,6,train,0762MR0032730180403823D01_DRCL,True,data/msl/extracted/msl-labeled-data-set-v2.1/images/0762MR0032730180403823D01_DRCL.jpg,0762MR0032730180403823D01_DRCL,762,mastcam_right,DRT spot
0613MH0003900000203372E00_DRCL.jpg,1,train,0613MH0003900000203372E00_DRCL,True,data/msl/extracted/msl-labeled-data-set-v2.1/images/0613MH0003900000203372E00_DRCL.jpg,0613MH0003900000203372E00_DRCL,613,mahli,Other rover part
0540MR0021310410303505E01_DRCL.jpg,14,train,0540MR0021310410303505E01_DRCL,True,data/msl/extracted/msl-labeled-data-set-v2.1/images/0540MR0021310410303505E01_DRCL.jpg,0540MR0021310410303505E01_DRCL,540,mastcam_right,Sand
0741ML0031820940205620E01_DRCL.jpg,14,train,0741ML0031820940205620E01_DRCL,True,data/msl/extracted/msl-labeled-data-set-v2.1/images/0741ML0031820940205620E01_DRCL.jpg,0741ML0031820940205620E01_DRCL,741,mastcam_left,Sand
0121ML0007560200103855E01_DRCL.jpg,3,train,0121ML0007560200103855E01_DRCL,True,data/msl/extracted/msl-labeled-data-set-v2.1/images/0121ML0007560200103855E01_DRCL.jpg,0121ML0007560200103855E01_DRCL,121,mastcam_left,Nearby surface
0315MR0012910820300398E01_DRCL.jpg,3,train,0315MR0012910820300398E01_DRCL,True,data/msl/extracted/msl-labeled-data-set-v2.1/images/0315MR0012910820300398E01_DRCL.jpg,0315MR0012910820300398E01_DRCL,315,mastcam_right,Nearby surface
0529ML0020920010203247E01_DRCL.jpg,10,train,0529ML0020920010203247E01_DRCL,True,data/msl/extracted/msl-labeled-data-set-v2.1/images/0529ML0020920010203247E01_DRCL.jpg,0529ML0020920010203247E01_DRCL,529,mastcam_left,Float
0619MR0026020260401419E01_DRCL.jpg,10,train,0619MR0026020260401419E01_DRCL,True,data/msl/extracted/msl-labeled-data-set-v2.1/images/0619MR0026020260401419E01_DRCL.jpg,0619MR0026020260401419E01_DRCL,619,mastcam_right,Float
0580MR0024071380400133E01_DRCL.jpg,3,train,0580MR0024071380400133E01_DRCL,True,data/msl/extracted/msl-labeled-data-set-v2.1/images/0580MR0024071380400133E01_DRCL.jpg,0580MR0024071380400133E01_DRCL,580,mastcam_right,Nearby surface
0744ML0031940250205709E01_DRCL.jpg,14,train,0744ML0031940250205709E01_DRCL,True,data/msl/extracted/msl-labeled-data-set-v2.1/images/0744ML0031940250205709E01_DRCL.jpg,0744ML0031940250205709E01_DRCL,744,mastcam_left,Sand
0511ML0020100010202855E01_DRCL.jpg,3,train,0511ML0020100010202855E01_DRCL,True,data/msl/extracted/msl-labeled-data-set-v2.1/images/0511ML0020100010202855E01_DRCL.jpg,0511ML0020100010202855E01_DRCL,511,mastcam_left,Nearby surface
0833MH0003060020301850I01_DRCL.jpg,11,train,0833MH0003060020301850I01_DRCL,True,data/msl/extracted/msl-labeled-data-set-v2.1/images/0833MH0003060020301850I01_DRCL.jpg,0833MH0003060020301850I01_DRCL,833,mahli,Layers
0803MH0002620000300485E01_DRCL.jpg,16,train,0803MH0002620000300485E01_DRCL,True,data/msl/extracted/msl-labeled-data-set-v2.1/images/0803MH0002620000300485E01_DRCL.jpg,0803MH0002620000300485E01_DRCL,803,mahli,Wheel
0884MH0003900000302636E01_DRCL.jpg,8,train,0884MH0003900000302636E01_DRCL,True,data/msl/extracted/msl-labeled-data-set-v2.1/images/0884MH0003900000302636E01_DRCL.jpg,0884MH0003900000302636E01_DRCL,884,mahli,Drill hole
0295ML0012360030106383C00_DRCL.jpg,15,train,0295ML0012360030106383C00_DRCL,True,data/msl/extracted/msl-labeled-data-set-v2.1/images/0295ML0012360030106383C00_DRCL.jpg,0295ML0012360030106383C00_DRCL,295,mastcam_left,Sun
0531MH0003480000201218I01_DRCL.jpg,4,train,0531MH0003480000201218I01_DRCL,True,data/msl/extracted/msl-labeled-data-set-v2.1/images/0531MH0003480000201218I01_DRCL.jpg,0531MH0003480000201218I01_DRCL,531,mahli,Close-up rock
0292MH0002810020103612I01_DRCL.jpg,8,train,0292MH0002810020103612I01_DRCL,True,data/msl/extracted/msl-labeled-data-set-v2.1/images/0292MH0002810020103612I01_DRCL.jpg,0292MH0002810020103612I01_DRCL,292,mahli,Drill hole
0826MR0036290050500570I01_DRCL.jpg,2,train,0826MR0036290050500570I01_DRCL,True,data/msl/extracted/msl-labeled-data-set-v2.1/images/0826MR0036290050500570I01_DRCL.jpg,0826MR0036290050500570I01_DRCL,826,mastcam_right,Artifact
0520ML0020470010203029E01_DRCL.jpg,17,train,0520ML0020470010203029E01_DRCL,True,data/msl/extracted/msl-labeled-data-set-v2.1/images/0520ML0020470010203029E01_DRCL.jpg,0520ML0020470010203029E01_DRCL,520,mastcam_left,Wheel joint
0173ML0009260010105018E01_DRCL.jpg,10,train,0173ML0009260010105018E01_DRCL,True,data/msl/extracted/msl-labeled-data-set-v2.1/images/0173ML0009260010105018E01_DRCL.jpg,0173ML0009260010105018E01_DRCL,173,mastcam_left,Float
0726MR0031000170402893E01_DRCL.jpg,3,train,0726MR0031000170402893E01_DRCL,True,data/msl/extracted/msl-labeled-data-set-v2.1/images/0726MR0031000170402893E01_DRCL.jpg,0726MR0031000170402893E01_DRCL,726,mastcam_right,Nearby surface
0845ML0037630040401598D01_DRCL.jpg,13,train,0845ML0037630040401598D01_DRCL,True,data/msl/extracted/msl-labeled-data-set-v2.1/images/0845ML0037630040401598D01_DRCL.jpg,0845ML0037630040401598D01_DRCL,845,mastcam_left,Mastcam cal target
0667ML0028420010303621E01_DRCL.jpg,17,train,0667ML0028420010303621E01_DRCL,True,data/msl/extracted/msl-labeled-data-set-v2.1/images/0667ML0028420010303621E01_DRCL.jpg,0667ML0028420010303621E01_DRCL,667,mastcam_left,Wheel joint
0919MR0040390220501594E01_DRCL.jpg,3,train,0919MR0040390220501594E01_DRCL,True,data/msl/extracted/msl-labeled-data-set-v2.1/images/0919MR0040390220501594E01_DRCL.jpg,0919MR0040390220501594E01_DRCL,919,mastcam_right,Nearby surface
0329ML0013330000107906E01_DRCL.jpg,10,train,0329ML0013330000107906E01_DRCL,True,data/msl/extracted/msl-labeled-data-set-v2.1/images/0329ML0013330000107906E01_DRCL.jpg,0329ML0013330000107906E01_DRCL,329,mastcam_left,Float
0924MR0040570070501668E01_DRCL.jpg,10,train,0924MR0040570070501668E01_DRCL,True,data/msl/extracted/msl-labeled-data-set-v2.1/images/0924MR0040570070501668E01_DRCL.jpg,0924MR0040570070501668E01_DRCL,924,mastcam_right,Float
0617MR0026000030401085E01_DRCL.jpg,3,train,0617MR0026000030401085E01_DRCL,True,data/msl/extracted/msl-labeled-data-set-v2.1/images/0617MR0026000030401085E01_DRCL.jpg,0617MR0026000030401085E01_DRCL,617,mastcam_right,Nearby surface
0946MH0004870060303799I01_DRCL.jpg,4,train,0946MH0004870060303799I01_DRCL,True,data/msl/extracted/msl-labeled-data-set-v2.1/images/0946MH0004870060303799I01_DRCL.jpg,0946MH0004870060303799I01_DRCL,946,mahli,Close-up rock
0387MH0003090030104306I01_DRCL.jpg,4,train,0387MH0003090030104306I01_DRCL,True,data/msl/extracted/msl-labeled-data-set-v2.1/images/0387MH0003090030104306I01_DRCL.jpg,0387MH0003090030104306I01_DRCL,387,mahli,Close-up rock
0751MR0032280160403608E01_DRCL.jpg,3,train,0751MR0032280160403608E01_DRCL,True,data/msl/extracted/msl-labeled-data-set-v2.1/images/0751MR0032280160403608E01_DRCL.jpg,0751MR0032280160403608E01_DRCL,751,mastcam_right,Nearby surface
0116MR0007330090200652D01_DRCL.jpg,10,train,0116MR0007330090200652D01_DRCL,True,data/msl/extracted/msl-labeled-data-set-v2.1/images/0116MR0007330090200652D01_DRCL.jpg,0116MR0007330090200652D01_DRCL,116,mastcam_right,Float
0667MH0002590000203888E01_DRCL.jpg,16,train,0667MH0002590000203888E01_DRCL,True,data/msl/extracted/msl-labeled-data-set-v2.1/images/0667MH0002590000203888E01_DRCL.jpg,0667MH0002590000203888E01_DRCL,667,mahli,Wheel
0025MR0001210010100636I01_DRCL.jpg,2,train,0025MR0001210010100636I01_DRCL,True,data/msl/extracted/msl-labeled-data-set-v2.1/images/0025MR0001210010100636I01_DRCL.jpg,0025MR0001210010100636I01_DRCL,25,mastcam_right,Artifact
0807MR0035410040500317E01_DRCL.jpg,3,train,0807MR0035410040500317E01_DRCL,True,data/msl/extracted/msl-labeled-data-set-v2.1/images/0807MR0035410040500317E01_DRCL.jpg,0807MR0035410040500317E01_DRCL,807,mastcam_right,Nearby surface
0864MR0038040020501099E01_DRCL.jpg,3,train,0864MR0038040020501099E01_DRCL,True,data/msl/extracted/msl-labeled-data-set-v2.1/images/0864MR0038040020501099E01_DRCL.jpg,0864MR0038040020501099E01_DRCL,864,mastcam_right,Nearby surface
0840MR0037360250500860C00_DRCL.jpg,11,train,0840MR0037360250500860C00_DRCL,True,data/msl/extracted/msl-labeled-data-set-v2.1/images/0840MR0037360250500860C00_DRCL.jpg,0840MR0037360250500860C00_DRCL,840,mastcam_right,Layers
0568MH0003250050201884I01_DRCL.jpg,7,train,0568MH0003250050201884I01_DRCL,True,data/msl/extracted/msl-labeled-data-set-v2.1/images/0568MH0003250050201884I01_DRCL.jpg,0568MH0003250050201884I01_DRCL,568,mahli,Distant landscape
0186MR0009271140202373E01_DRCL.jpg,3,train,0186MR0009271140202373E01_DRCL,True,data/msl/extracted/msl-labeled-data-set-v2.1/images/0186MR0009271140202373E01_DRCL.jpg,0186MR0009271140202373E01_DRCL,186,mastcam_right,Nearby surface
0164MR0008830480201560D01_DRCL.jpg,4,train,0164MR0008830480201560D01_DRCL,True,data/msl/extracted/msl-labeled-data-set-v2.1/images/0164MR0008830480201560D01_DRCL.jpg,0164MR0008830480201560D01_DRCL,164,mastcam_right,Close-up rock
0943MR0041410040501953D01_DRCL.jpg,4,train,0943MR0041410040501953D01_DRCL,True,data/msl/extracted/msl-labeled-data-set-v2.1/images/0943MR0041410040501953D01_DRCL.jpg,0943MR0041410040501953D01_DRCL,943,mastcam_right,Close-up rock
0153MR0008470000201242E01_DRCL.jpg,10,train,0153MR0008470000201242E01_DRCL,True,data/msl/extracted/msl-labeled-data-set-v2.1/images/0153MR0008470000201242E01_DRCL.jpg,0153MR0008470000201242E01_DRCL,153,mastcam_right,Float
0708ML0030090010304624E01_DRCL.jpg,17,train,0708ML0030090010304624E01_DRCL,True,data/msl/extracted/msl-labeled-data-set-v2.1/images/0708ML0030090010304624E01_DRCL.jpg,0708ML0030090010304624E01_DRCL,708,mastcam_left,Wheel joint
0708MH0002640000204334E01_DRCL.jpg,16,train,0708MH0002640000204334E01_DRCL,True,data/msl/extracted/msl-labeled-data-set-v2.1/images/0708MH0002640000204334E01_DRCL.jpg,0708MH0002640000204334E01_DRCL,708,mahli,Wheel
0173MR0009260240201832E01_DRCL.jpg,3,train,0173MR0009260240201832E01_DRCL,True,data/msl/extracted/msl-labeled-data-set-v2.1/images/0173MR0009260240201832E01_DRCL.jpg,0173MR0009260240201832E01_DRCL,173,mastcam_right,Nearby surface
0521MH0002620000201032E01_DRCL.jpg,16,train,0521MH0002620000201032E01_DRCL,True,data/msl/extracted/msl-labeled-data-set-v2.1/images/0521MH0002620000201032E01_DRCL.jpg,0521MH0002620000201032E01_DRCL,521,mahli,Wheel
0803ML0035130070400879E01_DRCL.jpg,3,train,0803ML0035130070400879E01_DRCL,True,data/msl/extracted/msl-labeled-data-set-v2.1/images/0803ML0035130070400879E01_DRCL.jpg,0803ML0035130070400879E01_DRCL,803,mastcam_left,Nearby surface
0882MH0004000040302500I01_DRCL.jpg,8,train,0882MH0004000040302500I01_DRCL,True,data/msl/extracted/msl-labeled-data-set-v2.1/images/0882MH0004000040302500I01_DRCL.jpg,0882MH0004000040302500I01_DRCL,882,mahli,Drill hole
0610ML0025681370301713E01_DRCL.jpg,14,train,0610ML0025681370301713E01_DRCL,True,data/msl/extracted/msl-labeled-data-set-v2.1/images/0610ML0025681370301713E01_DRCL.jpg,0610ML0025681370301713E01_DRCL,610,mastcam_left,Sand
0137ML0008180190104164E01_DRCL.jpg,7,train,0137ML0008180190104164E01_DRCL,True,data/msl/extracted/msl-labeled-data-set-v2.1/images/0137ML0008180190104164E01_DRCL.jpg,0137ML0008180190104164E01_DRCL,137,mastcam_left,Distant landscape
0303MH0002910020103686I01_DRCL.jpg,4,train,0303MH0002910020103686I01_DRCL,True,data/msl/extracted/msl-labeled-data-set-v2.1/images/0303MH0002910020103686I01_DRCL.jpg,0303MH0002910020103686I01_DRCL,303,mahli,Close-up rock
0930MH0004770050303170C00_DRCL.jpg,4,train,0930MH0004770050303170C00_DRCL,True,data/msl/extracted/msl-labeled-data-set-v2.1/images/0930MH0004770050303170C00_DRCL.jpg,0930MH0004770050303170C00_DRCL,930,mahli,Close-up rock
0441MR0018130040302729E01_DRCL.jpg,3,train,0441MR0018130040302729E01_DRCL,True,data/msl/extracted/msl-labeled-data-set-v2.1/images/0441MR0018130040302729E01_DRCL.jpg,0441MR0018130040302729E01_DRCL,441,mastcam_right,Nearby surface
0595ML0025040070301052E01_DRCL.jpg,3,train,0595ML0025040070301052E01_DRCL,True,data/msl/extracted/msl-labeled-data-set-v2.1/images/0595ML0025040070301052E01_DRCL.jpg,0595ML0025040070301052E01_DRCL,595,mastcam_left,Nearby surface
0771MR0033100010403871E01_DRCL.jpg,3,train,0771MR0033100010403871E01_DRCL,True,data/msl/extracted/msl-labeled-data-set-v2.1/images/0771MR0033100010403871E01_DRCL.jpg,0771MR0033100010403871E01_DRCL,771,mastcam_right,Nearby surface
0609ML0025690050301555E01_DRCL.jpg,3,train,0609ML0025690050301555E01_DRCL,True,data/msl/extracted/msl-labeled-data-set-v2.1/images/0609ML0025690050301555E01_DRCL.jpg,0609ML0025690050301555E01_DRCL,609,mastcam_left,Nearby surface
0173ML0009330030105168D01_DRCL.jpg,13,train,0173ML0009330030105168D01_DRCL,True,data/msl/extracted/msl-labeled-data-set-v2.1/images/0173ML0009330030105168D01_DRCL.jpg,0173ML0009330030105168D01_DRCL,173,mastcam_left,Mastcam cal target
0108MR0006830660200165E01_DRCL.jpg,3,train,0108MR0006830660200165E01_DRCL,True,data/msl/extracted/msl-labeled-data-set-v2.1/images/0108MR0006830660200165E01_DRCL.jpg,0108MR0006830660200165E01_DRCL,108,mastcam_right,Nearby surface
0631MR0026100380401750E01_DRCL.jpg,3,train,0631MR0026100380401750E01_DRCL,True,data/msl/extracted/msl-labeled-data-set-v2.1/images/0631MR0026100380401750E01_DRCL.jpg,0631MR0026100380401750E01_DRCL,631,mastcam_right,Nearby surface
0753ML0032370110400012E01_DRCL.jpg,3,train,0753ML0032370110400012E01_DRCL,True,data/msl/extracted/msl-labeled-data-set-v2.1/images/0753ML0032370110400012E01_DRCL.jpg,0753ML0032370110400012E01_DRCL,753,mastcam_left,Nearby surface
0184ML0009250230105323E01_DRCL.jpg,1,train,0184ML0009250230105323E01_DRCL,True,data/msl/extracted/msl-labeled-data-set-v2.1/images/0184ML0009250230105323E01_DRCL.jpg,0184ML0009250230105323E01_DRCL,184,mastcam_left,Other rover part
0617MR0026000160401098E01_DRCL.jpg,10,train,0617MR0026000160401098E01_DRCL,True,data/msl/extracted/msl-labeled-data-set-v2.1/images/0617MR0026000160401098E01_DRCL.jpg,0617MR0026000160401098E01_DRCL,617,mastcam_right,Float
0159MH0001820020101714I01_DRCL.jpg,4,train,0159MH0001820020101714I01_DRCL,True,data/msl/extracted/msl-labeled-data-set-v2.1/images/0159MH0001820020101714I01_DRCL.jpg,0159MH0001820020101714I01_DRCL,159,mahli,Close-up rock
0194ML0010220050105887E01_DRCL.jpg,1,train,0194ML0010220050105887E01_DRCL,True,data/msl/extracted/msl-labeled-data-set-v2.1/images/0194ML0010220050105887E01_DRCL.jpg,0194ML0010220050105887E01_DRCL,194,mastcam_left,Other rover part
0741ML0031820880205614E01_DRCL.jpg,3,train,0741ML0031820880205614E01_DRCL,True,data/msl/extracted/msl-labeled-data-set-v2.1/images/0741ML0031820880205614E01_DRCL.jpg,0741ML0031820880205614E01_DRCL,741,mastcam_left,Nearby surface
0315ML0012920510107267E01_DRCL.jpg,3,train,0315ML0012920510107267E01_DRCL,True,data/msl/extracted/msl-labeled-data-set-v2.1/images/0315ML0012920510107267E01_DRCL.jpg,0315ML0012920510107267E01_DRCL,315,mastcam_left,Nearby surface
0357ML0014550020108512I01_DRCL.jpg,2,train,0357ML0014550020108512I01_DRCL,True,data/msl/extracted/msl-labeled-data-set-v2.1/images/0357ML0014550020108512I01_DRCL.jpg,0357ML0014550020108512I01_DRCL,357,mastcam_left,Artifact
0172ML0009240960104975E01_DRCL.jpg,3,train,0172ML0009240960104975E01_DRCL,True,data/msl/extracted/msl-labeled-data-set-v2.1/images/0172ML0009240960104975E01_DRCL.jpg,0172ML0009240960104975E01_DRCL,172,mastcam_left,Nearby surface
0529MR0020900020303309D01_DRCL.jpg,14,train,0529MR0020900020303309D01_DRCL,True,data/msl/extracted/msl-labeled-data-set-v2.1/images/0529MR0020900020303309D01_DRCL.jpg,0529MR0020900020303309D01_DRCL,529,mastcam_right,Sand
0538MR0021210130303437E01_DRCL.jpg,3,train,0538MR0021210130303437E01_DRCL,True,data/msl/extracted/msl-labeled-data-set-v2.1/images/0538MR0021210130303437E01_DRCL.jpg,0538MR0021210130303437E01_DRCL,538,mastcam_right,Nearby surface
0181MH0001680020102565C00_DRCL.jpg,4,train,0181MH0001680020102565C00_DRCL,True,data/msl/extracted/msl-labeled-data-set-v2.1/images/0181MH0001680020102565C00_DRCL.jpg,0181MH0001680020102565C00_DRCL,181,mahli,Close-up rock
0595MR0025090480400734E01_DRCL.jpg,3,train,0595MR0025090480400734E01_DRCL,True,data/msl/extracted/msl-labeled-data-set-v2.1/images/0595MR0025090480400734E01_DRCL.jpg,0595MR0025090480400734E01_DRCL,595,mastcam_right,Nearby surface
0164MR0008830110201523D01_DRCL.jpg,3,train,0164MR0008830110201523D01_DRCL,True,data/msl/extracted/msl-labeled-data-set-v2.1/images/0164MR0008830110201523D01_DRCL.jpg,0164MR0008830110201523D01_DRCL,164,mastcam_right,Nearby surface
0921ML0040400480402701C00_DRCL.jpg,14,train,0921ML0040400480402701C00_DRCL,True,data/msl/extracted/msl-labeled-data-set-v2.1/images/0921ML0040400480402701C00_DRCL.jpg,0921ML0040400480402701C00_DRCL,921,mastcam_left,Sand
0544MR0021890100303705D01_DRCL.jpg,13,train,0544MR0021890100303705D01_DRCL,True,data/msl/extracted/msl-labeled-data-set-v2.1/images/0544MR0021890100303705D01_DRCL.jpg,0544MR0021890100303705D01_DRCL,544,mastcam_right,Mastcam cal target
0837ML0036770020401319C00_DRCL.jpg,10,train,0837ML0036770020401319C00_DRCL,True,data/msl/extracted/msl-labeled-data-set-v2.1/images/0837ML0036770020401319C00_DRCL.jpg,0837ML0036770020401319C00_DRCL,837,mastcam_left,Float
0576ML0023680110205052I01_DRCL.jpg,2,train,0576ML0023680110205052I01_DRCL,True,data/msl/extracted/msl-labeled-data-set-v2.1/images/0576ML0023680110205052I01_DRCL.jpg,0576ML0023680110205052I01_DRCL,576,mastcam_left,Artifact
0587MR0024490050400381D01_DRCL.jpg,14,train,0587MR0024490050400381D01_DRCL,True,data/msl/extracted/msl-labeled-data-set-v2.1/images/0587MR0024490050400381D01_DRCL.jpg,0587MR0024490050400381D01_DRCL,587,mastcam_right,Sand
0767MR0033060000403865E01_DRCL.jpg,3,train,0767MR0033060000403865E01_DRCL,True,data/msl/extracted/msl-labeled-data-set-v2.1/images/0767MR0033060000403865E01_DRCL.jpg,0767MR0033060000403865E01_DRCL,767,mastcam_right,Nearby surface
0172MR0009240120201693E01_DRCL.jpg,3,train,0172MR0009240120201693E01_DRCL,True,data/msl/extracted/msl-labeled-data-set-v2.1/images/0172MR0009240120201693E01_DRCL.jpg,0172MR0009240120201693E01_DRCL,172,mastcam_right,Nearby surface
0161MH0001950010101895E01_DRCL.jpg,3,train,0161MH0001950010101895E01_DRCL,True,data/msl/extracted/msl-labeled-data-set-v2.1/images/0161MH0001950010101895E01_DRCL.jpg,0161MH0001950010101895E01_DRCL,161,mahli,Nearby surface
0304MH0002970020103857I01_DRCL.jpg,4,train,0304MH0002970020103857I01_DRCL,True,data/msl/extracted/msl-labeled-data-set-v2.1/images/0304MH0002970020103857I01_DRCL.jpg,0304MH0002970020103857I01_DRCL,304,mahli,Close-up rock
0120ML0007530250103827E01_DRCL.jpg,3,train,0120ML0007530250103827E01_DRCL,True,data/msl/extracted/msl-labeled-data-set-v2.1/images/0120ML0007530250103827E01_DRCL.jpg,0120ML0007530250103827E01_DRCL,120,mastcam_left,Nearby surface
0400MH0003210020104870I01_DRCL.jpg,4,train,0400MH0003210020104870I01_DRCL,True,data/msl/extracted/msl-labeled-data-set-v2.1/images/0400MH0003210020104870I01_DRCL.jpg,0400MH0003210020104870I01_DRCL,400,mahli,Close-up rock
0404ML0016770010200853E01_DRCL.jpg,10,train,0404ML0016770010200853E01_DRCL,True,data/msl/extracted/msl-labeled-data-set-v2.1/images/0404ML0016770010200853E01_DRCL.jpg,0404ML0016770010200853E01_DRCL,404,mastcam_left,Float
0576MR0023680030304126E01_DRCL.jpg,3,train,0576MR0023680030304126E01_DRCL,True,data/msl/extracted/msl-labeled-data-set-v2.1/images/0576MR0023680030304126E01_DRCL.jpg,0576MR0023680030304126E01_DRCL,576,mastcam_right,Nearby surface
0721ML0030850060304976E01_DRCL.jpg,13,train,0721ML0030850060304976E01_DRCL,True,data/msl/extracted/msl-labeled-data-set-v2.1/images/0721ML0030850060304976E01_DRCL.jpg,0721ML0030850060304976E01_DRCL,721,mastcam_left,Mastcam cal target
0609MR0025690180401035E01_DRCL.jpg,14,train,0609MR0025690180401035E01_DRCL,True,data/msl/extracted/msl-labeled-data-set-v2.1/images/0609MR0025690180401035E01_DRCL.jpg,0609MR0025690180401035E01_DRCL,609,mastcam_right,Sand
0170ML0009050880104767E01_DRCL.jpg,3,train,0170ML0009050880104767E01_DRCL,True,data/msl/extracted/msl-labeled-data-set-v2.1/images/0170ML0009050880104767E01_DRCL.jpg,0170ML0009050880104767E01_DRCL,170,mastcam_left,Nearby surface
0025ML0001210110100754I01_DRCL.jpg,2,train,0025ML0001210110100754I01_DRCL,True,data/msl/extracted/msl-labeled-data-set-v2.1/images/0025ML0001210110100754I01_DRCL.jpg,0025ML0001210110100754I01_DRCL,25,mastcam_left,Artifact
0325ML0013190130107863E01_DRCL.jpg,3,train,0325ML0013190130107863E01_DRCL,True,data/msl/extracted/msl-labeled-data-set-v2.1/images/0325ML0013190130107863E01_DRCL.jpg,0325ML0013190130107863E01_DRCL,325,mastcam_left,Nearby surface
0173MR0009261180201926E01_DRCL.jpg,3,train,0173MR0009261180201926E01_DRCL,True,data/msl/extracted/msl-labeled-data-set-v2.1/images/0173MR0009261180201926E01_DRCL.jpg,0173MR0009261180201926E01_DRCL,173,mastcam_right,Nearby surface
0318ML0013040590107617E01_DRCL.jpg,3,train,0318ML0013040590107617E01_DRCL,True,data/msl/extracted/msl-labeled-data-set-v2.1/images/0318ML0013040590107617E01_DRCL.jpg,0318ML0013040590107617E01_DRCL,318,mastcam_left,Nearby surface
0513MH0002640000200926E01_DRCL.jpg,16,train,0513MH0002640000200926E01_DRCL,True,data/msl/extracted/msl-labeled-data-set-v2.1/images/0513MH0002640000200926E01_DRCL.jpg,0513MH0002640000200926E01_DRCL,513,mahli,Wheel
0813MH0004480030301104C00_DRCL.jpg,6,train,0813MH0004480030301104C00_DRCL,True,data/msl/extracted/msl-labeled-data-set-v2.1/images/0813MH0004480030301104C00_DRCL.jpg,0813MH0004480030301104C00_DRCL,813,mahli,DRT spot
0628MH0004100020203684I01_DRCL.jpg,8,train,0628MH0004100020203684I01_DRCL,True,data/msl/extracted/msl-labeled-data-set-v2.1/images/0628MH0004100020203684I01_DRCL.jpg,0628MH0004100020203684I01_DRCL,628,mahli,Drill hole
0618ML0026010680302116E01_DRCL.jpg,3,train,0618ML0026010680302116E01_DRCL,True,data/msl/extracted/msl-labeled-data-set-v2.1/images/0618ML0026010680302116E01_DRCL.jpg,0618ML0026010680302116E01_DRCL,618,mastcam_left,Nearby surface
0747ML0032190200205921E01_DRCL.jpg,7,train,0747ML0032190200205921E01_DRCL,True,data/msl/extracted/msl-labeled-data-set-v2.1/images/0747ML0032190200205921E01_DRCL.jpg,0747ML0032190200205921E01_DRCL,747,mastcam_left,Distant landscape
0728MR0031190060402954E01_DRCL.jpg,3,train,0728MR0031190060402954E01_DRCL,True,data/msl/extracted/msl-labeled-data-set-v2.1/images/0728MR0031190060402954E01_DRCL.jpg,0728MR0031190060402954E01_DRCL,728,mastcam_right,Nearby surface
0620ML0026030230205132E01_DRCL.jpg,11,train,0620ML0026030230205132E01_DRCL,True,data/msl/extracted/msl-labeled-data-set-v2.1/images/0620ML0026030230205132E01_DRCL.jpg,0620ML0026030230205132E01_DRCL,620,mastcam_left,Layers
0292MH0002870010103432C00_DRCL.jpg,2,train,0292MH0002870010103432C00_DRCL,True,data/msl/extracted/msl-labeled-data-set-v2.1/images/0292MH0002870010103432C00_DRCL.jpg,0292MH0002870010103432C00_DRCL,292,mahli,Artifact
0078MR0005760030103838I01_DRCL.jpg,3,train,0078MR0005760030103838I01_DRCL,True,data/msl/extracted/msl-labeled-data-set-v2.1/images/0078MR0005760030103838I01_DRCL.jpg,0078MR0005760030103838I01_DRCL,78,mastcam_right,Nearby surface
0748MR0032220080403531E01_DRCL.jpg,3,train,0748MR0032220080403531E01_DRCL,True,data/msl/extracted/msl-labeled-data-set-v2.1/images/0748MR0032220080403531E01_DRCL.jpg,0748MR0032220080403531E01_DRCL,748,mastcam_right,Nearby surface
0658MR0027870030401996E01_DRCL.jpg,10,train,0658MR0027870030401996E01_DRCL,True,data/msl/extracted/msl-labeled-data-set-v2.1/images/0658MR0027870030401996E01_DRCL.jpg,0658MR0027870030401996E01_DRCL,658,mastcam_right,Float
0828ML0036350540401228C00_DRCL.jpg,11,train,0828ML0036350540401228C00_DRCL,True,data/msl/extracted/msl-labeled-data-set-v2.1/images/0828ML0036350540401228C00_DRCL.jpg,0828ML0036350540401228C00_DRCL,828,mastcam_left,Layers
0882MH0003900000302473E01_DRCL.jpg,7,train,0882MH0003900000302473E01_DRCL,True,data/msl/extracted/msl-labeled-data-set-v2.1/images/0882MH0003900000302473E01_DRCL.jpg,0882MH0003900000302473E01_DRCL,882,mahli,Distant landscape
0948MH0004910060303926I01_DRCL.jpg,4,train,0948MH0004910060303926I01_DRCL,True,data/msl/extracted/msl-labeled-data-set-v2.1/images/0948MH0004910060303926I01_DRCL.jpg,0948MH0004910060303926I01_DRCL,948,mahli,Close-up rock
0882MH0001900010302475C00_DRCL.jpg,3,train,0882MH0001900010302475C00_DRCL,True,data/msl/extracted/msl-labeled-data-set-v2.1/images/0882MH0001900010302475C00_DRCL.jpg,0882MH0001900010302475C00_DRCL,882,mahli,Nearby surface
0510MH0002600010200720I01_DRCL.jpg,16,train,0510MH0002600010200720I01_DRCL,True,data/msl/extracted/msl-labeled-data-set-v2.1/images/0510MH0002600010200720I01_DRCL.jpg,0510MH0002600010200720I01_DRCL,510,mahli,Wheel
0585MH0003080020202490I01_DRCL.jpg,4,train,0585MH0003080020202490I01_DRCL,True,data/msl/extracted/msl-labeled-data-set-v2.1/images/0585MH0003080020202490I01_DRCL.jpg,0585MH0003080020202490I01_DRCL,585,mahli,Close-up rock
0815MH0001740020301474I01_DRCL.jpg,6,train,0815MH0001740020301474I01_DRCL,True,data/msl/extracted/msl-labeled-data-set-v2.1/images/0815MH0001740020301474I01_DRCL.jpg,0815MH0001740020301474I01_DRCL,815,mahli,DRT spot
0270MR0011860400203263D01_DRCL.jpg,3,train,0270MR0011860400203263D01_DRCL,True,data/msl/extracted/msl-labeled-data-set-v2.1/images/0270MR0011860400203263D01_DRCL.jpg,0270MR0011860400203263D01_DRCL,270,mastcam_right,Nearby surface
0157ML0008550030104532E01_DRCL.jpg,3,train,0157ML0008550030104532E01_DRCL,True,data/msl/extracted/msl-labeled-data-set-v2.1/images/0157ML0008550030104532E01_DRCL.jpg,0157ML0008550030104532E01_DRCL,157,mastcam_left,Nearby surface
0425ML0017360930201331E01_DRCL.jpg,3,train,0425ML0017360930201331E01_DRCL,True,data/msl/extracted/msl-labeled-data-set-v2.1/images/0425ML0017360930201331E01_DRCL.jpg,0425ML0017360930201331E01_DRCL,425,mastcam_left,Nearby surface
0130MR0007970020200831E01_DRCL.jpg,3,train,0130MR0007970020200831E01_DRCL,True,data/msl/extracted/msl-labeled-data-set-v2.1/images/0130MR0007970020200831E01_DRCL.jpg,0130MR0007970020200831E01_DRCL,130,mastcam_right,Nearby surface
0173MR0009260530201861E01_DRCL.jpg,3,train,0173MR0009260530201861E01_DRCL,True,data/msl/extracted/msl-labeled-data-set-v2.1/images/0173MR0009260530201861E01_DRCL.jpg,0173MR0009260530201861E01_DRCL,173,mastcam_right,Nearby surface
0394MH0003060020104449I01_DRCL.jpg,4,train,0394MH0003060020104449I01_DRCL,True,data/msl/extracted/msl-labeled-data-set-v2.1/images/0394MH0003060020104449I01_DRCL.jpg,0394MH0003060020104449I01_DRCL,394,mahli,Close-up rock
0810MR0035610060500357C00_DRCL.jpg,3,train,0810MR0035610060500357C00_DRCL,True,data/msl/extracted/msl-labeled-data-set-v2.1/images/0810MR0035610060500357C00_DRCL.jpg,0810MR0035610060500357C00_DRCL,810,mastcam_right,Nearby surface
0378MR0015540040301811E01_DRCL.jpg,9,train,0378MR0015540040301811E01_DRCL,True,data/msl/extracted/msl-labeled-data-set-v2.1/images/0378MR0015540040301811E01_DRCL.jpg,0378MR0015540040301811E01_DRCL,378,mastcam_right,Night sky
0744ML0031940210205705E01_DRCL.jpg,11,train,0744ML0031940210205705E01_DRCL,True,data/msl/extracted/msl-labeled-data-set-v2.1/images/0744ML0031940210205705E01_DRCL.jpg,0744ML0031940210205705E01_DRCL,744,mastcam_left,Layers
0917MR0010360070501517C00_DRCL.jpg,11,train,0917MR0010360070501517C00_DRCL,True,data/msl/extracted/msl-labeled-data-set-v2.1/images/0917MR0010360070501517C00_DRCL.jpg,0917MR0010360070501517C00_DRCL,917,mastcam_right,Layers
0160ML0008650060104550I01_DRCL.jpg,2,train,0160ML0008650060104550I01_DRCL,True,data/msl/extracted/msl-labeled-data-set-v2.1/images/0160ML0008650060104550I01_DRCL.jpg,0160ML0008650060104550I01_DRCL,160,mastcam_left,Artifact
0291MH0002750030103363I01_DRCL.jpg,4,train,0291MH0002750030103363I01_DRCL,True,data/msl/extracted/msl-labeled-data-set-v2.1/images/0291MH0002750030103363I01_DRCL.jpg,0291MH0002750030103363I01_DRCL,291,mahli,Close-up rock
0759ML0032680010400087E01_DRCL.jpg,8,train,0759ML0032680010400087E01_DRCL,True,data/msl/extracted/msl-labeled-data-set-v2.1/images/0759ML0032680010400087E01_DRCL.jpg,0759ML0032680010400087E01_DRCL,759,mastcam_left,Drill hole
0948MH0004910060303994I01_DRCL.jpg,4,train,0948MH0004910060303994I01_DRCL,True,data/msl/extracted/msl-labeled-data-set-v2.1/images/0948MH0004910060303994I01_DRCL.jpg,0948MH0004910060303994I01_DRCL,948,mahli,Close-up rock
0842ML0037460040401453C00_DRCL.jpg,3,train,0842ML0037460040401453C00_DRCL,True,data/msl/extracted/msl-labeled-data-set-v2.1/images/0842ML0037460040401453C00_DRCL.jpg,0842ML0037460040401453C00_DRCL,842,mastcam_left,Nearby surface
0186ML0009271220105603E01_DRCL.jpg,3,train,0186ML0009271220105603E01_DRCL,True,data/msl/extracted/msl-labeled-data-set-v2.1/images/0186ML0009271220105603E01_DRCL.jpg,0186ML0009271220105603E01_DRCL,186,mastcam_left,Nearby surface
0490MH0002620010200525I01_DRCL.jpg,16,train,0490MH0002620010200525I01_DRCL,True,data/msl/extracted/msl-labeled-data-set-v2.1/images/0490MH0002620010200525I01_DRCL.jpg,0490MH0002620010200525I01_DRCL,490,mahli,Wheel
0442MH0003110020200134I01_DRCL.jpg,4,train,0442MH0003110020200134I01_DRCL,True,data/msl/extracted/msl-labeled-data-set-v2.1/images/0442MH0003110020200134I01_DRCL.jpg,0442MH0003110020200134I01_DRCL,442,mahli,Close-up rock
0170ML0009050690104748E01_DRCL.jpg,3,train,0170ML0009050690104748E01_DRCL,True,data/msl/extracted/msl-labeled-data-set-v2.1/images/0170ML0009050690104748E01_DRCL.jpg,0170ML0009050690104748E01_DRCL,170,mastcam_left,Nearby surface
0794MR0034650040500122E01_DRCL.jpg,11,train,0794MR0034650040500122E01_DRCL,True,data/msl/extracted/msl-labeled-data-set-v2.1/images/0794MR0034650040500122E01_DRCL.jpg,0794MR0034650040500122E01_DRCL,794,mastcam_right,Layers
0319MR0013050300300853E01_DRCL.jpg,3,train,0319MR0013050300300853E01_DRCL,True,data/msl/extracted/msl-labeled-data-set-v2.1/images/0319MR0013050300300853E01_DRCL.jpg,0319MR0013050300300853E01_DRCL,319,mastcam_right,Nearby surface
0869MH0002970000302264I01_DRCL.jpg,4,train,0869MH0002970000302264I01_DRCL,True,data/msl/extracted/msl-labeled-data-set-v2.1/images/0869MH0002970000302264I01_DRCL.jpg,0869MH0002970000302264I01_DRCL,869,mahli,Close-up rock
0174ML0009370000105185E01_DRCL.jpg,3,train,0174ML0009370000105185E01_DRCL,True,data/msl/extracted/msl-labeled-data-set-v2.1/images/0174ML0009370000105185E01_DRCL.jpg,0174ML0009370000105185E01_DRCL,174,mastcam_left,Nearby surface
0590ML0024840460300759E01_DRCL.jpg,3,train,0590ML0024840460300759E01_DRCL,True,data/msl/extracted/msl-labeled-data-set-v2.1/images/0590ML0024840460300759E01_DRCL.jpg,0590ML0024840460300759E01_DRCL,590,mastcam_left,Nearby surface
0318ML0013020460107487E01_DRCL.jpg,3,train,0318ML0013020460107487E01_DRCL,True,data/msl/extracted/msl-labeled-data-set-v2.1/images/0318ML0013020460107487E01_DRCL.jpg,0318ML0013020460107487E01_DRCL,318,mastcam_left,Nearby surface
0593ML0024880010301004E01_DRCL.jpg,3,train,0593ML0024880010301004E01_DRCL,True,data/msl/extracted/msl-labeled-data-set-v2.1/images/0593ML0024880010301004E01_DRCL.jpg,0593ML0024880010301004E01_DRCL,593,mastcam_left,Nearby surface
0538ML0021210190203528E01_DRCL.jpg,3,train,0538ML0021210190203528E01_DRCL,True,data/msl/extracted/msl-labeled-data-set-v2.1/images/0538ML0021210190203528E01_DRCL.jpg,0538ML0021210190203528E01_DRCL,538,mastcam_left,Nearby surface
0814MH0003570020301153I01_DRCL.jpg,4,train,0814MH0003570020301153I01_DRCL,True,data/msl/extracted/msl-labeled-data-set-v2.1/images/0814MH0003570020301153I01_DRCL.jpg,0814MH0003570020301153I01_DRCL,814,mahli,Close-up rock
0631ML0026090040302507E01_DRCL.jpg,3,train,0631ML0026090040302507E01_DRCL,True,data/msl/extracted/msl-labeled-data-set-v2.1/images/0631ML0026090040302507E01_DRCL.jpg,0631ML0026090040302507E01_DRCL,631,mastcam_left,Nearby surface
0741MR0031820890403258E01_DRCL.jpg,3,train,0741MR0031820890403258E01_DRCL,True,data/msl/extracted/msl-labeled-data-set-v2.1/images/0741MR0031820890403258E01_DRCL.jpg,0741MR0031820890403258E01_DRCL,741,mastcam_right,Nearby surface
0584MH0003620020202155I01_DRCL.jpg,4,train,0584MH0003620020202155I01_DRCL,True,data/msl/extracted/msl-labeled-data-set-v2.1/images/0584MH0003620020202155I01_DRCL.jpg,0584MH0003620020202155I01_DRCL,584,mahli,Close-up rock
0400MH0001480010104795C00_DRCL.jpg,4,train,0400MH0001480010104795C00_DRCL,True,data/msl/extracted/msl-labeled-data-set-v2.1/images/0400MH0001480010104795C00_DRCL.jpg,0400MH0001480010104795C00_DRCL,400,mahli,Close-up rock
0113MR0006960110200595E01_DRCL.jpg,3,train,0113MR0006960110200595E01_DRCL,True,data/msl/extracted/msl-labeled-data-set-v2.1/images/0113MR0006960110200595E01_DRCL.jpg,0113MR0006960110200595E01_DRCL,113,mastcam_right,Nearby surface
0889ML0038730020401871E01_DRCL.jpg,8,train,0889ML0038730020401871E01_DRCL,True,data/msl/extracted/msl-labeled-data-set-v2.1/images/0889ML0038730020401871E01_DRCL.jpg,0889ML0038730020401871E01_DRCL,889,mastcam_left,Drill hole
0562MH0002620000201767E01_DRCL.jpg,16,train,0562MH0002620000201767E01_DRCL,True,data/msl/extracted/msl-labeled-data-set-v2.1/images/0562MH0002620000201767E01_DRCL.jpg,0562MH0002620000201767E01_DRCL,562,mahli,Wheel
0153MR0008480220201294E01_DRCL.jpg,3,train,0153MR0008480220201294E01_DRCL,True,data/msl/extracted/msl-labeled-data-set-v2.1/images/0153MR0008480220201294E01_DRCL.jpg,0153MR0008480220201294E01_DRCL,153,mastcam_right,Nearby surface
0582MR0024330030400290I01_DRCL.jpg,2,train,0582MR0024330030400290I01_DRCL,True,data/msl/extracted/msl-labeled-data-set-v2.1/images/0582MR0024330030400290I01_DRCL.jpg,0582MR0024330030400290I01_DRCL,582,mastcam_right,Artifact
0869MH0004600040302301I01_DRCL.jpg,3,train,0869MH0004600040302301I01_DRCL,True,data/msl/extracted/msl-labeled-data-set-v2.1/images/0869MH0004600040302301I01_DRCL.jpg,0869MH0004600040302301I01_DRCL,869,mahli,Nearby surface
0084MH0000710000100928E01_DRCL.jpg,3,train,0084MH0000710000100928E01_DRCL,True,data/msl/extracted/msl-labeled-data-set-v2.1/images/0084MH0000710000100928E01_DRCL.jpg,0084MH0000710000100928E01_DRCL,84,mahli,Nearby surface
0304MH0002960020103838I01_DRCL.jpg,4,train,0304MH0002960020103838I01_DRCL,True,data/msl/extracted/msl-labeled-data-set-v2.1/images/0304MH0002960020103838I01_DRCL.jpg,0304MH0002960020103838I01_DRCL,304,mahli,Close-up rock
0532MH0002620000201341E01_DRCL.jpg,16,train,0532MH0002620000201341E01_DRCL,True,data/msl/extracted/msl-labeled-data-set-v2.1/images/0532MH0002620000201341E01_DRCL.jpg,0532MH0002620000201341E01_DRCL,532,mahli,Wheel
0543MR0021370010303674I01_DRCL.jpg,2,train,0543MR0021370010303674I01_DRCL,True,data/msl/extracted/msl-labeled-data-set-v2.1/images/0543MR0021370010303674I01_DRCL.jpg,0543MR0021370010303674I01_DRCL,543,mastcam_right,Artifact
0731ML0031320060305147I01_DRCL.jpg,3,train,0731ML0031320060305147I01_DRCL,True,data/msl/extracted/msl-labeled-data-set-v2.1/images/0731ML0031320060305147I01_DRCL.jpg,0731ML0031320060305147I01_DRCL,731,mastcam_left,Nearby surface
0233MR0011050290203069D01_DRCL.jpg,2,train,0233MR0011050290203069D01_DRCL,True,data/msl/extracted/msl-labeled-data-set-v2.1/images/0233MR0011050290203069D01_DRCL.jpg,0233MR0011050290203069D01_DRCL,233,mastcam_right,Artifact
0114MR0006990130200612D01_DRCL.jpg,3,train,0114MR0006990130200612D01_DRCL,True,data/msl/extracted/msl-labeled-data-set-v2.1/images/0114MR0006990130200612D01_DRCL.jpg,0114MR0006990130200612D01_DRCL,114,mastcam_right,Nearby surface
0316MR0012940130300535E01_DRCL.jpg,3,train,0316MR0012940130300535E01_DRCL,True,data/msl/extracted/msl-labeled-data-set-v2.1/images/0316MR0012940130300535E01_DRCL.jpg,0316MR0012940130300535E01_DRCL,316,mastcam_right,Nearby surface
0072MR0005610180103643E01_DRCL.jpg,3,train,0072MR0005610180103643E01_DRCL,True,data/msl/extracted/msl-labeled-data-set-v2.1/images/0072MR0005610180103643E01_DRCL.jpg,0072MR0005610180103643E01_DRCL,72,mastcam_right,Nearby surface
0663ML0028210130303377E01_DRCL.jpg,7,train,0663ML0028210130303377E01_DRCL,True,data/msl/extracted/msl-labeled-data-set-v2.1/images/0663ML0028210130303377E01_DRCL.jpg,0663ML0028210130303377E01_DRCL,663,mastcam_left,Distant landscape
0758MR0032570030403777I01_DRCL.jpg,2,train,0758MR0032570030403777I01_DRCL,True,data/msl/extracted/msl-labeled-data-set-v2.1/images/0758MR0032570030403777I01_DRCL.jpg,0758MR0032570030403777I01_DRCL,758,mastcam_right,Artifact
0318ML0013040580107616E01_DRCL.jpg,3,train,0318ML0013040580107616E01_DRCL,True,data/msl/extracted/msl-labeled-data-set-v2.1/images/0318ML0013040580107616E01_DRCL.jpg,0318ML0013040580107616E01_DRCL,318,mastcam_left,Nearby surface
0588ML0024610320300537E01_DRCL.jpg,11,train,0588ML0024610320300537E01_DRCL,True,data/msl/extracted/msl-labeled-data-set-v2.1/images/0588ML0024610320300537E01_DRCL.jpg,0588ML0024610320300537E01_DRCL,588,mastcam_left,Layers
0919MR0040390190501591E01_DRCL.jpg,3,train,0919MR0040390190501591E01_DRCL,True,data/msl/extracted/msl-labeled-data-set-v2.1/images/0919MR0040390190501591E01_DRCL.jpg,0919MR0040390190501591E01_DRCL,919,mastcam_right,Nearby surface
0164MR0008850160201605E01_DRCL.jpg,3,train,0164MR0008850160201605E01_DRCL,True,data/msl/extracted/msl-labeled-data-set-v2.1/images/0164MR0008850160201605E01_DRCL.jpg,0164MR0008850160201605E01_DRCL,164,mastcam_right,Nearby surface
0298MR0012480130203691D01_DRCL.jpg,3,train,0298MR0012480130203691D01_DRCL,True,data/msl/extracted/msl-labeled-data-set-v2.1/images/0298MR0012480130203691D01_DRCL.jpg,0298MR0012480130203691D01_DRCL,298,mastcam_right,Nearby surface
0292MH0002870030103438I01_DRCL.jpg,4,train,0292MH0002870030103438I01_DRCL,True,data/msl/extracted/msl-labeled-data-set-v2.1/images/0292MH0002870030103438I01_DRCL.jpg,0292MH0002870030103438I01_DRCL,292,mahli,Close-up rock
0812MR0035650090500394D01_DRCL.jpg,3,train,0812MR0035650090500394D01_DRCL,True,data/msl/extracted/msl-labeled-data-set-v2.1/images/0812MR0035650090500394D01_DRCL.jpg,0812MR0035650090500394D01_DRCL,812,mastcam_right,Nearby surface
0908MH0001480000302866I01_DRCL.jpg,2,train,0908MH0001480000302866I01_DRCL,True,data/msl/extracted/msl-labeled-data-set-v2.1/images/0908MH0001480000302866I01_DRCL.jpg,0908MH0001480000302866I01_DRCL,908,mahli,Artifact
0400MH0003210020105012I01_DRCL.jpg,4,train,0400MH0003210020105012I01_DRCL,True,data/msl/extracted/msl-labeled-data-set-v2.1/images/0400MH0003210020105012I01_DRCL.jpg,0400MH0003210020105012I01_DRCL,400,mahli,Close-up rock
0396MR0016290000302227E01_DRCL.jpg,3,train,0396MR0016290000302227E01_DRCL,True,data/msl/extracted/msl-labeled-data-set-v2.1/images/0396MR0016290000302227E01_DRCL.jpg,0396MR0016290000302227E01_DRCL,396,mastcam_right,Nearby surface
0828ML0036350170401191C00_DRCL.jpg,11,train,0828ML0036350170401191C00_DRCL,True,data/msl/extracted/msl-labeled-data-set-v2.1/images/0828ML0036350170401191C00_DRCL.jpg,0828ML0036350170401191C00_DRCL,828,mastcam_left,Layers
0042MR0001830110101513Q01_DRCL.jpg,2,train,0042MR0001830110101513Q01_DRCL,True,data/msl/extracted/msl-labeled-data-set-v2.1/images/0042MR0001830110101513Q01_DRCL.jpg,0042MR0001830110101513Q01_DRCL,42,mastcam_right,Artifact
0905MH0002970020302829I01_DRCL.jpg,6,train,0905MH0002970020302829I01_DRCL,True,data/msl/extracted/msl-labeled-data-set-v2.1/images/0905MH0002970020302829I01_DRCL.jpg,0905MH0002970020302829I01_DRCL,905,mahli,DRT spot
0664MR0028240050402042E01_DRCL.jpg,10,train,0664MR0028240050402042E01_DRCL,True,data/msl/extracted/msl-labeled-data-set-v2.1/images/0664MR0028240050402042E01_DRCL.jpg,0664MR0028240050402042E01_DRCL,664,mastcam_right,Float
0910MH0004110020302933I01_DRCL.jpg,8,train,0910MH0004110020302933I01_DRCL,True,data/msl/extracted/msl-labeled-data-set-v2.1/images/0910MH0004110020302933I01_DRCL.jpg,0910MH0004110020302933I01_DRCL,910,mahli,Drill hole
0585MH0002970020202891I01_DRCL.jpg,4,train,0585MH0002970020202891I01_DRCL,True,data/msl/extracted/msl-labeled-data-set-v2.1/images/0585MH0002970020202891I01_DRCL.jpg,0585MH0002970020202891I01_DRCL,585,mahli,Close-up rock
0163MR0008760330201451D01_DRCL.jpg,2,train,0163MR0008760330201451D01_DRCL,True,data/msl/extracted/msl-labeled-data-set-v2.1/images/0163MR0008760330201451D01_DRCL.jpg,0163MR0008760330201451D01_DRCL,163,mastcam_right,Artifact
0925MR0040670000501702I01_DRCL.jpg,2,train,0925MR0040670000501702I01_DRCL,True,data/msl/extracted/msl-labeled-data-set-v2.1/images/0925MR0040670000501702I01_DRCL.jpg,0925MR0040670000501702I01_DRCL,925,mastcam_right,Artifact
0316ML0012970140107308E01_DRCL.jpg,3,train,0316ML0012970140107308E01_DRCL,True,data/msl/extracted/msl-labeled-data-set-v2.1/images/0316ML0012970140107308E01_DRCL.jpg,0316ML0012970140107308E01_DRCL,316,mastcam_left,Nearby surface
0721MR0030830040402797D01_DRCL.jpg,12,train,0721MR0030830040402797D01_DRCL,True,data/msl/extracted/msl-labeled-data-set-v2.1/images/0721MR0030830040402797D01_DRCL.jpg,0721MR0030830040402797D01_DRCL,721,mastcam_right,Light-toned veins
0110ML0006860210103469E01_DRCL.jpg,3,train,0110ML0006860210103469E01_DRCL,True,data/msl/extracted/msl-labeled-data-set-v2.1/images/0110ML0006860210103469E01_DRCL.jpg,0110ML0006860210103469E01_DRCL,110,mastcam_left,Nearby surface
0313MR0012860120300014E01_DRCL.jpg,3,train,0313MR0012860120300014E01_DRCL,True,data/msl/extracted/msl-labeled-data-set-v2.1/images/0313MR0012860120300014E01_DRCL.jpg,0313MR0012860120300014E01_DRCL,313,mastcam_right,Nearby surface
0580MR0024071220400117E01_DRCL.jpg,3,train,0580MR0024071220400117E01_DRCL,True,data/msl/extracted/msl-labeled-data-set-v2.1/images/0580MR0024071220400117E01_DRCL.jpg,0580MR0024071220400117E01_DRCL,580,mastcam_right,Nearby surface
0620ML0026560050205106D01_DRCL.jpg,10,train,0620ML0026560050205106D01_DRCL,True,data/msl/extracted/msl-labeled-data-set-v2.1/images/0620ML0026560050205106D01_DRCL.jpg,0620ML0026560050205106D01_DRCL,620,mastcam_left,Float
0078ML0005760710102736I01_DRCL.jpg,14,train,0078ML0005760710102736I01_DRCL,True,data/msl/extracted/msl-labeled-data-set-v2.1/images/0078ML0005760710102736I01_DRCL.jpg,0078ML0005760710102736I01_DRCL,78,mastcam_left,Sand
0309ML0012750320106703E01_DRCL.jpg,3,train,0309ML0012750320106703E01_DRCL,True,data/msl/extracted/msl-labeled-data-set-v2.1/images/0309ML0012750320106703E01_DRCL.jpg,0309ML0012750320106703E01_DRCL,309,mastcam_left,Nearby surface
0948MH0004910060304037I01_DRCL.jpg,4,train,0948MH0004910060304037I01_DRCL,True,data/msl/extracted/msl-labeled-data-set-v2.1/images/0948MH0004910060304037I01_DRCL.jpg,0948MH0004910060304037I01_DRCL,948,mahli,Close-up rock
0186ML0009270500105531E01_DRCL.jpg,3,train,0186ML0009270500105531E01_DRCL,True,data/msl/extracted/msl-labeled-data-set-v2.1/images/0186ML0009270500105531E01_DRCL.jpg,0186ML0009270500105531E01_DRCL,186,mastcam_left,Nearby surface
0614ML0025950020301807D01_DRCL.jpg,13,train,0614ML0025950020301807D01_DRCL,True,data/msl/extracted/msl-labeled-data-set-v2.1/images/0614ML0025950020301807D01_DRCL.jpg,0614ML0025950020301807D01_DRCL,614,mastcam_left,Mastcam cal target
0072MR0005590060103617D01_DRCL.jpg,3,train,0072MR0005590060103617D01_DRCL,True,data/msl/extracted/msl-labeled-data-set-v2.1/images/0072MR0005590060103617D01_DRCL.jpg,0072MR0005590060103617D01_DRCL,72,mastcam_right,Nearby surface
0172MR0009241050201786E01_DRCL.jpg,3,train,0172MR0009241050201786E01_DRCL,True,data/msl/extracted/msl-labeled-data-set-v2.1/images/0172MR0009241050201786E01_DRCL.jpg,0172MR0009241050201786E01_DRCL,172,mastcam_right,Nearby surface
0925MR0040690020501726D01_DRCL.jpg,15,train,0925MR0040690020501726D01_DRCL,True,data/msl/extracted/msl-labeled-data-set-v2.1/images/0925MR0040690020501726D01_DRCL.jpg,0925MR0040690020501726D01_DRCL,925,mastcam_right,Sun
0746MR0032080380403452E01_DRCL.jpg,3,train,0746MR0032080380403452E01_DRCL,True,data/msl/extracted/msl-labeled-data-set-v2.1/images/0746MR0032080380403452E01_DRCL.jpg,0746MR0032080380403452E01_DRCL,746,mastcam_right,Nearby surface
0938MR0041190520501890I01_DRCL.jpg,10,train,0938MR0041190520501890I01_DRCL,True,data/msl/extracted/msl-labeled-data-set-v2.1/images/0938MR0041190520501890I01_DRCL.jpg,0938MR0041190520501890I01_DRCL,938,mastcam_right,Float
0537MH0001730010201401C00_DRCL.jpg,4,train,0537MH0001730010201401C00_DRCL,True,data/msl/extracted/msl-labeled-data-set-v2.1/images/0537MH0001730010201401C00_DRCL.jpg,0537MH0001730010201401C00_DRCL,537,mahli,Close-up rock
0313MR0012861170300119E01_DRCL.jpg,3,train,0313MR0012861170300119E01_DRCL,True,data/msl/extracted/msl-labeled-data-set-v2.1/images/0313MR0012861170300119E01_DRCL.jpg,0313MR0012861170300119E01_DRCL,313,mastcam_right,Nearby surface
0042ML0001830110101906Q01_DRCL.jpg,15,train,0042ML0001830110101906Q01_DRCL,True,data/msl/extracted/msl-labeled-data-set-v2.1/images/0042ML0001830110101906Q01_DRCL.jpg,0042ML0001830110101906Q01_DRCL,42,mastcam_left,Sun
0807MR0035380080500293D01_DRCL.jpg,6,train,0807MR0035380080500293D01_DRCL,True,data/msl/extracted/msl-labeled-data-set-v2.1/images/0807MR0035380080500293D01_DRCL.jpg,0807MR0035380080500293D01_DRCL,807,mastcam_right,DRT spot
0828MH0004520020301704C00_DRCL.jpg,11,train,0828MH0004520020301704C00_DRCL,True,data/msl/extracted/msl-labeled-data-set-v2.1/images/0828MH0004520020301704C00_DRCL.jpg,0828MH0004520020301704C00_DRCL,828,mahli,Layers
0673ML0028660530303772E01_DRCL.jpg,14,train,0673ML0028660530303772E01_DRCL,True,data/msl/extracted/msl-labeled-data-set-v2.1/images/0673ML0028660530303772E01_DRCL.jpg,0673ML0028660530303772E01_DRCL,673,mastcam_left,Sand
0901ML0039490860402236C00_DRCL.jpg,3,train,0901ML0039490860402236C00_DRCL,True,data/msl/extracted/msl-labeled-data-set-v2.1/images/0901ML0039490860402236C00_DRCL.jpg,0901ML0039490860402236C00_DRCL,901,mastcam_left,Nearby surface
0173MH0002240020102271I01_DRCL.jpg,4,train,0173MH0002240020102271I01_DRCL,True,data/msl/extracted/msl-labeled-data-set-v2.1/images/0173MH0002240020102271I01_DRCL.jpg,0173MH0002240020102271I01_DRCL,173,mahli,Close-up rock
0173ML0009261050105122E01_DRCL.jpg,3,train,0173ML0009261050105122E01_DRCL,True,data/msl/extracted/msl-labeled-data-set-v2.1/images/0173ML0009261050105122E01_DRCL.jpg,0173ML0009261050105122E01_DRCL,173,mastcam_left,Nearby surface
0161MH0001680020101817I01_DRCL.jpg,4,train,0161MH0001680020101817I01_DRCL,True,data/msl/extracted/msl-labeled-data-set-v2.1/images/0161MH0001680020101817I01_DRCL.jpg,0161MH0001680020101817I01_DRCL,161,mahli,Close-up rock
0116MR0007280120200648D01_DRCL.jpg,3,train,0116MR0007280120200648D01_DRCL,True,data/msl/extracted/msl-labeled-data-set-v2.1/images/0116MR0007280120200648D01_DRCL.jpg,0116MR0007280120200648D01_DRCL,116,mastcam_right,Nearby surface
0058MH0000300020100462I01_DRCL.jpg,14,train,0058MH0000300020100462I01_DRCL,True,data/msl/extracted/msl-labeled-data-set-v2.1/images/0058MH0000300020100462I01_DRCL.jpg,0058MH0000300020100462I01_DRCL,58,mahli,Sand
0284MR0009650000203482M00_DRCL.jpg,2,train,0284MR0009650000203482M00_DRCL,True,data/msl/extracted/msl-labeled-data-set-v2.1/images/0284MR0009650000203482M00_DRCL.jpg,0284MR0009650000203482M00_DRCL,284,mastcam_right,Artifact
0806MH0004410020300616I01_DRCL.jpg,6,train,0806MH0004410020300616I01_DRCL,True,data/msl/extracted/msl-labeled-data-set-v2.1/images/0806MH0004410020300616I01_DRCL.jpg,0806MH0004410020300616I01_DRCL,806,mahli,DRT spot
0585MH0002970010202878C00_DRCL.jpg,4,train,0585MH0002970010202878C00_DRCL,True,data/msl/extracted/msl-labeled-data-set-v2.1/images/0585MH0002970010202878C00_DRCL.jpg,0585MH0002970010202878C00_DRCL,585,mahli,Close-up rock
0828MR0036350220500617C00_DRCL.jpg,11,train,0828MR0036350220500617C00_DRCL,True,data/msl/extracted/msl-labeled-data-set-v2.1/images/0828MR0036350220500617C00_DRCL.jpg,0828MR0036350220500617C00_DRCL,828,mastcam_right,Layers
0776MR0033620000403952E01_DRCL.jpg,7,train,0776MR0033620000403952E01_DRCL,True,data/msl/extracted/msl-labeled-data-set-v2.1/images/0776MR0033620000403952E01_DRCL.jpg,0776MR0033620000403952E01_DRCL,776,mastcam_right,Distant landscape
0306MR0012670130203943E01_DRCL.jpg,3,train,0306MR0012670130203943E01_DRCL,True,data/msl/extracted/msl-labeled-data-set-v2.1/images/0306MR0012670130203943E01_DRCL.jpg,0306MR0012670130203943E01_DRCL,306,mastcam_right,Nearby surface
0023MR0001140460100576C00_DRCL.jpg,7,train,0023MR0001140460100576C00_DRCL,True,data/msl/extracted/msl-labeled-data-set-v2.1/images/0023MR0001140460100576C00_DRCL.jpg,0023MR0001140460100576C00_DRCL,23,mastcam_right,Distant landscape
0619MR0026020190401412E01_DRCL.jpg,10,train,0619MR0026020190401412E01_DRCL,True,data/msl/extracted/msl-labeled-data-set-v2.1/images/0619MR0026020190401412E01_DRCL.jpg,0619MR0026020190401412E01_DRCL,619,mastcam_right,Float
0319ML0013050030107678E01_DRCL.jpg,10,train,0319ML0013050030107678E01_DRCL,True,data/msl/extracted/msl-labeled-data-set-v2.1/images/0319ML0013050030107678E01_DRCL.jpg,0319ML0013050030107678E01_DRCL,319,mastcam_left,Float
0725MR0030970120402872D01_DRCL.jpg,13,train,0725MR0030970120402872D01_DRCL,True,data/msl/extracted/msl-labeled-data-set-v2.1/images/0725MR0030970120402872D01_DRCL.jpg,0725MR0030970120402872D01_DRCL,725,mastcam_right,Mastcam cal target
0075MR0005640260103754I01_DRCL.jpg,7,train,0075MR0005640260103754I01_DRCL,True,data/msl/extracted/msl-labeled-data-set-v2.1/images/0075MR0005640260103754I01_DRCL.jpg,0075MR0005640260103754I01_DRCL,75,mastcam_right,Distant landscape
0304MH0002970020103879I01_DRCL.jpg,4,train,0304MH0002970020103879I01_DRCL,True,data/msl/extracted/msl-labeled-data-set-v2.1/images/0304MH0002970020103879I01_DRCL.jpg,0304MH0002970020103879I01_DRCL,304,mahli,Close-up rock
0831ML0036520030401254E01_DRCL.jpg,7,train,0831ML0036520030401254E01_DRCL,True,data/msl/extracted/msl-labeled-data-set-v2.1/images/0831ML0036520030401254E01_DRCL.jpg,0831ML0036520030401254E01_DRCL,831,mastcam_left,Distant landscape
0440MR0017950190302664E01_DRCL.jpg,3,train,0440MR0017950190302664E01_DRCL,True,data/msl/extracted/msl-labeled-data-set-v2.1/images/0440MR0017950190302664E01_DRCL.jpg,0440MR0017950190302664E01_DRCL,440,mastcam_right,Nearby surface
0510MH0003400000200714I01_DRCL.jpg,2,train,0510MH0003400000200714I01_DRCL,True,data/msl/extracted/msl-labeled-data-set-v2.1/images/0510MH0003400000200714I01_DRCL.jpg,0510MH0003400000200714I01_DRCL,510,mahli,Artifact
0486MR0019230010302942E01_DRCL.jpg,3,train,0486MR0019230010302942E01_DRCL,True,data/msl/extracted/msl-labeled-data-set-v2.1/images/0486MR0019230010302942E01_DRCL.jpg,0486MR0019230010302942E01_DRCL,486,mastcam_right,Nearby surface
0513MH0002600010200911I01_DRCL.jpg,16,train,0513MH0002600010200911I01_DRCL,True,data/msl/extracted/msl-labeled-data-set-v2.1/images/0513MH0002600010200911I01_DRCL.jpg,0513MH0002600010200911I01_DRCL,513,mahli,Wheel
0323MH0003020020104073I01_DRCL.jpg,4,train,0323MH0003020020104073I01_DRCL,True,data/msl/extracted/msl-labeled-data-set-v2.1/images/0323MH0003020020104073I01_DRCL.jpg,0323MH0003020020104073I01_DRCL,323,mahli,Close-up rock
0905MH0004280000302844I01_DRCL.jpg,4,train,0905MH0004280000302844I01_DRCL,True,data/msl/extracted/msl-labeled-data-set-v2.1/images/0905MH0004280000302844I01_DRCL.jpg,0905MH0004280000302844I01_DRCL,905,mahli,Close-up rock
0400MH0003210020104883I01_DRCL.jpg,4,train,0400MH0003210020104883I01_DRCL,True,data/msl/extracted/msl-labeled-data-set-v2.1/images/0400MH0003210020104883I01_DRCL.jpg,0400MH0003210020104883I01_DRCL,400,mahli,Close-up rock
0938MR0041190250501863I01_DRCL.jpg,12,train,0938MR0041190250501863I01_DRCL,True,data/msl/extracted/msl-labeled-data-set-v2.1/images/0938MR0041190250501863I01_DRCL.jpg,0938MR0041190250501863I01_DRCL,938,mastcam_right,Light-toned veins
0744MR0031900100403303E01_DRCL.jpg,3,train,0744MR0031900100403303E01_DRCL,True,data/msl/extracted/msl-labeled-data-set-v2.1/images/0744MR0031900100403303E01_DRCL.jpg,0744MR0031900100403303E01_DRCL,744,mastcam_right,Nearby surface
0713MR0030220000402666Q01_DRCL.jpg,15,train,0713MR0030220000402666Q01_DRCL,True,data/msl/extracted/msl-labeled-data-set-v2.1/images/0713MR0030220000402666Q01_DRCL.jpg,0713MR0030220000402666Q01_DRCL,713,mastcam_right,Sun
0053ML0002440100102230I01_DRCL.jpg,3,train,0053ML0002440100102230I01_DRCL,True,data/msl/extracted/msl-labeled-data-set-v2.1/images/0053ML0002440100102230I01_DRCL.jpg,0053ML0002440100102230I01_DRCL,53,mastcam_left,Nearby surface
0410ML0016840220200931E01_DRCL.jpg,7,train,0410ML0016840220200931E01_DRCL,True,data/msl/extracted/msl-labeled-data-set-v2.1/images/0410ML0016840220200931E01_DRCL.jpg,0410ML0016840220200931E01_DRCL,410,mastcam_left,Distant landscape
0439ML0017890190201662E01_DRCL.jpg,11,train,0439ML0017890190201662E01_DRCL,True,data/msl/extracted/msl-labeled-data-set-v2.1/images/0439ML0017890190201662E01_DRCL.jpg,0439ML0017890190201662E01_DRCL,439,mastcam_left,Layers
0188ML0010110060105637D01_DRCL.jpg,13,train,0188ML0010110060105637D01_DRCL,True,data/msl/extracted/msl-labeled-data-set-v2.1/images/0188ML0010110060105637D01_DRCL.jpg,0188ML0010110060105637D01_DRCL,188,mastcam_left,Mastcam cal target
0617MR0026001440401226E01_DRCL.jpg,11,train,0617MR0026001440401226E01_DRCL,True,data/msl/extracted/msl-labeled-data-set-v2.1/images/0617MR0026001440401226E01_DRCL.jpg,0617MR0026001440401226E01_DRCL,617,mastcam_right,Layers
0746ML0032080300205813E01_DRCL.jpg,14,train,0746ML0032080300205813E01_DRCL,True,data/msl/extracted/msl-labeled-data-set-v2.1/images/0746ML0032080300205813E01_DRCL.jpg,0746ML0032080300205813E01_DRCL,746,mastcam_left,Sand
0530ML0021050670203386E01_DRCL.jpg,3,train,0530ML0021050670203386E01_DRCL,True,data/msl/extracted/msl-labeled-data-set-v2.1/images/0530ML0021050670203386E01_DRCL.jpg,0530ML0021050670203386E01_DRCL,530,mastcam_left,Nearby surface
0590MR0024830100400482E01_DRCL.jpg,10,train,0590MR0024830100400482E01_DRCL,True,data/msl/extracted/msl-labeled-data-set-v2.1/images/0590MR0024830100400482E01_DRCL.jpg,0590MR0024830100400482E01_DRCL,590,mastcam_right,Float
0306ML0012660270106562E01_DRCL.jpg,14,train,0306ML0012660270106562E01_DRCL,True,data/msl/extracted/msl-labeled-data-set-v2.1/images/0306ML0012660270106562E01_DRCL.jpg,0306ML0012660270106562E01_DRCL,306,mastcam_left,Sand
0440ML0017950290201724E01_DRCL.jpg,3,train,0440ML0017950290201724E01_DRCL,True,data/msl/extracted/msl-labeled-data-set-v2.1/images/0440ML0017950290201724E01_DRCL.jpg,0440ML0017950290201724E01_DRCL,440,mastcam_left,Nearby surface
0717MR0030420240402719E01_DRCL.jpg,3,train,0717MR0030420240402719E01_DRCL,True,data/msl/extracted/msl-labeled-data-set-v2.1/images/0717MR0030420240402719E01_DRCL.jpg,0717MR0030420240402719E01_DRCL,717,mastcam_right,Nearby surface
0868MH0003900000302179I01_DRCL.jpg,7,train,0868MH0003900000302179I01_DRCL,True,data/msl/extracted/msl-labeled-data-set-v2.1/images/0868MH0003900000302179I01_DRCL.jpg,0868MH0003900000302179I01_DRCL,868,mahli,Distant landscape
0270MH0002540050102785E01_DRCL.jpg,8,train,0270MH0002540050102785E01_DRCL,True,data/msl/extracted/msl-labeled-data-set-v2.1/images/0270MH0002540050102785E01_DRCL.jpg,0270MH0002540050102785E01_DRCL,270,mahli,Drill hole
0867ML0038080010401692E01_DRCL.jpg,8,train,0867ML0038080010401692E01_DRCL,True,data/msl/extracted/msl-labeled-data-set-v2.1/images/0867ML0038080010401692E01_DRCL.jpg,0867ML0038080010401692E01_DRCL,867,mastcam_left,Drill hole
0808MH0004450030300769C00_DRCL.jpg,6,train,0808MH0004450030300769C00_DRCL,True,data/msl/extracted/msl-labeled-data-set-v2.1/images/0808MH0004450030300769C00_DRCL.jpg,0808MH0004450030300769C00_DRCL,808,mahli,DRT spot
0181MH0001680020102574E01_DRCL.jpg,4,train,0181MH0001680020102574E01_DRCL,True,data/msl/extracted/msl-labeled-data-set-v2.1/images/0181MH0001680020102574E01_DRCL.jpg,0181MH0001680020102574E01_DRCL,181,mahli,Close-up rock
0371MR0015190020301711E01_DRCL.jpg,14,train,0371MR0015190020301711E01_DRCL,True,data/msl/extracted/msl-labeled-data-set-v2.1/images/0371MR0015190020301711E01_DRCL.jpg,0371MR0015190020301711E01_DRCL,371,mastcam_right,Sand
0053MR0002470150103024E01_DRCL.jpg,10,train,0053MR0002470150103024E01_DRCL,True,data/msl/extracted/msl-labeled-data-set-v2.1/images/0053MR0002470150103024E01_DRCL.jpg,0053MR0002470150103024E01_DRCL,53,mastcam_right,Float
0494ML0019671240202656E01_DRCL.jpg,3,train,0494ML0019671240202656E01_DRCL,True,data/msl/extracted/msl-labeled-data-set-v2.1/images/0494ML0019671240202656E01_DRCL.jpg,0494ML0019671240202656E01_DRCL,494,mastcam_left,Nearby surface
0558MH0003350010201683C00_DRCL.jpg,3,train,0558MH0003350010201683C00_DRCL,True,data/msl/extracted/msl-labeled-data-set-v2.1/images/0558MH0003350010201683C00_DRCL.jpg,0558MH0003350010201683C00_DRCL,558,mahli,Nearby surface
0523MH0003060020201055I01_DRCL.jpg,3,train,0523MH0003060020201055I01_DRCL,True,data/msl/extracted/msl-labeled-data-set-v2.1/images/0523MH0003060020201055I01_DRCL.jpg,0523MH0003060020201055I01_DRCL,523,mahli,Nearby surface
0019MR0000530070100145C00_DRCL.jpg,3,train,0019MR0000530070100145C00_DRCL,True,data/msl/extracted/msl-labeled-data-set-v2.1/images/0019MR0000530070100145C00_DRCL.jpg,0019MR0000530070100145C00_DRCL,19,mastcam_right,Nearby surface
0089MH0001240000101059I01_DRCL.jpg,2,train,0089MH0001240000101059I01_DRCL,True,data/msl/extracted/msl-labeled-data-set-v2.1/images/0089MH0001240000101059I01_DRCL.jpg,0089MH0001240000101059I01_DRCL,89,mahli,Artifact
0071ML0004990000102592I01_DRCL.jpg,2,train,0071ML0004990000102592I01_DRCL,True,data/msl/extracted/msl-labeled-data-set-v2.1/images/0071ML0004990000102592I01_DRCL.jpg,0071ML0004990000102592I01_DRCL,71,mastcam_left,Artifact
0706ML0029970010304573I01_DRCL.jpg,14,train,0706ML0029970010304573I01_DRCL,True,data/msl/extracted/msl-labeled-data-set-v2.1/images/0706ML0029970010304573I01_DRCL.jpg,0706ML0029970010304573I01_DRCL,706,mastcam_left,Sand
0122ML0007640020103885D01_DRCL.jpg,3,train,0122ML0007640020103885D01_DRCL,True,data/msl/extracted/msl-labeled-data-set-v2.1/images/0122ML0007640020103885D01_DRCL.jpg,0122ML0007640020103885D01_DRCL,122,mastcam_left,Nearby surface
0540ML0021311290203694E01_DRCL.jpg,3,train,0540ML0021311290203694E01_DRCL,True,data/msl/extracted/msl-labeled-data-set-v2.1/images/0540ML0021311290203694E01_DRCL.jpg,0540ML0021311290203694E01_DRCL,540,mastcam_left,Nearby surface
0424MR0017300000302425E01_DRCL.jpg,3,train,0424MR0017300000302425E01_DRCL,True,data/msl/extracted/msl-labeled-data-set-v2.1/images/0424MR0017300000302425E01_DRCL.jpg,0424MR0017300000302425E01_DRCL,424,mastcam_right,Nearby surface
0318MR0013020030300610E01_DRCL.jpg,3,train,0318MR0013020030300610E01_DRCL,True,data/msl/extracted/msl-labeled-data-set-v2.1/images/0318MR0013020030300610E01_DRCL.jpg,0318MR0013020030300610E01_DRCL,318,mastcam_right,Nearby surface
0399MH0003170020104690I01_DRCL.jpg,4,train,0399MH0003170020104690I01_DRCL,True,data/msl/extracted/msl-labeled-data-set-v2.1/images/0399MH0003170020104690I01_DRCL.jpg,0399MH0003170020104690I01_DRCL,399,mahli,Close-up rock
0810MR0035610010500352C00_DRCL.jpg,3,train,0810MR0035610010500352C00_DRCL,True,data/msl/extracted/msl-labeled-data-set-v2.1/images/0810MR0035610010500352C00_DRCL.jpg,0810MR0035610010500352C00_DRCL,810,mastcam_right,Nearby surface
0042MR0001940090102224D01_DRCL.jpg,7,train,0042MR0001940090102224D01_DRCL,True,data/msl/extracted/msl-labeled-data-set-v2.1/images/0042MR0001940090102224D01_DRCL.jpg,0042MR0001940090102224D01_DRCL,42,mastcam_right,Distant landscape
0186MR0009270400202299E01_DRCL.jpg,3,train,0186MR0009270400202299E01_DRCL,True,data/msl/extracted/msl-labeled-data-set-v2.1/images/0186MR0009270400202299E01_DRCL.jpg,0186MR0009270400202299E01_DRCL,186,mastcam_right,Nearby surface
0707ML0030060000304612I01_DRCL.jpg,13,train,0707ML0030060000304612I01_DRCL,True,data/msl/extracted/msl-labeled-data-set-v2.1/images/0707ML0030060000304612I01_DRCL.jpg,0707ML0030060000304612I01_DRCL,707,mastcam_left,Mastcam cal target
0369MR0015020000301629L01_DRCL.jpg,15,train,0369MR0015020000301629L01_DRCL,True,data/msl/extracted/msl-labeled-data-set-v2.1/images/0369MR0015020000301629L01_DRCL.jpg,0369MR0015020000301629L01_DRCL,369,mastcam_right,Sun
0946ML0041590050403215D01_DRCL.jpg,13,train,0946ML0041590050403215D01_DRCL,True,data/msl/extracted/msl-labeled-data-set-v2.1/images/0946ML0041590050403215D01_DRCL.jpg,0946ML0041590050403215D01_DRCL,946,mastcam_left,Mastcam cal target
0315MR0012920010300407E01_DRCL.jpg,3,train,0315MR0012920010300407E01_DRCL,True,data/msl/extracted/msl-labeled-data-set-v2.1/images/0315MR0012920010300407E01_DRCL.jpg,0315MR0012920010300407E01_DRCL,315,mastcam_right,Nearby surface
0739MR0031660000403126E01_DRCL.jpg,3,train,0739MR0031660000403126E01_DRCL,True,data/msl/extracted/msl-labeled-data-set-v2.1/images/0739MR0031660000403126E01_DRCL.jpg,0739MR0031660000403126E01_DRCL,739,mastcam_right,Nearby surface
0683MR0028920060402202E01_DRCL.jpg,18,train,0683MR0028920060402202E01_DRCL,True,data/msl/extracted/msl-labeled-data-set-v2.1/images/0683MR0028920060402202E01_DRCL.jpg,0683MR0028920060402202E01_DRCL,683,mastcam_right,Wheel tracks
0147MR0008380140201208D01_DRCL.jpg,13,train,0147MR0008380140201208D01_DRCL,True,data/msl/extracted/msl-labeled-data-set-v2.1/images/0147MR0008380140201208D01_DRCL.jpg,0147MR0008380140201208D01_DRCL,147,mastcam_right,Mastcam cal target
0154MH0001730020101470I01_DRCL.jpg,4,train,0154MH0001730020101470I01_DRCL,True,data/msl/extracted/msl-labeled-data-set-v2.1/images/0154MH0001730020101470I01_DRCL.jpg,0154MH0001730020101470I01_DRCL,154,mahli,Close-up rock
0948MH0004910020303890I01_DRCL.jpg,2,train,0948MH0004910020303890I01_DRCL,True,data/msl/extracted/msl-labeled-data-set-v2.1/images/0948MH0004910020303890I01_DRCL.jpg,0948MH0004910020303890I01_DRCL,948,mahli,Artifact
0438ML0017880040201637E01_DRCL.jpg,3,train,0438ML0017880040201637E01_DRCL,True,data/msl/extracted/msl-labeled-data-set-v2.1/images/0438ML0017880040201637E01_DRCL.jpg,0438ML0017880040201637E01_DRCL,438,mastcam_left,Nearby surface
0900MR0039440010501309C00_DRCL.jpg,18,train,0900MR0039440010501309C00_DRCL,True,data/msl/extracted/msl-labeled-data-set-v2.1/images/0900MR0039440010501309C00_DRCL.jpg,0900MR0039440010501309C00_DRCL,900,mastcam_right,Wheel tracks
0883MH0004360020302582I01_DRCL.jpg,8,train,0883MH0004360020302582I01_DRCL,True,data/msl/extracted/msl-labeled-data-set-v2.1/images/0883MH0004360020302582I01_DRCL.jpg,0883MH0004360020302582I01_DRCL,883,mahli,Drill hole
0153MR0008470020201244E01_DRCL.jpg,3,train,0153MR0008470020201244E01_DRCL,True,data/msl/extracted/msl-labeled-data-set-v2.1/images/0153MR0008470020201244E01_DRCL.jpg,0153MR0008470020201244E01_DRCL,153,mastcam_right,Nearby surface
0504ML0019820080202708E01_DRCL.jpg,7,train,0504ML0019820080202708E01_DRCL,True,data/msl/extracted/msl-labeled-data-set-v2.1/images/0504ML0019820080202708E01_DRCL.jpg,0504ML0019820080202708E01_DRCL,504,mastcam_left,Distant landscape
0061ML0002810070102370D01_DRCL.jpg,3,train,0061ML0002810070102370D01_DRCL,True,data/msl/extracted/msl-labeled-data-set-v2.1/images/0061ML0002810070102370D01_DRCL.jpg,0061ML0002810070102370D01_DRCL,61,mastcam_left,Nearby surface
0046MH0000110040100156E01_DRCL.jpg,4,train,0046MH0000110040100156E01_DRCL,True,data/msl/extracted/msl-labeled-data-set-v2.1/images/0046MH0000110040100156E01_DRCL.jpg,0046MH0000110040100156E01_DRCL,46,mahli,Close-up rock
0173ML0009260110105028E01_DRCL.jpg,3,train,0173ML0009260110105028E01_DRCL,True,data/msl/extracted/msl-labeled-data-set-v2.1/images/0173ML0009260110105028E01_DRCL.jpg,0173ML0009260110105028E01_DRCL,173,mastcam_left,Nearby surface
0630ML0026060010302416I01_DRCL.jpg,3,train,0630ML0026060010302416I01_DRCL,True,data/msl/extracted/msl-labeled-data-set-v2.1/images/0630ML0026060010302416I01_DRCL.jpg,0630ML0026060010302416I01_DRCL,630,mastcam_left,Nearby surface
0398MH0003160030104590I01_DRCL.jpg,4,train,0398MH0003160030104590I01_DRCL,True,data/msl/extracted/msl-labeled-data-set-v2.1/images/0398MH0003160030104590I01_DRCL.jpg,0398MH0003160030104590I01_DRCL,398,mahli,Close-up rock
0110ML0006860460103494E01_DRCL.jpg,3,train,0110ML0006860460103494E01_DRCL,True,data/msl/extracted/msl-labeled-data-set-v2.1/images/0110ML0006860460103494E01_DRCL.jpg,0110ML0006860460103494E01_DRCL,110,mastcam_left,Nearby surface
0564MH0003590020201827I01_DRCL.jpg,4,train,0564MH0003590020201827I01_DRCL,True,data/msl/extracted/msl-labeled-data-set-v2.1/images/0564MH0003590020201827I01_DRCL.jpg,0564MH0003590020201827I01_DRCL,564,mahli,Close-up rock
0025MR0001260020100716D01_DRCL.jpg,7,train,0025MR0001260020100716D01_DRCL,True,data/msl/extracted/msl-labeled-data-set-v2.1/images/0025MR0001260020100716D01_DRCL.jpg,0025MR0001260020100716D01_DRCL,25,mastcam_right,Distant landscape
0580ML0024070490300060I01_DRCL.jpg,2,train,0580ML0024070490300060I01_DRCL,True,data/msl/extracted/msl-labeled-data-set-v2.1/images/0580ML0024070490300060I01_DRCL.jpg,0580ML0024070490300060I01_DRCL,580,mastcam_left,Artifact
0833MH0001900000301844I01_DRCL.jpg,2,train,0833MH0001900000301844I01_DRCL,True,data/msl/extracted/msl-labeled-data-set-v2.1/images/0833MH0001900000301844I01_DRCL.jpg,0833MH0001900000301844I01_DRCL,833,mahli,Artifact
0308ML0012730560106661E01_DRCL.jpg,3,train,0308ML0012730560106661E01_DRCL,True,data/msl/extracted/msl-labeled-data-set-v2.1/images/0308ML0012730560106661E01_DRCL.jpg,0308ML0012730560106661E01_DRCL,308,mastcam_left,Nearby surface
0735MR0031500230403098E01_DRCL.jpg,14,train,0735MR0031500230403098E01_DRCL,True,data/msl/extracted/msl-labeled-data-set-v2.1/images/0735MR0031500230403098E01_DRCL.jpg,0735MR0031500230403098E01_DRCL,735,mastcam_right,Sand
0938ML0041190170402955I01_DRCL.jpg,2,train,0938ML0041190170402955I01_DRCL,True,data/msl/extracted/msl-labeled-data-set-v2.1/images/0938ML0041190170402955I01_DRCL.jpg,0938ML0041190170402955I01_DRCL,938,mastcam_left,Artifact
0305MR0012650030203884D01_DRCL.jpg,13,train,0305MR0012650030203884D01_DRCL,True,data/msl/extracted/msl-labeled-data-set-v2.1/images/0305MR0012650030203884D01_DRCL.jpg,0305MR0012650030203884D01_DRCL,305,mastcam_right,Mastcam cal target
0526ML0020750020203157E01_DRCL.jpg,3,train,0526ML0020750020203157E01_DRCL,True,data/msl/extracted/msl-labeled-data-set-v2.1/images/0526ML0020750020203157E01_DRCL.jpg,0526ML0020750020203157E01_DRCL,526,mastcam_left,Nearby surface
0935MH0004770040303297I01_DRCL.jpg,2,train,0935MH0004770040303297I01_DRCL,True,data/msl/extracted/msl-labeled-data-set-v2.1/images/0935MH0004770040303297I01_DRCL.jpg,0935MH0004770040303297I01_DRCL,935,mahli,Artifact
0137MR0008170550200988E01_DRCL.jpg,3,train,0137MR0008170550200988E01_DRCL,True,data/msl/extracted/msl-labeled-data-set-v2.1/images/0137MR0008170550200988E01_DRCL.jpg,0137MR0008170550200988E01_DRCL,137,mastcam_right,Nearby surface
0194ML0010230300105947E01_DRCL.jpg,3,train,0194ML0010230300105947E01_DRCL,True,data/msl/extracted/msl-labeled-data-set-v2.1/images/0194ML0010230300105947E01_DRCL.jpg,0194ML0010230300105947E01_DRCL,194,mastcam_left,Nearby surface
0652ML0027640030303100D01_DRCL.jpg,15,train,0652ML0027640030303100D01_DRCL,True,data/msl/extracted/msl-labeled-data-set-v2.1/images/0652ML0027640030303100D01_DRCL.jpg,0652ML0027640030303100D01_DRCL,652,mastcam_left,Sun
0712MR0030300200402552E01_DRCL.jpg,3,train,0712MR0030300200402552E01_DRCL,True,data/msl/extracted/msl-labeled-data-set-v2.1/images/0712MR0030300200402552E01_DRCL.jpg,0712MR0030300200402552E01_DRCL,712,mastcam_right,Nearby surface
0789ML0034390080400515E01_DRCL.jpg,3,train,0789ML0034390080400515E01_DRCL,True,data/msl/extracted/msl-labeled-data-set-v2.1/images/0789ML0034390080400515E01_DRCL.jpg,0789ML0034390080400515E01_DRCL,789,mastcam_left,Nearby surface
0136MR0008210130200915E01_DRCL.jpg,7,train,0136MR0008210130200915E01_DRCL,True,data/msl/extracted/msl-labeled-data-set-v2.1/images/0136MR0008210130200915E01_DRCL.jpg,0136MR0008210130200915E01_DRCL,136,mastcam_right,Distant landscape
0400MH0003210020104804I01_DRCL.jpg,4,train,0400MH0003210020104804I01_DRCL,True,data/msl/extracted/msl-labeled-data-set-v2.1/images/0400MH0003210020104804I01_DRCL.jpg,0400MH0003210020104804I01_DRCL,400,mahli,Close-up rock
0184ML0009960030105451D01_DRCL.jpg,13,train,0184ML0009960030105451D01_DRCL,True,data/msl/extracted/msl-labeled-data-set-v2.1/images/0184ML0009960030105451D01_DRCL.jpg,0184ML0009960030105451D01_DRCL,184,mastcam_left,Mastcam cal target
0946MR0041590140502023E01_DRCL.jpg,13,train,0946MR0041590140502023E01_DRCL,True,data/msl/extracted/msl-labeled-data-set-v2.1/images/0946MR0041590140502023E01_DRCL.jpg,0946MR0041590140502023E01_DRCL,946,mastcam_right,Mastcam cal target
0313ML0012861210106929E01_DRCL.jpg,3,train,0313ML0012861210106929E01_DRCL,True,data/msl/extracted/msl-labeled-data-set-v2.1/images/0313ML0012861210106929E01_DRCL.jpg,0313ML0012861210106929E01_DRCL,313,mastcam_left,Nearby surface
0628MH0004110020203698I01_DRCL.jpg,8,train,0628MH0004110020203698I01_DRCL,True,data/msl/extracted/msl-labeled-data-set-v2.1/images/0628MH0004110020203698I01_DRCL.jpg,0628MH0004110020203698I01_DRCL,628,mahli,Drill hole
0186MR0009270600202319E01_DRCL.jpg,3,train,0186MR0009270600202319E01_DRCL,True,data/msl/extracted/msl-labeled-data-set-v2.1/images/0186MR0009270600202319E01_DRCL.jpg,0186MR0009270600202319E01_DRCL,186,mastcam_right,Nearby surface
0020MR0001050050100375C00_DRCL.jpg,3,train,0020MR0001050050100375C00_DRCL,True,data/msl/extracted/msl-labeled-data-set-v2.1/images/0020MR0001050050100375C00_DRCL.jpg,0020MR0001050050100375C00_DRCL,20,mastcam_right,Nearby surface
0354ML0014470020108491E01_DRCL.jpg,7,train,0354ML0014470020108491E01_DRCL,True,data/msl/extracted/msl-labeled-data-set-v2.1/images/0354ML0014470020108491E01_DRCL.jpg,0354ML0014470020108491E01_DRCL,354,mastcam_left,Distant landscape
0565ML0022900040204711E01_DRCL.jpg,3,train,0565ML0022900040204711E01_DRCL,True,data/msl/extracted/msl-labeled-data-set-v2.1/images/0565ML0022900040204711E01_DRCL.jpg,0565ML0022900040204711E01_DRCL,565,mastcam_left,Nearby surface
0488ML0019350030202364D01_DRCL.jpg,13,train,0488ML0019350030202364D01_DRCL,True,data/msl/extracted/msl-labeled-data-set-v2.1/images/0488ML0019350030202364D01_DRCL.jpg,0488ML0019350030202364D01_DRCL,488,mastcam_left,Mastcam cal target
0113MR0006960180200602E01_DRCL.jpg,3,train,0113MR0006960180200602E01_DRCL,True,data/msl/extracted/msl-labeled-data-set-v2.1/images/0113MR0006960180200602E01_DRCL.jpg,0113MR0006960180200602E01_DRCL,113,mastcam_right,Nearby surface
0550MH0003250050201614E01_DRCL.jpg,7,train,0550MH0003250050201614E01_DRCL,True,data/msl/extracted/msl-labeled-data-set-v2.1/images/0550MH0003250050201614E01_DRCL.jpg,0550MH0003250050201614E01_DRCL,550,mahli,Distant landscape
0706MH0001520000204203I01_DRCL.jpg,2,train,0706MH0001520000204203I01_DRCL,True,data/msl/extracted/msl-labeled-data-set-v2.1/images/0706MH0001520000204203I01_DRCL.jpg,0706MH0001520000204203I01_DRCL,706,mahli,Artifact
0942MH0004810060303592I01_DRCL.jpg,4,train,0942MH0004810060303592I01_DRCL,True,data/msl/extracted/msl-labeled-data-set-v2.1/images/0942MH0004810060303592I01_DRCL.jpg,0942MH0004810060303592I01_DRCL,942,mahli,Close-up rock
0116ML0007330030103708D01_DRCL.jpg,10,train,0116ML0007330030103708D01_DRCL,True,data/msl/extracted/msl-labeled-data-set-v2.1/images/0116ML0007330030103708D01_DRCL.jpg,0116ML0007330030103708D01_DRCL,116,mastcam_left,Float
0318MR0013040150300721E01_DRCL.jpg,3,train,0318MR0013040150300721E01_DRCL,True,data/msl/extracted/msl-labeled-data-set-v2.1/images/0318MR0013040150300721E01_DRCL.jpg,0318MR0013040150300721E01_DRCL,318,mastcam_right,Nearby surface
0628MH0004090060203629C00_DRCL.jpg,2,train,0628MH0004090060203629C00_DRCL,True,data/msl/extracted/msl-labeled-data-set-v2.1/images/0628MH0004090060203629C00_DRCL.jpg,0628MH0004090060203629C00_DRCL,628,mahli,Artifact
0659ML0027991330303304E01_DRCL.jpg,3,train,0659ML0027991330303304E01_DRCL,True,data/msl/extracted/msl-labeled-data-set-v2.1/images/0659ML0027991330303304E01_DRCL.jpg,0659ML0027991330303304E01_DRCL,659,mastcam_left,Nearby surface
0592ML0024920640300879E01_DRCL.jpg,10,train,0592ML0024920640300879E01_DRCL,True,data/msl/extracted/msl-labeled-data-set-v2.1/images/0592ML0024920640300879E01_DRCL.jpg,0592ML0024920640300879E01_DRCL,592,mastcam_left,Float
0813MH0002970020301028I01_DRCL.jpg,6,train,0813MH0002970020301028I01_DRCL,True,data/msl/extracted/msl-labeled-data-set-v2.1/images/0813MH0002970020301028I01_DRCL.jpg,0813MH0002970020301028I01_DRCL,813,mahli,DRT spot
0319ML0013050360107711E01_DRCL.jpg,3,train,0319ML0013050360107711E01_DRCL,True,data/msl/extracted/msl-labeled-data-set-v2.1/images/0319ML0013050360107711E01_DRCL.jpg,0319ML0013050360107711E01_DRCL,319,mastcam_left,Nearby surface
0617ML0026000050301845E01_DRCL.jpg,3,train,0617ML0026000050301845E01_DRCL,True,data/msl/extracted/msl-labeled-data-set-v2.1/images/0617ML0026000050301845E01_DRCL.jpg,0617ML0026000050301845E01_DRCL,617,mastcam_left,Nearby surface
0315MR0012920500300456E01_DRCL.jpg,3,train,0315MR0012920500300456E01_DRCL,True,data/msl/extracted/msl-labeled-data-set-v2.1/images/0315MR0012920500300456E01_DRCL.jpg,0315MR0012920500300456E01_DRCL,315,mastcam_right,Nearby surface
0180MH0001460020102518E01_DRCL.jpg,4,train,0180MH0001460020102518E01_DRCL,True,data/msl/extracted/msl-labeled-data-set-v2.1/images/0180MH0001460020102518E01_DRCL.jpg,0180MH0001460020102518E01_DRCL,180,mahli,Close-up rock
0111ML0006870270103594E01_DRCL.jpg,10,train,0111ML0006870270103594E01_DRCL,True,data/msl/extracted/msl-labeled-data-set-v2.1/images/0111ML0006870270103594E01_DRCL.jpg,0111ML0006870270103594E01_DRCL,111,mastcam_left,Float
0637ML0027090010302708E01_DRCL.jpg,3,train,0637ML0027090010302708E01_DRCL,True,data/msl/extracted/msl-labeled-data-set-v2.1/images/0637ML0027090010302708E01_DRCL.jpg,0637ML0027090010302708E01_DRCL,637,mastcam_left,Nearby surface
0728ML0031190070305102E01_DRCL.jpg,3,train,0728ML0031190070305102E01_DRCL,True,data/msl/extracted/msl-labeled-data-set-v2.1/images/0728ML0031190070305102E01_DRCL.jpg,0728ML0031190070305102E01_DRCL,728,mastcam_left,Nearby surface
0541ML0021341140203836E01_DRCL.jpg,3,train,0541ML0021341140203836E01_DRCL,True,data/msl/extracted/msl-labeled-data-set-v2.1/images/0541ML0021341140203836E01_DRCL.jpg,0541ML0021341140203836E01_DRCL,541,mastcam_left,Nearby surface
0721ML0030840060304968D01_DRCL.jpg,3,train,0721ML0030840060304968D01_DRCL,True,data/msl/extracted/msl-labeled-data-set-v2.1/images/0721ML0030840060304968D01_DRCL.jpg,0721ML0030840060304968D01_DRCL,721,mastcam_left,Nearby surface
0921ML0040400110402664C00_DRCL.jpg,11,train,0921ML0040400110402664C00_DRCL,True,data/msl/extracted/msl-labeled-data-set-v2.1/images/0921ML0040400110402664C00_DRCL.jpg,0921ML0040400110402664C00_DRCL,921,mastcam_left,Layers
0717MR0030420490402744E01_DRCL.jpg,10,train,0717MR0030420490402744E01_DRCL,True,data/msl/extracted/msl-labeled-data-set-v2.1/images/0717MR0030420490402744E01_DRCL.jpg,0717MR0030420490402744E01_DRCL,717,mastcam_right,Float
0178MH0001490020102467I01_DRCL.jpg,4,train,0178MH0001490020102467I01_DRCL,True,data/msl/extracted/msl-labeled-data-set-v2.1/images/0178MH0001490020102467I01_DRCL.jpg,0178MH0001490020102467I01_DRCL,178,mahli,Close-up rock
0739ML0031640900205428E01_DRCL.jpg,10,train,0739ML0031640900205428E01_DRCL,True,data/msl/extracted/msl-labeled-data-set-v2.1/images/0739ML0031640900205428E01_DRCL.jpg,0739ML0031640900205428E01_DRCL,739,mastcam_left,Float
0580ML0024071580300169I01_DRCL.jpg,3,train,0580ML0024071580300169I01_DRCL,True,data/msl/extracted/msl-labeled-data-set-v2.1/images/0580ML0024071580300169I01_DRCL.jpg,0580ML0024071580300169I01_DRCL,580,mastcam_left,Nearby surface
0747ML0032150250205879E01_DRCL.jpg,3,train,0747ML0032150250205879E01_DRCL,True,data/msl/extracted/msl-labeled-data-set-v2.1/images/0747ML0032150250205879E01_DRCL.jpg,0747ML0032150250205879E01_DRCL,747,mastcam_left,Nearby surface
0020MR0001070030100406C00_DRCL.jpg,10,train,0020MR0001070030100406C00_DRCL,True,data/msl/extracted/msl-labeled-data-set-v2.1/images/0020MR0001070030100406C00_DRCL.jpg,0020MR0001070030100406C00_DRCL,20,mastcam_right,Float
0610ML0025680190301595E01_DRCL.jpg,3,train,0610ML0025680190301595E01_DRCL,True,data/msl/extracted/msl-labeled-data-set-v2.1/images/0610ML0025680190301595E01_DRCL.jpg,0610ML0025680190301595E01_DRCL,610,mastcam_left,Nearby surface
0744MR0031940220403347E01_DRCL.jpg,11,train,0744MR0031940220403347E01_DRCL,True,data/msl/extracted/msl-labeled-data-set-v2.1/images/0744MR0031940220403347E01_DRCL.jpg,0744MR0031940220403347E01_DRCL,744,mastcam_right,Layers
0193ML0010240130105871E01_DRCL.jpg,3,train,0193ML0010240130105871E01_DRCL,True,data/msl/extracted/msl-labeled-data-set-v2.1/images/0193ML0010240130105871E01_DRCL.jpg,0193ML0010240130105871E01_DRCL,193,mastcam_left,Nearby surface
0165MH0001880180102010J00_DRCL.jpg,4,train,0165MH0001880180102010J00_DRCL,True,data/msl/extracted/msl-labeled-data-set-v2.1/images/0165MH0001880180102010J00_DRCL.jpg,0165MH0001880180102010J00_DRCL,165,mahli,Close-up rock
0307ML0012720000106601I01_DRCL.jpg,3,train,0307ML0012720000106601I01_DRCL,True,data/msl/extracted/msl-labeled-data-set-v2.1/images/0307ML0012720000106601I01_DRCL.jpg,0307ML0012720000106601I01_DRCL,307,mastcam_left,Nearby surface
0056MR0002620080103100E01_DRCL.jpg,14,train,0056MR0002620080103100E01_DRCL,True,data/msl/extracted/msl-labeled-data-set-v2.1/images/0056MR0002620080103100E01_DRCL.jpg,0056MR0002620080103100E01_DRCL,56,mastcam_right,Sand
0721ML0030830070304962I01_DRCL.jpg,2,train,0721ML0030830070304962I01_DRCL,True,data/msl/extracted/msl-labeled-data-set-v2.1/images/0721ML0030830070304962I01_DRCL.jpg,0721ML0030830070304962I01_DRCL,721,mastcam_left,Artifact
0168MH0002080020102093I01_DRCL.jpg,4,train,0168MH0002080020102093I01_DRCL,True,data/msl/extracted/msl-labeled-data-set-v2.1/images/0168MH0002080020102093I01_DRCL.jpg,0168MH0002080020102093I01_DRCL,168,mahli,Close-up rock
0758MH0004270020204704I01_DRCL.jpg,6,train,0758MH0004270020204704I01_DRCL,True,data/msl/extracted/msl-labeled-data-set-v2.1/images/0758MH0004270020204704I01_DRCL.jpg,0758MH0004270020204704I01_DRCL,758,mahli,DRT spot
0540MR0021311300303594E01_DRCL.jpg,10,train,0540MR0021311300303594E01_DRCL,True,data/msl/extracted/msl-labeled-data-set-v2.1/images/0540MR0021311300303594E01_DRCL.jpg,0540MR0021311300303594E01_DRCL,540,mastcam_right,Float
0177MR0009480010201984C00_DRCL.jpg,3,train,0177MR0009480010201984C00_DRCL,True,data/msl/extracted/msl-labeled-data-set-v2.1/images/0177MR0009480010201984C00_DRCL.jpg,0177MR0009480010201984C00_DRCL,177,mastcam_right,Nearby surface
0776MR0033630020403972C00_DRCL.jpg,3,train,0776MR0033630020403972C00_DRCL,True,data/msl/extracted/msl-labeled-data-set-v2.1/images/0776MR0033630020403972C00_DRCL.jpg,0776MR0033630020403972C00_DRCL,776,mastcam_right,Nearby surface
0305ML0012620060106525I01_DRCL.jpg,3,train,0305ML0012620060106525I01_DRCL,True,data/msl/extracted/msl-labeled-data-set-v2.1/images/0305ML0012620060106525I01_DRCL.jpg,0305ML0012620060106525I01_DRCL,305,mastcam_left,Nearby surface
0162MR0008710070201415E01_DRCL.jpg,3,train,0162MR0008710070201415E01_DRCL,True,data/msl/extracted/msl-labeled-data-set-v2.1/images/0162MR0008710070201415E01_DRCL.jpg,0162MR0008710070201415E01_DRCL,162,mastcam_right,Nearby surface
0744MR0031900080403301E01_DRCL.jpg,10,train,0744MR0031900080403301E01_DRCL,True,data/msl/extracted/msl-labeled-data-set-v2.1/images/0744MR0031900080403301E01_DRCL.jpg,0744MR0031900080403301E01_DRCL,744,mastcam_right,Float
0619ML0026020460302217E01_DRCL.jpg,10,train,0619ML0026020460302217E01_DRCL,True,data/msl/extracted/msl-labeled-data-set-v2.1/images/0619ML0026020460302217E01_DRCL.jpg,0619ML0026020460302217E01_DRCL,619,mastcam_left,Float
0705MR0029880070402455D01_DRCL.jpg,3,train,0705MR0029880070402455D01_DRCL,True,data/msl/extracted/msl-labeled-data-set-v2.1/images/0705MR0029880070402455D01_DRCL.jpg,0705MR0029880070402455D01_DRCL,705,mastcam_right,Nearby surface
0819MH0001900000301500I01_DRCL.jpg,6,train,0819MH0001900000301500I01_DRCL,True,data/msl/extracted/msl-labeled-data-set-v2.1/images/0819MH0001900000301500I01_DRCL.jpg,0819MH0001900000301500I01_DRCL,819,mahli,DRT spot
0571MR0023130440304085I01_DRCL.jpg,11,train,0571MR0023130440304085I01_DRCL,True,data/msl/extracted/msl-labeled-data-set-v2.1/images/0571MR0023130440304085I01_DRCL.jpg,0571MR0023130440304085I01_DRCL,571,mastcam_right,Layers
0300MR0012410020203741E01_DRCL.jpg,3,train,0300MR0012410020203741E01_DRCL,True,data/msl/extracted/msl-labeled-data-set-v2.1/images/0300MR0012410020203741E01_DRCL.jpg,0300MR0012410020203741E01_DRCL,300,mastcam_right,Nearby surface
0635MR0026950010401791E01_DRCL.jpg,3,train,0635MR0026950010401791E01_DRCL,True,data/msl/extracted/msl-labeled-data-set-v2.1/images/0635MR0026950010401791E01_DRCL.jpg,0635MR0026950010401791E01_DRCL,635,mastcam_right,Nearby surface
0313MR0012861330300135E01_DRCL.jpg,3,train,0313MR0012861330300135E01_DRCL,True,data/msl/extracted/msl-labeled-data-set-v2.1/images/0313MR0012861330300135E01_DRCL.jpg,0313MR0012861330300135E01_DRCL,313,mastcam_right,Nearby surface
0580ML0024072300300241I01_DRCL.jpg,3,train,0580ML0024072300300241I01_DRCL,True,data/msl/extracted/msl-labeled-data-set-v2.1/images/0580ML0024072300300241I01_DRCL.jpg,0580ML0024072300300241I01_DRCL,580,mastcam_left,Nearby surface
0503MH0002990000200595I01_DRCL.jpg,2,train,0503MH0002990000200595I01_DRCL,True,data/msl/extracted/msl-labeled-data-set-v2.1/images/0503MH0002990000200595I01_DRCL.jpg,0503MH0002990000200595I01_DRCL,503,mahli,Artifact
0200MR0000470000202869D01_DRCL.jpg,3,train,0200MR0000470000202869D01_DRCL,True,data/msl/extracted/msl-labeled-data-set-v2.1/images/0200MR0000470000202869D01_DRCL.jpg,0200MR0000470000202869D01_DRCL,200,mastcam_right,Nearby surface
0537MH0003370000201410I01_DRCL.jpg,2,train,0537MH0003370000201410I01_DRCL,True,data/msl/extracted/msl-labeled-data-set-v2.1/images/0537MH0003370000201410I01_DRCL.jpg,0537MH0003370000201410I01_DRCL,537,mahli,Artifact
0551ML0022330070204365E01_DRCL.jpg,3,train,0551ML0022330070204365E01_DRCL,True,data/msl/extracted/msl-labeled-data-set-v2.1/images/0551ML0022330070204365E01_DRCL.jpg,0551ML0022330070204365E01_DRCL,551,mastcam_left,Nearby surface
0170ML0009051110104790E01_DRCL.jpg,3,train,0170ML0009051110104790E01_DRCL,True,data/msl/extracted/msl-labeled-data-set-v2.1/images/0170ML0009051110104790E01_DRCL.jpg,0170ML0009051110104790E01_DRCL,170,mastcam_left,Nearby surface
0626MR0026770130401606D01_DRCL.jpg,13,train,0626MR0026770130401606D01_DRCL,True,data/msl/extracted/msl-labeled-data-set-v2.1/images/0626MR0026770130401606D01_DRCL.jpg,0626MR0026770130401606D01_DRCL,626,mastcam_right,Mastcam cal target
0108ML0006830130103257E01_DRCL.jpg,7,train,0108ML0006830130103257E01_DRCL,True,data/msl/extracted/msl-labeled-data-set-v2.1/images/0108ML0006830130103257E01_DRCL.jpg,0108ML0006830130103257E01_DRCL,108,mastcam_left,Distant landscape
0617ML0026000430301883E01_DRCL.jpg,3,train,0617ML0026000430301883E01_DRCL,True,data/msl/extracted/msl-labeled-data-set-v2.1/images/0617ML0026000430301883E01_DRCL.jpg,0617ML0026000430301883E01_DRCL,617,mastcam_left,Nearby surface
0323MR0013140330300979E01_DRCL.jpg,3,train,0323MR0013140330300979E01_DRCL,True,data/msl/extracted/msl-labeled-data-set-v2.1/images/0323MR0013140330300979E01_DRCL.jpg,0323MR0013140330300979E01_DRCL,323,mastcam_right,Nearby surface
0315MR0012920610300467E01_DRCL.jpg,3,train,0315MR0012920610300467E01_DRCL,True,data/msl/extracted/msl-labeled-data-set-v2.1/images/0315MR0012920610300467E01_DRCL.jpg,0315MR0012920610300467E01_DRCL,315,mastcam_right,Nearby surface
0585MH0002970020202792I01_DRCL.jpg,4,train,0585MH0002970020202792I01_DRCL,True,data/msl/extracted/msl-labeled-data-set-v2.1/images/0585MH0002970020202792I01_DRCL.jpg,0585MH0002970020202792I01_DRCL,585,mahli,Close-up rock
0192ML0010200040105679D01_DRCL.jpg,2,train,0192ML0010200040105679D01_DRCL,True,data/msl/extracted/msl-labeled-data-set-v2.1/images/0192ML0010200040105679D01_DRCL.jpg,0192ML0010200040105679D01_DRCL,192,mastcam_left,Artifact
0141MR0008200760201172E01_DRCL.jpg,3,train,0141MR0008200760201172E01_DRCL,True,data/msl/extracted/msl-labeled-data-set-v2.1/images/0141MR0008200760201172E01_DRCL.jpg,0141MR0008200760201172E01_DRCL,141,mastcam_right,Nearby surface
0744MH0003250050204520E01_DRCL.jpg,7,train,0744MH0003250050204520E01_DRCL,True,data/msl/extracted/msl-labeled-data-set-v2.1/images/0744MH0003250050204520E01_DRCL.jpg,0744MH0003250050204520E01_DRCL,744,mahli,Distant landscape
0289ML0009620000106327M00_DRCL.jpg,2,train,0289ML0009620000106327M00_DRCL,True,data/msl/extracted/msl-labeled-data-set-v2.1/images/0289ML0009620000106327M00_DRCL.jpg,0289ML0009620000106327M00_DRCL,289,mastcam_left,Artifact
0936MH0004810060303382I01_DRCL.jpg,4,train,0936MH0004810060303382I01_DRCL,True,data/msl/extracted/msl-labeled-data-set-v2.1/images/0936MH0004810060303382I01_DRCL.jpg,0936MH0004810060303382I01_DRCL,936,mahli,Close-up rock
0172MR0009240900201771E01_DRCL.jpg,3,train,0172MR0009240900201771E01_DRCL,True,data/msl/extracted/msl-labeled-data-set-v2.1/images/0172MR0009240900201771E01_DRCL.jpg,0172MR0009240900201771E01_DRCL,172,mastcam_right,Nearby surface
0771ML0033110010400136D01_DRCL.jpg,13,train,0771ML0033110010400136D01_DRCL,True,data/msl/extracted/msl-labeled-data-set-v2.1/images/0771ML0033110010400136D01_DRCL.jpg,0771ML0033110010400136D01_DRCL,771,mastcam_left,Mastcam cal target
0766ML0032950090400124C00_DRCL.jpg,14,train,0766ML0032950090400124C00_DRCL,True,data/msl/extracted/msl-labeled-data-set-v2.1/images/0766ML0032950090400124C00_DRCL.jpg,0766ML0032950090400124C00_DRCL,766,mastcam_left,Sand
0590MR0024830300400502E01_DRCL.jpg,7,train,0590MR0024830300400502E01_DRCL,True,data/msl/extracted/msl-labeled-data-set-v2.1/images/0590MR0024830300400502E01_DRCL.jpg,0590MR0024830300400502E01_DRCL,590,mastcam_right,Distant landscape
0537MH0001730020201403I01_DRCL.jpg,4,train,0537MH0001730020201403I01_DRCL,True,data/msl/extracted/msl-labeled-data-set-v2.1/images/0537MH0001730020201403I01_DRCL.jpg,0537MH0001730020201403I01_DRCL,537,mahli,Close-up rock
0510MH0001520010200764C00_DRCL.jpg,4,train,0510MH0001520010200764C00_DRCL,True,data/msl/extracted/msl-labeled-data-set-v2.1/images/0510MH0001520010200764C00_DRCL.jpg,0510MH0001520010200764C00_DRCL,510,mahli,Close-up rock
0808MH0004460010300791C00_DRCL.jpg,6,train,0808MH0004460010300791C00_DRCL,True,data/msl/extracted/msl-labeled-data-set-v2.1/images/0808MH0004460010300791C00_DRCL.jpg,0808MH0004460010300791C00_DRCL,808,mahli,DRT spot
0741MR0031820000403169E01_DRCL.jpg,3,train,0741MR0031820000403169E01_DRCL,True,data/msl/extracted/msl-labeled-data-set-v2.1/images/0741MR0031820000403169E01_DRCL.jpg,0741MR0031820000403169E01_DRCL,741,mastcam_right,Nearby surface
0322MH0002990020104018I01_DRCL.jpg,4,train,0322MH0002990020104018I01_DRCL,True,data/msl/extracted/msl-labeled-data-set-v2.1/images/0322MH0002990020104018I01_DRCL.jpg,0322MH0002990020104018I01_DRCL,322,mahli,Close-up rock
0379MR0015640000301837E01_DRCL.jpg,3,train,0379MR0015640000301837E01_DRCL,True,data/msl/extracted/msl-labeled-data-set-v2.1/images/0379MR0015640000301837E01_DRCL.jpg,0379MR0015640000301837E01_DRCL,379,mastcam_right,Nearby surface
0632ML0026170370302600E01_DRCL.jpg,3,train,0632ML0026170370302600E01_DRCL,True,data/msl/extracted/msl-labeled-data-set-v2.1/images/0632ML0026170370302600E01_DRCL.jpg,0632ML0026170370302600E01_DRCL,632,mastcam_left,Nearby surface
0468ML0018660350202038C00_DRCL.jpg,7,train,0468ML0018660350202038C00_DRCL,True,data/msl/extracted/msl-labeled-data-set-v2.1/images/0468ML0018660350202038C00_DRCL.jpg,0468ML0018660350202038C00_DRCL,468,mastcam_left,Distant landscape
0109ML0006850340103388E01_DRCL.jpg,3,train,0109ML0006850340103388E01_DRCL,True,data/msl/extracted/msl-labeled-data-set-v2.1/images/0109ML0006850340103388E01_DRCL.jpg,0109ML0006850340103388E01_DRCL,109,mastcam_left,Nearby surface
0054MH0000170030100297I01_DRCL.jpg,4,train,0054MH0000170030100297I01_DRCL,True,data/msl/extracted/msl-labeled-data-set-v2.1/images/0054MH0000170030100297I01_DRCL.jpg,0054MH0000170030100297I01_DRCL,54,mahli,Close-up rock
0072MR0005610100103635E01_DRCL.jpg,3,train,0072MR0005610100103635E01_DRCL,True,data/msl/extracted/msl-labeled-data-set-v2.1/images/0072MR0005610100103635E01_DRCL.jpg,0072MR0005610100103635E01_DRCL,72,mastcam_right,Nearby surface
0054MH0000160020100243I01_DRCL.jpg,2,train,0054MH0000160020100243I01_DRCL,True,data/msl/extracted/msl-labeled-data-set-v2.1/images/0054MH0000160020100243I01_DRCL.jpg,0054MH0000160020100243I01_DRCL,54,mahli,Artifact
0318ML0013040700107628E01_DRCL.jpg,3,train,0318ML0013040700107628E01_DRCL,True,data/msl/extracted/msl-labeled-data-set-v2.1/images/0318ML0013040700107628E01_DRCL.jpg,0318ML0013040700107628E01_DRCL,318,mastcam_left,Nearby surface
0331ML0013380030107950D01_DRCL.jpg,13,train,0331ML0013380030107950D01_DRCL,True,data/msl/extracted/msl-labeled-data-set-v2.1/images/0331ML0013380030107950D01_DRCL.jpg,0331ML0013380030107950D01_DRCL,331,mastcam_left,Mastcam cal target
0738ML0031590010205331E01_DRCL.jpg,3,train,0738ML0031590010205331E01_DRCL,True,data/msl/extracted/msl-labeled-data-set-v2.1/images/0738ML0031590010205331E01_DRCL.jpg,0738ML0031590010205331E01_DRCL,738,mastcam_left,Nearby surface
0608MR0025650000400986E01_DRCL.jpg,3,train,0608MR0025650000400986E01_DRCL,True,data/msl/extracted/msl-labeled-data-set-v2.1/images/0608MR0025650000400986E01_DRCL.jpg,0608MR0025650000400986E01_DRCL,608,mastcam_right,Nearby surface
0733MR0031440180403055E01_DRCL.jpg,3,train,0733MR0031440180403055E01_DRCL,True,data/msl/extracted/msl-labeled-data-set-v2.1/images/0733MR0031440180403055E01_DRCL.jpg,0733MR0031440180403055E01_DRCL,733,mastcam_right,Nearby surface
0595ML0025030070301037E01_DRCL.jpg,3,train,0595ML0025030070301037E01_DRCL,True,data/msl/extracted/msl-labeled-data-set-v2.1/images/0595ML0025030070301037E01_DRCL.jpg,0595ML0025030070301037E01_DRCL,595,mastcam_left,Nearby surface
0647ML0027511280303044E01_DRCL.jpg,3,train,0647ML0027511280303044E01_DRCL,True,data/msl/extracted/msl-labeled-data-set-v2.1/images/0647ML0027511280303044E01_DRCL.jpg,0647ML0027511280303044E01_DRCL,647,mastcam_left,Nearby surface
0188ML0010090310105669E01_DRCL.jpg,3,train,0188ML0010090310105669E01_DRCL,True,data/msl/extracted/msl-labeled-data-set-v2.1/images/0188ML0010090310105669E01_DRCL.jpg,0188ML0010090310105669E01_DRCL,188,mastcam_left,Nearby surface
0149MH0001660010101289I01_DRCL.jpg,4,train,0149MH0001660010101289I01_DRCL,True,data/msl/extracted/msl-labeled-data-set-v2.1/images/0149MH0001660010101289I01_DRCL.jpg,0149MH0001660010101289I01_DRCL,149,mahli,Close-up rock
0531MH0002990000201160I01_DRCL.jpg,2,train,0531MH0002990000201160I01_DRCL,True,data/msl/extracted/msl-labeled-data-set-v2.1/images/0531MH0002990000201160I01_DRCL.jpg,0531MH0002990000201160I01_DRCL,531,mahli,Artifact
0609ML0025690150301565E01_DRCL.jpg,3,train,0609ML0025690150301565E01_DRCL,True,data/msl/extracted/msl-labeled-data-set-v2.1/images/0609ML0025690150301565E01_DRCL.jpg,0609ML0025690150301565E01_DRCL,609,mastcam_left,Nearby surface
0610ML0025680960301672E01_DRCL.jpg,14,train,0610ML0025680960301672E01_DRCL,True,data/msl/extracted/msl-labeled-data-set-v2.1/images/0610ML0025680960301672E01_DRCL.jpg,0610ML0025680960301672E01_DRCL,610,mastcam_left,Sand
0797ML0034870070400777E01_DRCL.jpg,3,train,0797ML0034870070400777E01_DRCL,True,data/msl/extracted/msl-labeled-data-set-v2.1/images/0797ML0034870070400777E01_DRCL.jpg,0797ML0034870070400777E01_DRCL,797,mastcam_left,Nearby surface
0771MR0033110090403879D01_DRCL.jpg,13,train,0771MR0033110090403879D01_DRCL,True,data/msl/extracted/msl-labeled-data-set-v2.1/images/0771MR0033110090403879D01_DRCL.jpg,0771MR0033110090403879D01_DRCL,771,mastcam_right,Mastcam cal target
0323MH0001680020104095I01_DRCL.jpg,4,train,0323MH0001680020104095I01_DRCL,True,data/msl/extracted/msl-labeled-data-set-v2.1/images/0323MH0001680020104095I01_DRCL.jpg,0323MH0001680020104095I01_DRCL,323,mahli,Close-up rock
0172ML0009240370104916E01_DRCL.jpg,3,train,0172ML0009240370104916E01_DRCL,True,data/msl/extracted/msl-labeled-data-set-v2.1/images/0172ML0009240370104916E01_DRCL.jpg,0172ML0009240370104916E01_DRCL,172,mastcam_left,Nearby surface
0860MH0003080020302082I01_DRCL.jpg,4,train,0860MH0003080020302082I01_DRCL,True,data/msl/extracted/msl-labeled-data-set-v2.1/images/0860MH0003080020302082I01_DRCL.jpg,0860MH0003080020302082I01_DRCL,860,mahli,Close-up rock
0058MH0000240020100433I01_DRCL.jpg,4,train,0058MH0000240020100433I01_DRCL,True,data/msl/extracted/msl-labeled-data-set-v2.1/images/0058MH0000240020100433I01_DRCL.jpg,0058MH0000240020100433I01_DRCL,58,mahli,Close-up rock
0318MR0013020580300665E01_DRCL.jpg,3,train,0318MR0013020580300665E01_DRCL,True,data/msl/extracted/msl-labeled-data-set-v2.1/images/0318MR0013020580300665E01_DRCL.jpg,0318MR0013020580300665E01_DRCL,318,mastcam_right,Nearby surface
0019MR0000540390100209C00_DRCL.jpg,3,train,0019MR0000540390100209C00_DRCL,True,data/msl/extracted/msl-labeled-data-set-v2.1/images/0019MR0000540390100209C00_DRCL.jpg,0019MR0000540390100209C00_DRCL,19,mastcam_right,Nearby surface
0637ML0027110040302721E01_DRCL.jpg,7,train,0637ML0027110040302721E01_DRCL,True,data/msl/extracted/msl-labeled-data-set-v2.1/images/0637ML0027110040302721E01_DRCL.jpg,0637ML0027110040302721E01_DRCL,637,mastcam_left,Distant landscape
0663ML0028210320303396E01_DRCL.jpg,7,train,0663ML0028210320303396E01_DRCL,True,data/msl/extracted/msl-labeled-data-set-v2.1/images/0663ML0028210320303396E01_DRCL.jpg,0663ML0028210320303396E01_DRCL,663,mastcam_left,Distant landscape
0042ML0001830110101802D01_DRCL.jpg,15,train,0042ML0001830110101802D01_DRCL,True,data/msl/extracted/msl-labeled-data-set-v2.1/images/0042ML0001830110101802D01_DRCL.jpg,0042ML0001830110101802D01_DRCL,42,mastcam_left,Sun
0122MR0007640120200766D01_DRCL.jpg,3,train,0122MR0007640120200766D01_DRCL,True,data/msl/extracted/msl-labeled-data-set-v2.1/images/0122MR0007640120200766D01_DRCL.jpg,0122MR0007640120200766D01_DRCL,122,mastcam_right,Nearby surface
0349ML0014190000108329E01_DRCL.jpg,7,train,0349ML0014190000108329E01_DRCL,True,data/msl/extracted/msl-labeled-data-set-v2.1/images/0349ML0014190000108329E01_DRCL.jpg,0349ML0014190000108329E01_DRCL,349,mastcam_left,Distant landscape
0186ML0009270300105511E01_DRCL.jpg,3,train,0186ML0009270300105511E01_DRCL,True,data/msl/extracted/msl-labeled-data-set-v2.1/images/0186ML0009270300105511E01_DRCL.jpg,0186ML0009270300105511E01_DRCL,186,mastcam_left,Nearby surface
0744MR0031940110403336E01_DRCL.jpg,11,train,0744MR0031940110403336E01_DRCL,True,data/msl/extracted/msl-labeled-data-set-v2.1/images/0744MR0031940110403336E01_DRCL.jpg,0744MR0031940110403336E01_DRCL,744,mastcam_right,Layers
0824MH0001520000301566I01_DRCL.jpg,2,train,0824MH0001520000301566I01_DRCL,True,data/msl/extracted/msl-labeled-data-set-v2.1/images/0824MH0001520000301566I01_DRCL.jpg,0824MH0001520000301566I01_DRCL,824,mahli,Artifact
0703MR0029770730402360E01_DRCL.jpg,3,train,0703MR0029770730402360E01_DRCL,True,data/msl/extracted/msl-labeled-data-set-v2.1/images/0703MR0029770730402360E01_DRCL.jpg,0703MR0029770730402360E01_DRCL,703,mastcam_right,Nearby surface
0157MR0008560010201330E01_DRCL.jpg,3,train,0157MR0008560010201330E01_DRCL,True,data/msl/extracted/msl-labeled-data-set-v2.1/images/0157MR0008560010201330E01_DRCL.jpg,0157MR0008560010201330E01_DRCL,157,mastcam_right,Nearby surface
0161MH0001680020101889I01_DRCL.jpg,4,train,0161MH0001680020101889I01_DRCL,True,data/msl/extracted/msl-labeled-data-set-v2.1/images/0161MH0001680020101889I01_DRCL.jpg,0161MH0001680020101889I01_DRCL,161,mahli,Close-up rock
0815MH0001740000301437I01_DRCL.jpg,2,train,0815MH0001740000301437I01_DRCL,True,data/msl/extracted/msl-labeled-data-set-v2.1/images/0815MH0001740000301437I01_DRCL.jpg,0815MH0001740000301437I01_DRCL,815,mahli,Artifact
0075MR0005640020103730I01_DRCL.jpg,7,train,0075MR0005640020103730I01_DRCL,True,data/msl/extracted/msl-labeled-data-set-v2.1/images/0075MR0005640020103730I01_DRCL.jpg,0075MR0005640020103730I01_DRCL,75,mastcam_right,Distant landscape
0037MR0000990110101057D01_DRCL.jpg,15,train,0037MR0000990110101057D01_DRCL,True,data/msl/extracted/msl-labeled-data-set-v2.1/images/0037MR0000990110101057D01_DRCL.jpg,0037MR0000990110101057D01_DRCL,37,mastcam_right,Sun
0544MR0021910070303719D01_DRCL.jpg,3,train,0544MR0021910070303719D01_DRCL,True,data/msl/extracted/msl-labeled-data-set-v2.1/images/0544MR0021910070303719D01_DRCL.jpg,0544MR0021910070303719D01_DRCL,544,mastcam_right,Nearby surface
0673ML0028661030303822E01_DRCL.jpg,14,train,0673ML0028661030303822E01_DRCL,True,data/msl/extracted/msl-labeled-data-set-v2.1/images/0673ML0028661030303822E01_DRCL.jpg,0673ML0028661030303822E01_DRCL,673,mastcam_left,Sand
0149MH0001680020101323I01_DRCL.jpg,4,train,0149MH0001680020101323I01_DRCL,True,data/msl/extracted/msl-labeled-data-set-v2.1/images/0149MH0001680020101323I01_DRCL.jpg,0149MH0001680020101323I01_DRCL,149,mahli,Close-up rock
0085MH0001140000101011E01_DRCL.jpg,10,train,0085MH0001140000101011E01_DRCL,True,data/msl/extracted/msl-labeled-data-set-v2.1/images/0085MH0001140000101011E01_DRCL.jpg,0085MH0001140000101011E01_DRCL,85,mahli,Float
0603ML0025470020301391E01_DRCL.jpg,14,train,0603ML0025470020301391E01_DRCL,True,data/msl/extracted/msl-labeled-data-set-v2.1/images/0603ML0025470020301391E01_DRCL.jpg,0603ML0025470020301391E01_DRCL,603,mastcam_left,Sand
0703ML0029770660304471I01_DRCL.jpg,3,train,0703ML0029770660304471I01_DRCL,True,data/msl/extracted/msl-labeled-data-set-v2.1/images/0703ML0029770660304471I01_DRCL.jpg,0703ML0029770660304471I01_DRCL,703,mastcam_left,Nearby surface
0082MR0005950100104080I01_DRCL.jpg,10,train,0082MR0005950100104080I01_DRCL,True,data/msl/extracted/msl-labeled-data-set-v2.1/images/0082MR0005950100104080I01_DRCL.jpg,0082MR0005950100104080I01_DRCL,82,mastcam_right,Float
0664ML0028260030303542E01_DRCL.jpg,7,train,0664ML0028260030303542E01_DRCL,True,data/msl/extracted/msl-labeled-data-set-v2.1/images/0664ML0028260030303542E01_DRCL.jpg,0664ML0028260030303542E01_DRCL,664,mastcam_left,Distant landscape
0533MR0021110090303407E01_DRCL.jpg,10,train,0533MR0021110090303407E01_DRCL,True,data/msl/extracted/msl-labeled-data-set-v2.1/images/0533MR0021110090303407E01_DRCL.jpg,0533MR0021110090303407E01_DRCL,533,mastcam_right,Float
0058MH0000310030100475I01_DRCL.jpg,4,train,0058MH0000310030100475I01_DRCL,True,data/msl/extracted/msl-labeled-data-set-v2.1/images/0058MH0000310030100475I01_DRCL.jpg,0058MH0000310030100475I01_DRCL,58,mahli,Close-up rock
0184MR0009250950202157E01_DRCL.jpg,10,train,0184MR0009250950202157E01_DRCL,True,data/msl/extracted/msl-labeled-data-set-v2.1/images/0184MR0009250950202157E01_DRCL.jpg,0184MR0009250950202157E01_DRCL,184,mastcam_right,Float
0580ML0024070660300077I01_DRCL.jpg,3,train,0580ML0024070660300077I01_DRCL,True,data/msl/extracted/msl-labeled-data-set-v2.1/images/0580ML0024070660300077I01_DRCL.jpg,0580ML0024070660300077I01_DRCL,580,mastcam_left,Nearby surface
0089MR0006170150104271E01_DRCL.jpg,14,train,0089MR0006170150104271E01_DRCL,True,data/msl/extracted/msl-labeled-data-set-v2.1/images/0089MR0006170150104271E01_DRCL.jpg,0089MR0006170150104271E01_DRCL,89,mastcam_right,Sand
0467MR0018630670302826C00_DRCL.jpg,7,train,0467MR0018630670302826C00_DRCL,True,data/msl/extracted/msl-labeled-data-set-v2.1/images/0467MR0018630670302826C00_DRCL.jpg,0467MR0018630670302826C00_DRCL,467,mastcam_right,Distant landscape
0401ML0016620230200810E01_DRCL.jpg,3,train,0401ML0016620230200810E01_DRCL,True,data/msl/extracted/msl-labeled-data-set-v2.1/images/0401ML0016620230200810E01_DRCL.jpg,0401ML0016620230200810E01_DRCL,401,mastcam_left,Nearby surface
0173ML0009260250105042E01_DRCL.jpg,11,train,0173ML0009260250105042E01_DRCL,True,data/msl/extracted/msl-labeled-data-set-v2.1/images/0173ML0009260250105042E01_DRCL.jpg,0173ML0009260250105042E01_DRCL,173,mastcam_left,Layers
0315MR0012910400300356E01_DRCL.jpg,3,train,0315MR0012910400300356E01_DRCL,True,data/msl/extracted/msl-labeled-data-set-v2.1/images/0315MR0012910400300356E01_DRCL.jpg,0315MR0012910400300356E01_DRCL,315,mastcam_right,Nearby surface
0314MR0012870010300186E01_DRCL.jpg,14,train,0314MR0012870010300186E01_DRCL,True,data/msl/extracted/msl-labeled-data-set-v2.1/images/0314MR0012870010300186E01_DRCL.jpg,0314MR0012870010300186E01_DRCL,314,mastcam_right,Sand
0048MR0002160120102678D01_DRCL.jpg,7,train,0048MR0002160120102678D01_DRCL,True,data/msl/extracted/msl-labeled-data-set-v2.1/images/0048MR0002160120102678D01_DRCL.jpg,0048MR0002160120102678D01_DRCL,48,mastcam_right,Distant landscape
0042MR0006330000102186I01_DRCL.jpg,2,train,0042MR0006330000102186I01_DRCL,True,data/msl/extracted/msl-labeled-data-set-v2.1/images/0042MR0006330000102186I01_DRCL.jpg,0042MR0006330000102186I01_DRCL,42,mastcam_right,Artifact
0071ML0004970060102577I01_DRCL.jpg,2,train,0071ML0004970060102577I01_DRCL,True,data/msl/extracted/msl-labeled-data-set-v2.1/images/0071ML0004970060102577I01_DRCL.jpg,0071ML0004970060102577I01_DRCL,71,mastcam_left,Artifact
0044MR0001990070102365D01_DRCL.jpg,3,train,0044MR0001990070102365D01_DRCL,True,data/msl/extracted/msl-labeled-data-set-v2.1/images/0044MR0001990070102365D01_DRCL.jpg,0044MR0001990070102365D01_DRCL,44,mastcam_right,Nearby surface
0162MH0001730000101940I01_DRCL.jpg,2,train,0162MH0001730000101940I01_DRCL,True,data/msl/extracted/msl-labeled-data-set-v2.1/images/0162MH0001730000101940I01_DRCL.jpg,0162MH0001730000101940I01_DRCL,162,mahli,Artifact
0110MR0006860080200311E01_DRCL.jpg,10,train,0110MR0006860080200311E01_DRCL,True,data/msl/extracted/msl-labeled-data-set-v2.1/images/0110MR0006860080200311E01_DRCL.jpg,0110MR0006860080200311E01_DRCL,110,mastcam_right,Float
0740MR0031720190403158E01_DRCL.jpg,3,train,0740MR0031720190403158E01_DRCL,True,data/msl/extracted/msl-labeled-data-set-v2.1/images/0740MR0031720190403158E01_DRCL.jpg,0740MR0031720190403158E01_DRCL,740,mastcam_right,Nearby surface
0813MH0004480040301108I01_DRCL.jpg,6,train,0813MH0004480040301108I01_DRCL,True,data/msl/extracted/msl-labeled-data-set-v2.1/images/0813MH0004480040301108I01_DRCL.jpg,0813MH0004480040301108I01_DRCL,813,mahli,DRT spot
0580MR0024072480400243E01_DRCL.jpg,3,train,0580MR0024072480400243E01_DRCL,True,data/msl/extracted/msl-labeled-data-set-v2.1/images/0580MR0024072480400243E01_DRCL.jpg,0580MR0024072480400243E01_DRCL,580,mastcam_right,Nearby surface
0601ML0025390080301287E01_DRCL.jpg,7,train,0601ML0025390080301287E01_DRCL,True,data/msl/extracted/msl-labeled-data-set-v2.1/images/0601ML0025390080301287E01_DRCL.jpg,0601ML0025390080301287E01_DRCL,601,mastcam_left,Distant landscape
0713ML0030340030304750E01_DRCL.jpg,7,train,0713ML0030340030304750E01_DRCL,True,data/msl/extracted/msl-labeled-data-set-v2.1/images/0713ML0030340030304750E01_DRCL.jpg,0713ML0030340030304750E01_DRCL,713,mastcam_left,Distant landscape
0315ML0012920700107286E01_DRCL.jpg,3,train,0315ML0012920700107286E01_DRCL,True,data/msl/extracted/msl-labeled-data-set-v2.1/images/0315ML0012920700107286E01_DRCL.jpg,0315ML0012920700107286E01_DRCL,315,mastcam_left,Nearby surface
0291MH0002750030103370I01_DRCL.jpg,4,train,0291MH0002750030103370I01_DRCL,True,data/msl/extracted/msl-labeled-data-set-v2.1/images/0291MH0002750030103370I01_DRCL.jpg,0291MH0002750030103370I01_DRCL,291,mahli,Close-up rock
0318MR0013020410300648E01_DRCL.jpg,3,train,0318MR0013020410300648E01_DRCL,True,data/msl/extracted/msl-labeled-data-set-v2.1/images/0318MR0013020410300648E01_DRCL.jpg,0318MR0013020410300648E01_DRCL,318,mastcam_right,Nearby surface
0138ML0008190270104283E01_DRCL.jpg,3,train,0138ML0008190270104283E01_DRCL,True,data/msl/extracted/msl-labeled-data-set-v2.1/images/0138ML0008190270104283E01_DRCL.jpg,0138ML0008190270104283E01_DRCL,138,mastcam_left,Nearby surface
0585MH0001730020202689I01_DRCL.jpg,4,train,0585MH0001730020202689I01_DRCL,True,data/msl/extracted/msl-labeled-data-set-v2.1/images/0585MH0001730020202689I01_DRCL.jpg,0585MH0001730020202689I01_DRCL,585,mahli,Close-up rock
0468ML0018660540202057C00_DRCL.jpg,3,train,0468ML0018660540202057C00_DRCL,True,data/msl/extracted/msl-labeled-data-set-v2.1/images/0468ML0018660540202057C00_DRCL.jpg,0468ML0018660540202057C00_DRCL,468,mastcam_left,Nearby surface
0593MR0024860100400642E01_DRCL.jpg,3,train,0593MR0024860100400642E01_DRCL,True,data/msl/extracted/msl-labeled-data-set-v2.1/images/0593MR0024860100400642E01_DRCL.jpg,0593MR0024860100400642E01_DRCL,593,mastcam_right,Nearby surface
0172ML0009240220104901E01_DRCL.jpg,3,train,0172ML0009240220104901E01_DRCL,True,data/msl/extracted/msl-labeled-data-set-v2.1/images/0172ML0009240220104901E01_DRCL.jpg,0172ML0009240220104901E01_DRCL,172,mastcam_left,Nearby surface
0663ML0028210180303382E01_DRCL.jpg,7,train,0663ML0028210180303382E01_DRCL,True,data/msl/extracted/msl-labeled-data-set-v2.1/images/0663ML0028210180303382E01_DRCL.jpg,0663ML0028210180303382E01_DRCL,663,mastcam_left,Distant landscape
0130ML0007990000103962I01_DRCL.jpg,3,train,0130ML0007990000103962I01_DRCL,True,data/msl/extracted/msl-labeled-data-set-v2.1/images/0130ML0007990000103962I01_DRCL.jpg,0130ML0007990000103962I01_DRCL,130,mastcam_left,Nearby surface
0192MR0010170340202518E01_DRCL.jpg,3,train,0192MR0010170340202518E01_DRCL,True,data/msl/extracted/msl-labeled-data-set-v2.1/images/0192MR0010170340202518E01_DRCL.jpg,0192MR0010170340202518E01_DRCL,192,mastcam_right,Nearby surface
0153ML0008480300104488E01_DRCL.jpg,3,train,0153ML0008480300104488E01_DRCL,True,data/msl/extracted/msl-labeled-data-set-v2.1/images/0153ML0008480300104488E01_DRCL.jpg,0153ML0008480300104488E01_DRCL,153,mastcam_left,Nearby surface
0290ML0012250020106374E01_DRCL.jpg,3,train,0290ML0012250020106374E01_DRCL,True,data/msl/extracted/msl-labeled-data-set-v2.1/images/0290ML0012250020106374E01_DRCL.jpg,0290ML0012250020106374E01_DRCL,290,mastcam_left,Nearby surface
0087ML0006090220102878I01_DRCL.jpg,2,train,0087ML0006090220102878I01_DRCL,True,data/msl/extracted/msl-labeled-data-set-v2.1/images/0087ML0006090220102878I01_DRCL.jpg,0087ML0006090220102878I01_DRCL,87,mastcam_left,Artifact
0813MH0002970000301091I01_DRCL.jpg,2,train,0813MH0002970000301091I01_DRCL,True,data/msl/extracted/msl-labeled-data-set-v2.1/images/0813MH0002970000301091I01_DRCL.jpg,0813MH0002970000301091I01_DRCL,813,mahli,Artifact
0806MH0003350000300685I01_DRCL.jpg,2,train,0806MH0003350000300685I01_DRCL,True,data/msl/extracted/msl-labeled-data-set-v2.1/images/0806MH0003350000300685I01_DRCL.jpg,0806MH0003350000300685I01_DRCL,806,mahli,Artifact
0275MH0002570020102970I01_DRCL.jpg,4,train,0275MH0002570020102970I01_DRCL,True,data/msl/extracted/msl-labeled-data-set-v2.1/images/0275MH0002570020102970I01_DRCL.jpg,0275MH0002570020102970I01_DRCL,275,mahli,Close-up rock
0541ML0021340320203754E01_DRCL.jpg,7,train,0541ML0021340320203754E01_DRCL,True,data/msl/extracted/msl-labeled-data-set-v2.1/images/0541ML0021340320203754E01_DRCL.jpg,0541ML0021340320203754E01_DRCL,541,mastcam_left,Distant landscape
0389ML0016000930200535E01_DRCL.jpg,3,train,0389ML0016000930200535E01_DRCL,True,data/msl/extracted/msl-labeled-data-set-v2.1/images/0389ML0016000930200535E01_DRCL.jpg,0389ML0016000930200535E01_DRCL,389,mastcam_left,Nearby surface
0069ML0004150000102558Q01_DRCL.jpg,1,train,0069ML0004150000102558Q01_DRCL,True,data/msl/extracted/msl-labeled-data-set-v2.1/images/0069ML0004150000102558Q01_DRCL.jpg,0069ML0004150000102558Q01_DRCL,69,mastcam_left,Other rover part
0397ML0016500060200760D01_DRCL.jpg,3,train,0397ML0016500060200760D01_DRCL,True,data/msl/extracted/msl-labeled-data-set-v2.1/images/0397ML0016500060200760D01_DRCL.jpg,0397ML0016500060200760D01_DRCL,397,mastcam_left,Nearby surface
0806ML0035280030400931D01_DRCL.jpg,15,train,0806ML0035280030400931D01_DRCL,True,data/msl/extracted/msl-labeled-data-set-v2.1/images/0806ML0035280030400931D01_DRCL.jpg,0806ML0035280030400931D01_DRCL,806,mastcam_left,Sun
0802MH0002240000300328I01_DRCL.jpg,2,train,0802MH0002240000300328I01_DRCL,True,data/msl/extracted/msl-labeled-data-set-v2.1/images/0802MH0002240000300328I01_DRCL.jpg,0802MH0002240000300328I01_DRCL,802,mahli,Artifact
0741ML0031820310205557E01_DRCL.jpg,3,train,0741ML0031820310205557E01_DRCL,True,data/msl/extracted/msl-labeled-data-set-v2.1/images/0741ML0031820310205557E01_DRCL.jpg,0741ML0031820310205557E01_DRCL,741,mastcam_left,Nearby surface
0078MR0005760110103846I01_DRCL.jpg,3,train,0078MR0005760110103846I01_DRCL,True,data/msl/extracted/msl-labeled-data-set-v2.1/images/0078MR0005760110103846I01_DRCL.jpg,0078MR0005760110103846I01_DRCL,78,mastcam_right,Nearby surface
0679ML0028860050304002E01_DRCL.jpg,3,train,0679ML0028860050304002E01_DRCL,True,data/msl/extracted/msl-labeled-data-set-v2.1/images/0679ML0028860050304002E01_DRCL.jpg,0679ML0028860050304002E01_DRCL,679,mastcam_left,Nearby surface
0551ML0022300340204346E01_DRCL.jpg,3,train,0551ML0022300340204346E01_DRCL,True,data/msl/extracted/msl-labeled-data-set-v2.1/images/0551ML0022300340204346E01_DRCL.jpg,0551ML0022300340204346E01_DRCL,551,mastcam_left,Nearby surface
0185MR0010050120202244E01_DRCL.jpg,3,train,0185MR0010050120202244E01_DRCL,True,data/msl/extracted/msl-labeled-data-set-v2.1/images/0185MR0010050120202244E01_DRCL.jpg,0185MR0010050120202244E01_DRCL,185,mastcam_right,Nearby surface
0939MR0041200010501898I01_DRCL.jpg,2,train,0939MR0041200010501898I01_DRCL,True,data/msl/extracted/msl-labeled-data-set-v2.1/images/0939MR0041200010501898I01_DRCL.jpg,0939MR0041200010501898I01_DRCL,939,mastcam_right,Artifact
0703ML0029771010304506I01_DRCL.jpg,2,train,0703ML0029771010304506I01_DRCL,True,data/msl/extracted/msl-labeled-data-set-v2.1/images/0703ML0029771010304506I01_DRCL.jpg,0703ML0029771010304506I01_DRCL,703,mastcam_left,Artifact
0585MH0002970020202801I01_DRCL.jpg,4,train,0585MH0002970020202801I01_DRCL,True,data/msl/extracted/msl-labeled-data-set-v2.1/images/0585MH0002970020202801I01_DRCL.jpg,0585MH0002970020202801I01_DRCL,585,mahli,Close-up rock
0756MH0001900000204568I01_DRCL.jpg,2,train,0756MH0001900000204568I01_DRCL,True,data/msl/extracted/msl-labeled-data-set-v2.1/images/0756MH0001900000204568I01_DRCL.jpg,0756MH0001900000204568I01_DRCL,756,mahli,Artifact
0110MR0006861030200406E01_DRCL.jpg,3,train,0110MR0006861030200406E01_DRCL,True,data/msl/extracted/msl-labeled-data-set-v2.1/images/0110MR0006861030200406E01_DRCL.jpg,0110MR0006861030200406E01_DRCL,110,mastcam_right,Nearby surface
0731MR0031350000402995E01_DRCL.jpg,3,train,0731MR0031350000402995E01_DRCL,True,data/msl/extracted/msl-labeled-data-set-v2.1/images/0731MR0031350000402995E01_DRCL.jpg,0731MR0031350000402995E01_DRCL,731,mastcam_right,Nearby surface
0585MH0002970000202727I01_DRCL.jpg,2,train,0585MH0002970000202727I01_DRCL,True,data/msl/extracted/msl-labeled-data-set-v2.1/images/0585MH0002970000202727I01_DRCL.jpg,0585MH0002970000202727I01_DRCL,585,mahli,Artifact
0348ML0014110000108300E01_DRCL.jpg,3,train,0348ML0014110000108300E01_DRCL,True,data/msl/extracted/msl-labeled-data-set-v2.1/images/0348ML0014110000108300E01_DRCL.jpg,0348ML0014110000108300E01_DRCL,348,mastcam_left,Nearby surface
0739ML0031641020205440E01_DRCL.jpg,3,train,0739ML0031641020205440E01_DRCL,True,data/msl/extracted/msl-labeled-data-set-v2.1/images/0739ML0031641020205440E01_DRCL.jpg,0739ML0031641020205440E01_DRCL,739,mastcam_left,Nearby surface
0027MR0001280040100749D01_DRCL.jpg,3,train,0027MR0001280040100749D01_DRCL,True,data/msl/extracted/msl-labeled-data-set-v2.1/images/0027MR0001280040100749D01_DRCL.jpg,0027MR0001280040100749D01_DRCL,27,mastcam_right,Nearby surface
0617MR0026000150401097E01_DRCL.jpg,3,train,0617MR0026000150401097E01_DRCL,True,data/msl/extracted/msl-labeled-data-set-v2.1/images/0617MR0026000150401097E01_DRCL.jpg,0617MR0026000150401097E01_DRCL,617,mastcam_right,Nearby surface
0165MH0001990020101972C00_DRCL.jpg,9,train,0165MH0001990020101972C00_DRCL,True,data/msl/extracted/msl-labeled-data-set-v2.1/images/0165MH0001990020101972C00_DRCL.jpg,0165MH0001990020101972C00_DRCL,165,mahli,Night sky
0109MR0006850240200233E01_DRCL.jpg,3,train,0109MR0006850240200233E01_DRCL,True,data/msl/extracted/msl-labeled-data-set-v2.1/images/0109MR0006850240200233E01_DRCL.jpg,0109MR0006850240200233E01_DRCL,109,mastcam_right,Nearby surface
0529ML0020960130203288E01_DRCL.jpg,7,train,0529ML0020960130203288E01_DRCL,True,data/msl/extracted/msl-labeled-data-set-v2.1/images/0529ML0020960130203288E01_DRCL.jpg,0529ML0020960130203288E01_DRCL,529,mastcam_left,Distant landscape
0198ML0010070000105964E01_DRCL.jpg,3,train,0198ML0010070000105964E01_DRCL,True,data/msl/extracted/msl-labeled-data-set-v2.1/images/0198ML0010070000105964E01_DRCL.jpg,0198ML0010070000105964E01_DRCL,198,mastcam_left,Nearby surface
0323MH0003020020104104I01_DRCL.jpg,4,train,0323MH0003020020104104I01_DRCL,True,data/msl/extracted/msl-labeled-data-set-v2.1/images/0323MH0003020020104104I01_DRCL.jpg,0323MH0003020020104104I01_DRCL,323,mahli,Close-up rock
0302MR0012570150203807E01_DRCL.jpg,3,train,0302MR0012570150203807E01_DRCL,True,data/msl/extracted/msl-labeled-data-set-v2.1/images/0302MR0012570150203807E01_DRCL.jpg,0302MR0012570150203807E01_DRCL,302,mastcam_right,Nearby surface
0315MR0012910220300338E01_DRCL.jpg,3,train,0315MR0012910220300338E01_DRCL,True,data/msl/extracted/msl-labeled-data-set-v2.1/images/0315MR0012910220300338E01_DRCL.jpg,0315MR0012910220300338E01_DRCL,315,mastcam_right,Nearby surface
0111ML0006870800103647E01_DRCL.jpg,3,train,0111ML0006870800103647E01_DRCL,True,data/msl/extracted/msl-labeled-data-set-v2.1/images/0111ML0006870800103647E01_DRCL.jpg,0111ML0006870800103647E01_DRCL,111,mastcam_left,Nearby surface
0806MH0004410020300631C00_DRCL.jpg,6,train,0806MH0004410020300631C00_DRCL,True,data/msl/extracted/msl-labeled-data-set-v2.1/images/0806MH0004410020300631C00_DRCL.jpg,0806MH0004410020300631C00_DRCL,806,mahli,DRT spot
0826ML0036300030401151D01_DRCL.jpg,13,train,0826ML0036300030401151D01_DRCL,True,data/msl/extracted/msl-labeled-data-set-v2.1/images/0826ML0036300030401151D01_DRCL.jpg,0826ML0036300030401151D01_DRCL,826,mastcam_left,Mastcam cal target
0019ML0000540650100346C00_DRCL.jpg,3,train,0019ML0000540650100346C00_DRCL,True,data/msl/extracted/msl-labeled-data-set-v2.1/images/0019ML0000540650100346C00_DRCL.jpg,0019ML0000540650100346C00_DRCL,19,mastcam_left,Nearby surface
0542MR0021520050303606E01_DRCL.jpg,3,train,0542MR0021520050303606E01_DRCL,True,data/msl/extracted/msl-labeled-data-set-v2.1/images/0542MR0021520050303606E01_DRCL.jpg,0542MR0021520050303606E01_DRCL,542,mastcam_right,Nearby surface
0661MR0028060000402016E01_DRCL.jpg,3,train,0661MR0028060000402016E01_DRCL,True,data/msl/extracted/msl-labeled-data-set-v2.1/images/0661MR0028060000402016E01_DRCL.jpg,0661MR0028060000402016E01_DRCL,661,mastcam_right,Nearby surface
0780MR0033970000404065I01_DRCL.jpg,2,train,0780MR0033970000404065I01_DRCL,True,data/msl/extracted/msl-labeled-data-set-v2.1/images/0780MR0033970000404065I01_DRCL.jpg,0780MR0033970000404065I01_DRCL,780,mastcam_right,Artifact
0747MR0032140070403472E01_DRCL.jpg,3,train,0747MR0032140070403472E01_DRCL,True,data/msl/extracted/msl-labeled-data-set-v2.1/images/0747MR0032140070403472E01_DRCL.jpg,0747MR0032140070403472E01_DRCL,747,mastcam_right,Nearby surface
0082MR0005950210104091I01_DRCL.jpg,3,train,0082MR0005950210104091I01_DRCL,True,data/msl/extracted/msl-labeled-data-set-v2.1/images/0082MR0005950210104091I01_DRCL.jpg,0082MR0005950210104091I01_DRCL,82,mastcam_right,Nearby surface
0274MH0002550000102938C00_DRCL.jpg,7,train,0274MH0002550000102938C00_DRCL,True,data/msl/extracted/msl-labeled-data-set-v2.1/images/0274MH0002550000102938C00_DRCL.jpg,0274MH0002550000102938C00_DRCL,274,mahli,Distant landscape
0064MR0002850140103192E01_DRCL.jpg,7,train,0064MR0002850140103192E01_DRCL,True,data/msl/extracted/msl-labeled-data-set-v2.1/images/0064MR0002850140103192E01_DRCL.jpg,0064MR0002850140103192E01_DRCL,64,mastcam_right,Distant landscape
0375ML0015410060200026I01_DRCL.jpg,7,train,0375ML0015410060200026I01_DRCL,True,data/msl/extracted/msl-labeled-data-set-v2.1/images/0375ML0015410060200026I01_DRCL.jpg,0375ML0015410060200026I01_DRCL,375,mastcam_left,Distant landscape
0809MH0004460000300916I01_DRCL.jpg,2,train,0809MH0004460000300916I01_DRCL,True,data/msl/extracted/msl-labeled-data-set-v2.1/images/0809MH0004460000300916I01_DRCL.jpg,0809MH0004460000300916I01_DRCL,809,mahli,Artifact
0046MH0000100030100151I01_DRCL.jpg,4,train,0046MH0000100030100151I01_DRCL,True,data/msl/extracted/msl-labeled-data-set-v2.1/images/0046MH0000100030100151I01_DRCL.jpg,0046MH0000100030100151I01_DRCL,46,mahli,Close-up rock
0150MH0001680020101387I01_DRCL.jpg,4,train,0150MH0001680020101387I01_DRCL,True,data/msl/extracted/msl-labeled-data-set-v2.1/images/0150MH0001680020101387I01_DRCL.jpg,0150MH0001680020101387I01_DRCL,150,mahli,Close-up rock
0402MR0016630000302316E01_DRCL.jpg,3,train,0402MR0016630000302316E01_DRCL,True,data/msl/extracted/msl-labeled-data-set-v2.1/images/0402MR0016630000302316E01_DRCL.jpg,0402MR0016630000302316E01_DRCL,402,mastcam_right,Nearby surface
0172ML0009240460104925E01_DRCL.jpg,14,train,0172ML0009240460104925E01_DRCL,True,data/msl/extracted/msl-labeled-data-set-v2.1/images/0172ML0009240460104925E01_DRCL.jpg,0172ML0009240460104925E01_DRCL,172,mastcam_left,Sand
0831ML0036520010401252E01_DRCL.jpg,7,train,0831ML0036520010401252E01_DRCL,True,data/msl/extracted/msl-labeled-data-set-v2.1/images/0831ML0036520010401252E01_DRCL.jpg,0831ML0036520010401252E01_DRCL,831,mastcam_left,Distant landscape
0329ML0013350230107931E01_DRCL.jpg,3,train,0329ML0013350230107931E01_DRCL,True,data/msl/extracted/msl-labeled-data-set-v2.1/images/0329ML0013350230107931E01_DRCL.jpg,0329ML0013350230107931E01_DRCL,329,mastcam_left,Nearby surface
0441MR0018100130302723D01_DRCL.jpg,13,train,0441MR0018100130302723D01_DRCL,True,data/msl/extracted/msl-labeled-data-set-v2.1/images/0441MR0018100130302723D01_DRCL.jpg,0441MR0018100130302723D01_DRCL,441,mastcam_right,Mastcam cal target
0345ML0013970020108194E01_DRCL.jpg,7,train,0345ML0013970020108194E01_DRCL,True,data/msl/extracted/msl-labeled-data-set-v2.1/images/0345ML0013970020108194E01_DRCL.jpg,0345ML0013970020108194E01_DRCL,345,mastcam_left,Distant landscape
0318ML0013020820107523E01_DRCL.jpg,3,train,0318ML0013020820107523E01_DRCL,True,data/msl/extracted/msl-labeled-data-set-v2.1/images/0318ML0013020820107523E01_DRCL.jpg,0318ML0013020820107523E01_DRCL,318,mastcam_left,Nearby surface
0198MR0010070110202780E01_DRCL.jpg,3,train,0198MR0010070110202780E01_DRCL,True,data/msl/extracted/msl-labeled-data-set-v2.1/images/0198MR0010070110202780E01_DRCL.jpg,0198MR0010070110202780E01_DRCL,198,mastcam_right,Nearby surface
0162MR0008710100201418D01_DRCL.jpg,3,train,0162MR0008710100201418D01_DRCL,True,data/msl/extracted/msl-labeled-data-set-v2.1/images/0162MR0008710100201418D01_DRCL.jpg,0162MR0008710100201418D01_DRCL,162,mastcam_right,Nearby surface
0066MR0002930060103284E01_DRCL.jpg,11,train,0066MR0002930060103284E01_DRCL,True,data/msl/extracted/msl-labeled-data-set-v2.1/images/0066MR0002930060103284E01_DRCL.jpg,0066MR0002930060103284E01_DRCL,66,mastcam_right,Layers
0363MR0014720000301375K00_DRCL.jpg,15,train,0363MR0014720000301375K00_DRCL,True,data/msl/extracted/msl-labeled-data-set-v2.1/images/0363MR0014720000301375K00_DRCL.jpg,0363MR0014720000301375K00_DRCL,363,mastcam_right,Sun
0547MR0022050040303753E01_DRCL.jpg,3,train,0547MR0022050040303753E01_DRCL,True,data/msl/extracted/msl-labeled-data-set-v2.1/images/0547MR0022050040303753E01_DRCL.jpg,0547MR0022050040303753E01_DRCL,547,mastcam_right,Nearby surface
0395MR0016260110302186E01_DRCL.jpg,3,train,0395MR0016260110302186E01_DRCL,True,data/msl/extracted/msl-labeled-data-set-v2.1/images/0395MR0016260110302186E01_DRCL.jpg,0395MR0016260110302186E01_DRCL,395,mastcam_right,Nearby surface
0880MH0002970010302315C00_DRCL.jpg,6,train,0880MH0002970010302315C00_DRCL,True,data/msl/extracted/msl-labeled-data-set-v2.1/images/0880MH0002970010302315C00_DRCL.jpg,0880MH0002970010302315C00_DRCL,880,mahli,DRT spot
0137ML0008180360104181E01_DRCL.jpg,3,train,0137ML0008180360104181E01_DRCL,True,data/msl/extracted/msl-labeled-data-set-v2.1/images/0137ML0008180360104181E01_DRCL.jpg,0137ML0008180360104181E01_DRCL,137,mastcam_left,Nearby surface
0802MH0002240020300320I01_DRCL.jpg,4,train,0802MH0002240020300320I01_DRCL,True,data/msl/extracted/msl-labeled-data-set-v2.1/images/0802MH0002240020300320I01_DRCL.jpg,0802MH0002240020300320I01_DRCL,802,mahli,Close-up rock
0813MH0004480040301124I01_DRCL.jpg,6,train,0813MH0004480040301124I01_DRCL,True,data/msl/extracted/msl-labeled-data-set-v2.1/images/0813MH0004480040301124I01_DRCL.jpg,0813MH0004480040301124I01_DRCL,813,mahli,DRT spot
0375ML0015410660200086E01_DRCL.jpg,14,train,0375ML0015410660200086E01_DRCL,True,data/msl/extracted/msl-labeled-data-set-v2.1/images/0375ML0015410660200086E01_DRCL.jpg,0375ML0015410660200086E01_DRCL,375,mastcam_left,Sand
0915ML0040170020402440D01_DRCL.jpg,3,train,0915ML0040170020402440D01_DRCL,True,data/msl/extracted/msl-labeled-data-set-v2.1/images/0915ML0040170020402440D01_DRCL.jpg,0915ML0040170020402440D01_DRCL,915,mastcam_left,Nearby surface
0019ML0000540510100332C00_DRCL.jpg,3,train,0019ML0000540510100332C00_DRCL,True,data/msl/extracted/msl-labeled-data-set-v2.1/images/0019ML0000540510100332C00_DRCL.jpg,0019ML0000540510100332C00_DRCL,19,mastcam_left,Nearby surface
0060MH0000360020100544I01_DRCL.jpg,4,train,0060MH0000360020100544I01_DRCL,True,data/msl/extracted/msl-labeled-data-set-v2.1/images/0060MH0000360020100544I01_DRCL.jpg,0060MH0000360020100544I01_DRCL,60,mahli,Close-up rock
0588MR0024620010400437E01_DRCL.jpg,3,train,0588MR0024620010400437E01_DRCL,True,data/msl/extracted/msl-labeled-data-set-v2.1/images/0588MR0024620010400437E01_DRCL.jpg,0588MR0024620010400437E01_DRCL,588,mastcam_right,Nearby surface
0400MH0003210020104971I01_DRCL.jpg,4,train,0400MH0003210020104971I01_DRCL,True,data/msl/extracted/msl-labeled-data-set-v2.1/images/0400MH0003210020104971I01_DRCL.jpg,0400MH0003210020104971I01_DRCL,400,mahli,Close-up rock
0037MR0000990110101110Q01_DRCL.jpg,2,train,0037MR0000990110101110Q01_DRCL,True,data/msl/extracted/msl-labeled-data-set-v2.1/images/0037MR0000990110101110Q01_DRCL.jpg,0037MR0000990110101110Q01_DRCL,37,mastcam_right,Artifact
0232MR0011010550203012D01_DRCL.jpg,3,train,0232MR0011010550203012D01_DRCL,True,data/msl/extracted/msl-labeled-data-set-v2.1/images/0232MR0011010550203012D01_DRCL.jpg,0232MR0011010550203012D01_DRCL,232,mastcam_right,Nearby surface
0710MR0030150170402511C00_DRCL.jpg,10,train,0710MR0030150170402511C00_DRCL,True,data/msl/extracted/msl-labeled-data-set-v2.1/images/0710MR0030150170402511C00_DRCL.jpg,0710MR0030150170402511C00_DRCL,710,mastcam_right,Float
0567ML0022960080204771E01_DRCL.jpg,3,train,0567ML0022960080204771E01_DRCL,True,data/msl/extracted/msl-labeled-data-set-v2.1/images/0567ML0022960080204771E01_DRCL.jpg,0567ML0022960080204771E01_DRCL,567,mastcam_left,Nearby surface
0732MR0031390100403009E01_DRCL.jpg,11,train,0732MR0031390100403009E01_DRCL,True,data/msl/extracted/msl-labeled-data-set-v2.1/images/0732MR0031390100403009E01_DRCL.jpg,0732MR0031390100403009E01_DRCL,732,mastcam_right,Layers
0780ML0034040010400300E01_DRCL.jpg,3,train,0780ML0034040010400300E01_DRCL,True,data/msl/extracted/msl-labeled-data-set-v2.1/images/0780ML0034040010400300E01_DRCL.jpg,0780ML0034040010400300E01_DRCL,780,mastcam_left,Nearby surface
0551ML0022300220204334E01_DRCL.jpg,3,train,0551ML0022300220204334E01_DRCL,True,data/msl/extracted/msl-labeled-data-set-v2.1/images/0551ML0022300220204334E01_DRCL.jpg,0551ML0022300220204334E01_DRCL,551,mastcam_left,Nearby surface
0037ML0000990110101060Q01_DRCL.jpg,15,train,0037ML0000990110101060Q01_DRCL,True,data/msl/extracted/msl-labeled-data-set-v2.1/images/0037ML0000990110101060Q01_DRCL.jpg,0037ML0000990110101060Q01_DRCL,37,mastcam_left,Sun
0173MH0002250020102287I01_DRCL.jpg,4,train,0173MH0002250020102287I01_DRCL,True,data/msl/extracted/msl-labeled-data-set-v2.1/images/0173MH0002250020102287I01_DRCL.jpg,0173MH0002250020102287I01_DRCL,173,mahli,Close-up rock
0753ML0032360390206288C00_DRCL.jpg,3,train,0753ML0032360390206288C00_DRCL,True,data/msl/extracted/msl-labeled-data-set-v2.1/images/0753ML0032360390206288C00_DRCL.jpg,0753ML0032360390206288C00_DRCL,753,mastcam_left,Nearby surface
0173ML0009260340105051E01_DRCL.jpg,3,train,0173ML0009260340105051E01_DRCL,True,data/msl/extracted/msl-labeled-data-set-v2.1/images/0173ML0009260340105051E01_DRCL.jpg,0173ML0009260340105051E01_DRCL,173,mastcam_left,Nearby surface
0808MH0004450040300771I01_DRCL.jpg,6,train,0808MH0004450040300771I01_DRCL,True,data/msl/extracted/msl-labeled-data-set-v2.1/images/0808MH0004450040300771I01_DRCL.jpg,0808MH0004450040300771I01_DRCL,808,mahli,DRT spot
0042MR0001810030101376Q01_DRCL.jpg,2,train,0042MR0001810030101376Q01_DRCL,True,data/msl/extracted/msl-labeled-data-set-v2.1/images/0042MR0001810030101376Q01_DRCL.jpg,0042MR0001810030101376Q01_DRCL,42,mastcam_right,Artifact
0020MR0001110020100470C00_DRCL.jpg,3,train,0020MR0001110020100470C00_DRCL,True,data/msl/extracted/msl-labeled-data-set-v2.1/images/0020MR0001110020100470C00_DRCL.jpg,0020MR0001110020100470C00_DRCL,20,mastcam_right,Nearby surface
0315ML0012900160107124E01_DRCL.jpg,3,train,0315ML0012900160107124E01_DRCL,True,data/msl/extracted/msl-labeled-data-set-v2.1/images/0315ML0012900160107124E01_DRCL.jpg,0315ML0012900160107124E01_DRCL,315,mastcam_left,Nearby surface
0276MH0001680020102996I01_DRCL.jpg,4,train,0276MH0001680020102996I01_DRCL,True,data/msl/extracted/msl-labeled-data-set-v2.1/images/0276MH0001680020102996I01_DRCL.jpg,0276MH0001680020102996I01_DRCL,276,mahli,Close-up rock
0318MR0013020770300684E01_DRCL.jpg,3,train,0318MR0013020770300684E01_DRCL,True,data/msl/extracted/msl-labeled-data-set-v2.1/images/0318MR0013020770300684E01_DRCL.jpg,0318MR0013020770300684E01_DRCL,318,mastcam_right,Nearby surface
0717ML0030420220304831E01_DRCL.jpg,3,train,0717ML0030420220304831E01_DRCL,True,data/msl/extracted/msl-labeled-data-set-v2.1/images/0717ML0030420220304831E01_DRCL.jpg,0717ML0030420220304831E01_DRCL,717,mastcam_left,Nearby surface
0494ML0019650040202523E01_DRCL.jpg,7,train,0494ML0019650040202523E01_DRCL,True,data/msl/extracted/msl-labeled-data-set-v2.1/images/0494ML0019650040202523E01_DRCL.jpg,0494ML0019650040202523E01_DRCL,494,mastcam_left,Distant landscape
0399MH0003080020104647I01_DRCL.jpg,4,train,0399MH0003080020104647I01_DRCL,True,data/msl/extracted/msl-labeled-data-set-v2.1/images/0399MH0003080020104647I01_DRCL.jpg,0399MH0003080020104647I01_DRCL,399,mahli,Close-up rock
0111ML0006870300103597E01_DRCL.jpg,3,train,0111ML0006870300103597E01_DRCL,True,data/msl/extracted/msl-labeled-data-set-v2.1/images/0111ML0006870300103597E01_DRCL.jpg,0111ML0006870300103597E01_DRCL,111,mastcam_left,Nearby surface
0559ML0022590010204589I01_DRCL.jpg,3,train,0559ML0022590010204589I01_DRCL,True,data/msl/extracted/msl-labeled-data-set-v2.1/images/0559ML0022590010204589I01_DRCL.jpg,0559ML0022590010204589I01_DRCL,559,mastcam_left,Nearby surface
0490ML0019510030202482E01_DRCL.jpg,7,train,0490ML0019510030202482E01_DRCL,True,data/msl/extracted/msl-labeled-data-set-v2.1/images/0490ML0019510030202482E01_DRCL.jpg,0490ML0019510030202482E01_DRCL,490,mastcam_left,Distant landscape
0758MH0004270020204678I01_DRCL.jpg,4,train,0758MH0004270020204678I01_DRCL,True,data/msl/extracted/msl-labeled-data-set-v2.1/images/0758MH0004270020204678I01_DRCL.jpg,0758MH0004270020204678I01_DRCL,758,mahli,Close-up rock
0943MR0041420100501962D01_DRCL.jpg,13,train,0943MR0041420100501962D01_DRCL,True,data/msl/extracted/msl-labeled-data-set-v2.1/images/0943MR0041420100501962D01_DRCL.jpg,0943MR0041420100501962D01_DRCL,943,mastcam_right,Mastcam cal target
0313ML0012860000106808E01_DRCL.jpg,3,train,0313ML0012860000106808E01_DRCL,True,data/msl/extracted/msl-labeled-data-set-v2.1/images/0313ML0012860000106808E01_DRCL.jpg,0313ML0012860000106808E01_DRCL,313,mastcam_left,Nearby surface
0088MH0001190000101041I01_DRCL.jpg,2,train,0088MH0001190000101041I01_DRCL,True,data/msl/extracted/msl-labeled-data-set-v2.1/images/0088MH0001190000101041I01_DRCL.jpg,0088MH0001190000101041I01_DRCL,88,mahli,Artifact
0735ML0031520050205293E01_DRCL.jpg,7,train,0735ML0031520050205293E01_DRCL,True,data/msl/extracted/msl-labeled-data-set-v2.1/images/0735ML0031520050205293E01_DRCL.jpg,0735ML0031520050205293E01_DRCL,735,mastcam_left,Distant landscape
0720ML0030590010304900D01_DRCL.jpg,13,train,0720ML0030590010304900D01_DRCL,True,data/msl/extracted/msl-labeled-data-set-v2.1/images/0720ML0030590010304900D01_DRCL.jpg,0720ML0030590010304900D01_DRCL,720,mastcam_left,Mastcam cal target
0179MH0001840000102491I01_DRCL.jpg,2,train,0179MH0001840000102491I01_DRCL,True,data/msl/extracted/msl-labeled-data-set-v2.1/images/0179MH0001840000102491I01_DRCL.jpg,0179MH0001840000102491I01_DRCL,179,mahli,Artifact
0663ML0028210610303425E01_DRCL.jpg,18,train,0663ML0028210610303425E01_DRCL,True,data/msl/extracted/msl-labeled-data-set-v2.1/images/0663ML0028210610303425E01_DRCL.jpg,0663ML0028210610303425E01_DRCL,663,mastcam_left,Wheel tracks
0914MR0039970160501462C00_DRCL.jpg,14,train,0914MR0039970160501462C00_DRCL,True,data/msl/extracted/msl-labeled-data-set-v2.1/images/0914MR0039970160501462C00_DRCL.jpg,0914MR0039970160501462C00_DRCL,914,mastcam_right,Sand
0574MR0023240060304117I01_DRCL.jpg,7,train,0574MR0023240060304117I01_DRCL,True,data/msl/extracted/msl-labeled-data-set-v2.1/images/0574MR0023240060304117I01_DRCL.jpg,0574MR0023240060304117I01_DRCL,574,mastcam_right,Distant landscape
0042MR0001940990102314E01_DRCL.jpg,3,train,0042MR0001940990102314E01_DRCL,True,data/msl/extracted/msl-labeled-data-set-v2.1/images/0042MR0001940990102314E01_DRCL.jpg,0042MR0001940990102314E01_DRCL,42,mastcam_right,Nearby surface
0802MH0003830020300402I01_DRCL.jpg,4,train,0802MH0003830020300402I01_DRCL,True,data/msl/extracted/msl-labeled-data-set-v2.1/images/0802MH0003830020300402I01_DRCL.jpg,0802MH0003830020300402I01_DRCL,802,mahli,Close-up rock
0165MH0001880180102020J00_DRCL.jpg,2,train,0165MH0001880180102020J00_DRCL,True,data/msl/extracted/msl-labeled-data-set-v2.1/images/0165MH0001880180102020J00_DRCL.jpg,0165MH0001880180102020J00_DRCL,165,mahli,Artifact
0404MR0016740000302335E01_DRCL.jpg,7,train,0404MR0016740000302335E01_DRCL,True,data/msl/extracted/msl-labeled-data-set-v2.1/images/0404MR0016740000302335E01_DRCL.jpg,0404MR0016740000302335E01_DRCL,404,mastcam_right,Distant landscape
0659ML0027990000303171E01_DRCL.jpg,7,train,0659ML0027990000303171E01_DRCL,True,data/msl/extracted/msl-labeled-data-set-v2.1/images/0659ML0027990000303171E01_DRCL.jpg,0659ML0027990000303171E01_DRCL,659,mastcam_left,Distant landscape
0534MR0021150020303411C00_DRCL.jpg,14,train,0534MR0021150020303411C00_DRCL,True,data/msl/extracted/msl-labeled-data-set-v2.1/images/0534MR0021150020303411C00_DRCL.jpg,0534MR0021150020303411C00_DRCL,534,mastcam_right,Sand
0123ML0007700050103908E01_DRCL.jpg,7,train,0123ML0007700050103908E01_DRCL,True,data/msl/extracted/msl-labeled-data-set-v2.1/images/0123ML0007700050103908E01_DRCL.jpg,0123ML0007700050103908E01_DRCL,123,mastcam_left,Distant landscape
0695ML0029410010304156E01_DRCL.jpg,3,train,0695ML0029410010304156E01_DRCL,True,data/msl/extracted/msl-labeled-data-set-v2.1/images/0695ML0029410010304156E01_DRCL.jpg,0695ML0029410010304156E01_DRCL,695,mastcam_left,Nearby surface
0777ML0033660040400198D01_DRCL.jpg,9,train,0777ML0033660040400198D01_DRCL,True,data/msl/extracted/msl-labeled-data-set-v2.1/images/0777ML0033660040400198D01_DRCL.jpg,0777ML0033660040400198D01_DRCL,777,mastcam_left,Night sky
0593ML0024950040205072E01_DRCL.jpg,3,train,0593ML0024950040205072E01_DRCL,True,data/msl/extracted/msl-labeled-data-set-v2.1/images/0593ML0024950040205072E01_DRCL.jpg,0593ML0024950040205072E01_DRCL,593,mastcam_left,Nearby surface
0388MR0015990210302010E01_DRCL.jpg,7,train,0388MR0015990210302010E01_DRCL,True,data/msl/extracted/msl-labeled-data-set-v2.1/images/0388MR0015990210302010E01_DRCL.jpg,0388MR0015990210302010E01_DRCL,388,mastcam_right,Distant landscape
0188MR0010090070202422E01_DRCL.jpg,7,train,0188MR0010090070202422E01_DRCL,True,data/msl/extracted/msl-labeled-data-set-v2.1/images/0188MR0010090070202422E01_DRCL.jpg,0188MR0010090070202422E01_DRCL,188,mastcam_right,Distant landscape
0793MR0034600040500105I01_DRCL.jpg,2,train,0793MR0034600040500105I01_DRCL,True,data/msl/extracted/msl-labeled-data-set-v2.1/images/0793MR0034600040500105I01_DRCL.jpg,0793MR0034600040500105I01_DRCL,793,mastcam_right,Artifact
0647ML0023300030302903I01_DRCL.jpg,15,train,0647ML0023300030302903I01_DRCL,True,data/msl/extracted/msl-labeled-data-set-v2.1/images/0647ML0023300030302903I01_DRCL.jpg,0647ML0023300030302903I01_DRCL,647,mastcam_left,Sun
0438MH0003250050200046E01_DRCL.jpg,7,train,0438MH0003250050200046E01_DRCL,True,data/msl/extracted/msl-labeled-data-set-v2.1/images/0438MH0003250050200046E01_DRCL.jpg,0438MH0003250050200046E01_DRCL,438,mahli,Distant landscape
0315ML0012910340107160E01_DRCL.jpg,3,train,0315ML0012910340107160E01_DRCL,True,data/msl/extracted/msl-labeled-data-set-v2.1/images/0315ML0012910340107160E01_DRCL.jpg,0315ML0012910340107160E01_DRCL,315,mastcam_left,Nearby surface
0291MH0002770000103293I01_DRCL.jpg,2,train,0291MH0002770000103293I01_DRCL,True,data/msl/extracted/msl-labeled-data-set-v2.1/images/0291MH0002770000103293I01_DRCL.jpg,0291MH0002770000103293I01_DRCL,291,mahli,Artifact
0020ML0001020130100451C00_DRCL.jpg,3,train,0020ML0001020130100451C00_DRCL,True,data/msl/extracted/msl-labeled-data-set-v2.1/images/0020ML0001020130100451C00_DRCL.jpg,0020ML0001020130100451C00_DRCL,20,mastcam_left,Nearby surface
0583MH0003350020202057I01_DRCL.jpg,4,train,0583MH0003350020202057I01_DRCL,True,data/msl/extracted/msl-labeled-data-set-v2.1/images/0583MH0003350020202057I01_DRCL.jpg,0583MH0003350020202057I01_DRCL,583,mahli,Close-up rock
0038ML0001730070101330D01_DRCL.jpg,2,train,0038ML0001730070101330D01_DRCL,True,data/msl/extracted/msl-labeled-data-set-v2.1/images/0038ML0001730070101330D01_DRCL.jpg,0038ML0001730070101330D01_DRCL,38,mastcam_left,Artifact
0437ML0017810700201555E01_DRCL.jpg,3,train,0437ML0017810700201555E01_DRCL,True,data/msl/extracted/msl-labeled-data-set-v2.1/images/0437ML0017810700201555E01_DRCL.jpg,0437ML0017810700201555E01_DRCL,437,mastcam_left,Nearby surface
0048MR0002160220102688D01_DRCL.jpg,3,train,0048MR0002160220102688D01_DRCL,True,data/msl/extracted/msl-labeled-data-set-v2.1/images/0048MR0002160220102688D01_DRCL.jpg,0048MR0002160220102688D01_DRCL,48,mastcam_right,Nearby surface
0020ML0000560090100398C00_DRCL.jpg,3,train,0020ML0000560090100398C00_DRCL,True,data/msl/extracted/msl-labeled-data-set-v2.1/images/0020ML0000560090100398C00_DRCL.jpg,0020ML0000560090100398C00_DRCL,20,mastcam_left,Nearby surface
0814MH0003830000301209I01_DRCL.jpg,2,train,0814MH0003830000301209I01_DRCL,True,data/msl/extracted/msl-labeled-data-set-v2.1/images/0814MH0003830000301209I01_DRCL.jpg,0814MH0003830000301209I01_DRCL,814,mahli,Artifact
0003ML0000000370100057E01_DRCL.jpg,7,train,0003ML0000000370100057E01_DRCL,True,data/msl/extracted/msl-labeled-data-set-v2.1/images/0003ML0000000370100057E01_DRCL.jpg,0003ML0000000370100057E01_DRCL,3,mastcam_left,Distant landscape
0646MR0027470250401910E01_DRCL.jpg,3,train,0646MR0027470250401910E01_DRCL,True,data/msl/extracted/msl-labeled-data-set-v2.1/images/0646MR0027470250401910E01_DRCL.jpg,0646MR0027470250401910E01_DRCL,646,mastcam_right,Nearby surface
0274MH0002550000102940I01_DRCL.jpg,7,train,0274MH0002550000102940I01_DRCL,True,data/msl/extracted/msl-labeled-data-set-v2.1/images/0274MH0002550000102940I01_DRCL.jpg,0274MH0002550000102940I01_DRCL,274,mahli,Distant landscape
0107ML0006820810103227E01_DRCL.jpg,3,train,0107ML0006820810103227E01_DRCL,True,data/msl/extracted/msl-labeled-data-set-v2.1/images/0107ML0006820810103227E01_DRCL.jpg,0107ML0006820810103227E01_DRCL,107,mastcam_left,Nearby surface
0364ML0014810060108564E01_DRCL.jpg,7,train,0364ML0014810060108564E01_DRCL,True,data/msl/extracted/msl-labeled-data-set-v2.1/images/0364ML0014810060108564E01_DRCL.jpg,0364ML0014810060108564E01_DRCL,364,mastcam_left,Distant landscape
0939MR0041210000501908I01_DRCL.jpg,2,train,0939MR0041210000501908I01_DRCL,True,data/msl/extracted/msl-labeled-data-set-v2.1/images/0939MR0041210000501908I01_DRCL.jpg,0939MR0041210000501908I01_DRCL,939,mastcam_right,Artifact
0540ML0021311270203692E01_DRCL.jpg,3,train,0540ML0021311270203692E01_DRCL,True,data/msl/extracted/msl-labeled-data-set-v2.1/images/0540ML0021311270203692E01_DRCL.jpg,0540ML0021311270203692E01_DRCL,540,mastcam_left,Nearby surface
0111ML0006870090103576E01_DRCL.jpg,7,train,0111ML0006870090103576E01_DRCL,True,data/msl/extracted/msl-labeled-data-set-v2.1/images/0111ML0006870090103576E01_DRCL.jpg,0111ML0006870090103576E01_DRCL,111,mastcam_left,Distant landscape
0066ML0002980070102526I01_DRCL.jpg,2,train,0066ML0002980070102526I01_DRCL,True,data/msl/extracted/msl-labeled-data-set-v2.1/images/0066ML0002980070102526I01_DRCL.jpg,0066ML0002980070102526I01_DRCL,66,mastcam_left,Artifact
0410ML0016840590200968E01_DRCL.jpg,3,train,0410ML0016840590200968E01_DRCL,True,data/msl/extracted/msl-labeled-data-set-v2.1/images/0410ML0016840590200968E01_DRCL.jpg,0410ML0016840590200968E01_DRCL,410,mastcam_left,Nearby surface
0580MR0024070240400019E01_DRCL.jpg,3,train,0580MR0024070240400019E01_DRCL,True,data/msl/extracted/msl-labeled-data-set-v2.1/images/0580MR0024070240400019E01_DRCL.jpg,0580MR0024070240400019E01_DRCL,580,mastcam_right,Nearby surface
0154MH0001760010101457C00_DRCL.jpg,4,train,0154MH0001760010101457C00_DRCL,True,data/msl/extracted/msl-labeled-data-set-v2.1/images/0154MH0001760010101457C00_DRCL.jpg,0154MH0001760010101457C00_DRCL,154,mahli,Close-up rock
0620ML0026520270302294E01_DRCL.jpg,3,train,0620ML0026520270302294E01_DRCL,True,data/msl/extracted/msl-labeled-data-set-v2.1/images/0620ML0026520270302294E01_DRCL.jpg,0620ML0026520270302294E01_DRCL,620,mastcam_left,Nearby surface
0612MH0003890000203322I01_DRCL.jpg,2,train,0612MH0003890000203322I01_DRCL,True,data/msl/extracted/msl-labeled-data-set-v2.1/images/0612MH0003890000203322I01_DRCL.jpg,0612MH0003890000203322I01_DRCL,612,mahli,Artifact
0315MR0012910030300319E01_DRCL.jpg,3,train,0315MR0012910030300319E01_DRCL,True,data/msl/extracted/msl-labeled-data-set-v2.1/images/0315MR0012910030300319E01_DRCL.jpg,0315MR0012910030300319E01_DRCL,315,mastcam_right,Nearby surface
0110MR0006860820200385E01_DRCL.jpg,3,train,0110MR0006860820200385E01_DRCL,True,data/msl/extracted/msl-labeled-data-set-v2.1/images/0110MR0006860820200385E01_DRCL.jpg,0110MR0006860820200385E01_DRCL,110,mastcam_right,Nearby surface
0050MR0002280100102761D01_DRCL.jpg,14,train,0050MR0002280100102761D01_DRCL,True,data/msl/extracted/msl-labeled-data-set-v2.1/images/0050MR0002280100102761D01_DRCL.jpg,0050MR0002280100102761D01_DRCL,50,mastcam_right,Sand
0721MR0030850120402813D01_DRCL.jpg,13,train,0721MR0030850120402813D01_DRCL,True,data/msl/extracted/msl-labeled-data-set-v2.1/images/0721MR0030850120402813D01_DRCL.jpg,0721MR0030850120402813D01_DRCL,721,mastcam_right,Mastcam cal target
0109MR0006840180200185E01_DRCL.jpg,3,train,0109MR0006840180200185E01_DRCL,True,data/msl/extracted/msl-labeled-data-set-v2.1/images/0109MR0006840180200185E01_DRCL.jpg,0109MR0006840180200185E01_DRCL,109,mastcam_right,Nearby surface
0345ML0013970010108193E01_DRCL.jpg,7,train,0345ML0013970010108193E01_DRCL,True,data/msl/extracted/msl-labeled-data-set-v2.1/images/0345ML0013970010108193E01_DRCL.jpg,0345ML0013970010108193E01_DRCL,345,mastcam_left,Distant landscape
0548MR0022100130303760E01_DRCL.jpg,7,train,0548MR0022100130303760E01_DRCL,True,data/msl/extracted/msl-labeled-data-set-v2.1/images/0548MR0022100130303760E01_DRCL.jpg,0548MR0022100130303760E01_DRCL,548,mastcam_right,Distant landscape
0752ML0032321280206236E01_DRCL.jpg,3,train,0752ML0032321280206236E01_DRCL,True,data/msl/extracted/msl-labeled-data-set-v2.1/images/0752ML0032321280206236E01_DRCL.jpg,0752ML0032321280206236E01_DRCL,752,mastcam_left,Nearby surface
0574ML0023270010205019E01_DRCL.jpg,7,train,0574ML0023270010205019E01_DRCL,True,data/msl/extracted/msl-labeled-data-set-v2.1/images/0574ML0023270010205019E01_DRCL.jpg,0574ML0023270010205019E01_DRCL,574,mastcam_left,Distant landscape
0107MR0006820410200042E01_DRCL.jpg,3,train,0107MR0006820410200042E01_DRCL,True,data/msl/extracted/msl-labeled-data-set-v2.1/images/0107MR0006820410200042E01_DRCL.jpg,0107MR0006820410200042E01_DRCL,107,mastcam_right,Nearby surface
0573ML0023200040205004I01_DRCL.jpg,2,train,0573ML0023200040205004I01_DRCL,True,data/msl/extracted/msl-labeled-data-set-v2.1/images/0573ML0023200040205004I01_DRCL.jpg,0573ML0023200040205004I01_DRCL,573,mastcam_left,Artifact
0020ML0001130020100618C00_DRCL.jpg,3,train,0020ML0001130020100618C00_DRCL,True,data/msl/extracted/msl-labeled-data-set-v2.1/images/0020ML0001130020100618C00_DRCL.jpg,0020ML0001130020100618C00_DRCL,20,mastcam_left,Nearby surface
0384ML0015740310200247E01_DRCL.jpg,7,train,0384ML0015740310200247E01_DRCL,True,data/msl/extracted/msl-labeled-data-set-v2.1/images/0384ML0015740310200247E01_DRCL.jpg,0384ML0015740310200247E01_DRCL,384,mastcam_left,Distant landscape
0168MH0002040000102120I01_DRCL.jpg,2,train,0168MH0002040000102120I01_DRCL,True,data/msl/extracted/msl-labeled-data-set-v2.1/images/0168MH0002040000102120I01_DRCL.jpg,0168MH0002040000102120I01_DRCL,168,mahli,Artifact
0271MR0011910160203333D01_DRCL.jpg,3,train,0271MR0011910160203333D01_DRCL,True,data/msl/extracted/msl-labeled-data-set-v2.1/images/0271MR0011910160203333D01_DRCL.jpg,0271MR0011910160203333D01_DRCL,271,mastcam_right,Nearby surface
0399MH0003080020104669I01_DRCL.jpg,4,train,0399MH0003080020104669I01_DRCL,True,data/msl/extracted/msl-labeled-data-set-v2.1/images/0399MH0003080020104669I01_DRCL.jpg,0399MH0003080020104669I01_DRCL,399,mahli,Close-up rock
0882MH0004000070302517I01_DRCL.jpg,8,train,0882MH0004000070302517I01_DRCL,True,data/msl/extracted/msl-labeled-data-set-v2.1/images/0882MH0004000070302517I01_DRCL.jpg,0882MH0004000070302517I01_DRCL,882,mahli,Drill hole
0819MH0001970000301498I01_DRCL.jpg,2,train,0819MH0001970000301498I01_DRCL,True,data/msl/extracted/msl-labeled-data-set-v2.1/images/0819MH0001970000301498I01_DRCL.jpg,0819MH0001970000301498I01_DRCL,819,mahli,Artifact
0364ML0014810850108643E01_DRCL.jpg,3,train,0364ML0014810850108643E01_DRCL,True,data/msl/extracted/msl-labeled-data-set-v2.1/images/0364ML0014810850108643E01_DRCL.jpg,0364ML0014810850108643E01_DRCL,364,mastcam_left,Nearby surface
0042MR0001940660102281E01_DRCL.jpg,3,train,0042MR0001940660102281E01_DRCL,True,data/msl/extracted/msl-labeled-data-set-v2.1/images/0042MR0001940660102281E01_DRCL.jpg,0042MR0001940660102281E01_DRCL,42,mastcam_right,Nearby surface
0666ML0028380270303602E01_DRCL.jpg,3,train,0666ML0028380270303602E01_DRCL,True,data/msl/extracted/msl-labeled-data-set-v2.1/images/0666ML0028380270303602E01_DRCL.jpg,0666ML0028380270303602E01_DRCL,666,mastcam_left,Nearby surface
0020ML0000580110100432C00_DRCL.jpg,3,train,0020ML0000580110100432C00_DRCL,True,data/msl/extracted/msl-labeled-data-set-v2.1/images/0020ML0000580110100432C00_DRCL.jpg,0020ML0000580110100432C00_DRCL,20,mastcam_left,Nearby surface
0398MH0003130000104509I01_DRCL.jpg,2,train,0398MH0003130000104509I01_DRCL,True,data/msl/extracted/msl-labeled-data-set-v2.1/images/0398MH0003130000104509I01_DRCL.jpg,0398MH0003130000104509I01_DRCL,398,mahli,Artifact
0624MR0026740010401584C00_DRCL.jpg,3,train,0624MR0026740010401584C00_DRCL,True,data/msl/extracted/msl-labeled-data-set-v2.1/images/0624MR0026740010401584C00_DRCL.jpg,0624MR0026740010401584C00_DRCL,624,mastcam_right,Nearby surface
0344ML0013960160108155E01_DRCL.jpg,7,train,0344ML0013960160108155E01_DRCL,True,data/msl/extracted/msl-labeled-data-set-v2.1/images/0344ML0013960160108155E01_DRCL.jpg,0344ML0013960160108155E01_DRCL,344,mastcam_left,Distant landscape
0567MR0022960100304008E01_DRCL.jpg,3,train,0567MR0022960100304008E01_DRCL,True,data/msl/extracted/msl-labeled-data-set-v2.1/images/0567MR0022960100304008E01_DRCL.jpg,0567MR0022960100304008E01_DRCL,567,mastcam_right,Nearby surface
0921ML0040400060402659I01_DRCL.jpg,2,train,0921ML0040400060402659I01_DRCL,True,data/msl/extracted/msl-labeled-data-set-v2.1/images/0921ML0040400060402659I01_DRCL.jpg,0921ML0040400060402659I01_DRCL,921,mastcam_left,Artifact
0042MR0001810030101265Q01_DRCL.jpg,2,train,0042MR0001810030101265Q01_DRCL,True,data/msl/extracted/msl-labeled-data-set-v2.1/images/0042MR0001810030101265Q01_DRCL.jpg,0042MR0001810030101265Q01_DRCL,42,mastcam_right,Artifact
0844ML0037530320401572C00_DRCL.jpg,14,train,0844ML0037530320401572C00_DRCL,True,data/msl/extracted/msl-labeled-data-set-v2.1/images/0844ML0037530320401572C00_DRCL.jpg,0844ML0037530320401572C00_DRCL,844,mastcam_left,Sand
0306MR0012670030203933E01_DRCL.jpg,3,train,0306MR0012670030203933E01_DRCL,True,data/msl/extracted/msl-labeled-data-set-v2.1/images/0306MR0012670030203933E01_DRCL.jpg,0306MR0012670030203933E01_DRCL,306,mastcam_right,Nearby surface
0554MR0022460030303900E01_DRCL.jpg,7,train,0554MR0022460030303900E01_DRCL,True,data/msl/extracted/msl-labeled-data-set-v2.1/images/0554MR0022460030303900E01_DRCL.jpg,0554MR0022460030303900E01_DRCL,554,mastcam_right,Distant landscape
0661ML0028050010303332E01_DRCL.jpg,7,train,0661ML0028050010303332E01_DRCL,True,data/msl/extracted/msl-labeled-data-set-v2.1/images/0661ML0028050010303332E01_DRCL.jpg,0661ML0028050010303332E01_DRCL,661,mastcam_left,Distant landscape
0780ML0033980040400270I01_DRCL.jpg,3,train,0780ML0033980040400270I01_DRCL,True,data/msl/extracted/msl-labeled-data-set-v2.1/images/0780ML0033980040400270I01_DRCL.jpg,0780ML0033980040400270I01_DRCL,780,mastcam_left,Nearby surface
0402ML0016660010200830E01_DRCL.jpg,7,train,0402ML0016660010200830E01_DRCL,True,data/msl/extracted/msl-labeled-data-set-v2.1/images/0402ML0016660010200830E01_DRCL.jpg,0402ML0016660010200830E01_DRCL,402,mastcam_left,Distant landscape
0055MR0002530050103077E01_DRCL.jpg,3,train,0055MR0002530050103077E01_DRCL,True,data/msl/extracted/msl-labeled-data-set-v2.1/images/0055MR0002530050103077E01_DRCL.jpg,0055MR0002530050103077E01_DRCL,55,mastcam_right,Nearby surface
0389MR0015930170302055E01_DRCL.jpg,7,train,0389MR0015930170302055E01_DRCL,True,data/msl/extracted/msl-labeled-data-set-v2.1/images/0389MR0015930170302055E01_DRCL.jpg,0389MR0015930170302055E01_DRCL,389,mastcam_right,Distant landscape
0561ML0022690020204623E01_DRCL.jpg,7,train,0561ML0022690020204623E01_DRCL,True,data/msl/extracted/msl-labeled-data-set-v2.1/images/0561ML0022690020204623E01_DRCL.jpg,0561ML0022690020204623E01_DRCL,561,mastcam_left,Distant landscape
0368MR0014900000301524L01_DRCL.jpg,15,train,0368MR0014900000301524L01_DRCL,True,data/msl/extracted/msl-labeled-data-set-v2.1/images/0368MR0014900000301524L01_DRCL.jpg,0368MR0014900000301524L01_DRCL,368,mastcam_right,Sun
0198MR0010070080202777E01_DRCL.jpg,3,train,0198MR0010070080202777E01_DRCL,True,data/msl/extracted/msl-labeled-data-set-v2.1/images/0198MR0010070080202777E01_DRCL.jpg,0198MR0010070080202777E01_DRCL,198,mastcam_right,Nearby surface
0173MH0002080010102293I01_DRCL.jpg,6,train,0173MH0002080010102293I01_DRCL,True,data/msl/extracted/msl-labeled-data-set-v2.1/images/0173MH0002080010102293I01_DRCL.jpg,0173MH0002080010102293I01_DRCL,173,mahli,DRT spot
0747ML0032140040205844I01_DRCL.jpg,2,train,0747ML0032140040205844I01_DRCL,True,data/msl/extracted/msl-labeled-data-set-v2.1/images/0747ML0032140040205844I01_DRCL.jpg,0747ML0032140040205844I01_DRCL,747,mastcam_left,Artifact
0050MR0002290180102783E01_DRCL.jpg,3,train,0050MR0002290180102783E01_DRCL,True,data/msl/extracted/msl-labeled-data-set-v2.1/images/0050MR0002290180102783E01_DRCL.jpg,0050MR0002290180102783E01_DRCL,50,mastcam_right,Nearby surface
0717MR0030420190402714E01_DRCL.jpg,3,train,0717MR0030420190402714E01_DRCL,True,data/msl/extracted/msl-labeled-data-set-v2.1/images/0717MR0030420190402714E01_DRCL.jpg,0717MR0030420190402714E01_DRCL,717,mastcam_right,Nearby surface
0740MR0031720140403153E01_DRCL.jpg,3,train,0740MR0031720140403153E01_DRCL,True,data/msl/extracted/msl-labeled-data-set-v2.1/images/0740MR0031720140403153E01_DRCL.jpg,0740MR0031720140403153E01_DRCL,740,mastcam_right,Nearby surface
0058MH0000260020100394I01_DRCL.jpg,14,train,0058MH0000260020100394I01_DRCL,True,data/msl/extracted/msl-labeled-data-set-v2.1/images/0058MH0000260020100394I01_DRCL.jpg,0058MH0000260020100394I01_DRCL,58,mahli,Sand
0336MR0013610000301063I01_DRCL.jpg,7,train,0336MR0013610000301063I01_DRCL,True,data/msl/extracted/msl-labeled-data-set-v2.1/images/0336MR0013610000301063I01_DRCL.jpg,0336MR0013610000301063I01_DRCL,336,mastcam_right,Distant landscape
0020MR0001110070100475C00_DRCL.jpg,3,train,0020MR0001110070100475C00_DRCL,True,data/msl/extracted/msl-labeled-data-set-v2.1/images/0020MR0001110070100475C00_DRCL.jpg,0020MR0001110070100475C00_DRCL,20,mastcam_right,Nearby surface
0378MR0015540010301808E01_DRCL.jpg,9,train,0378MR0015540010301808E01_DRCL,True,data/msl/extracted/msl-labeled-data-set-v2.1/images/0378MR0015540010301808E01_DRCL.jpg,0378MR0015540010301808E01_DRCL,378,mastcam_right,Night sky
0613MH0003900000203377E00_DRCL.jpg,4,train,0613MH0003900000203377E00_DRCL,True,data/msl/extracted/msl-labeled-data-set-v2.1/images/0613MH0003900000203377E00_DRCL.jpg,0613MH0003900000203377E00_DRCL,613,mahli,Close-up rock
0337ML0013660000108022E01_DRCL.jpg,3,train,0337ML0013660000108022E01_DRCL,True,data/msl/extracted/msl-labeled-data-set-v2.1/images/0337ML0013660000108022E01_DRCL.jpg,0337ML0013660000108022E01_DRCL,337,mastcam_left,Nearby surface
0107ML0006820770103223E01_DRCL.jpg,3,train,0107ML0006820770103223E01_DRCL,True,data/msl/extracted/msl-labeled-data-set-v2.1/images/0107ML0006820770103223E01_DRCL.jpg,0107ML0006820770103223E01_DRCL,107,mastcam_left,Nearby surface
0364ML0014810910108649E01_DRCL.jpg,3,train,0364ML0014810910108649E01_DRCL,True,data/msl/extracted/msl-labeled-data-set-v2.1/images/0364ML0014810910108649E01_DRCL.jpg,0364ML0014810910108649E01_DRCL,364,mastcam_left,Nearby surface
0813MH0002970020301012I01_DRCL.jpg,6,train,0813MH0002970020301012I01_DRCL,True,data/msl/extracted/msl-labeled-data-set-v2.1/images/0813MH0002970020301012I01_DRCL.jpg,0813MH0002970020301012I01_DRCL,813,mahli,DRT spot
0186ML0009270060105487I01_DRCL.jpg,3,train,0186ML0009270060105487I01_DRCL,True,data/msl/extracted/msl-labeled-data-set-v2.1/images/0186ML0009270060105487I01_DRCL.jpg,0186ML0009270060105487I01_DRCL,186,mastcam_left,Nearby surface
0805MH0003070020300532I01_DRCL.jpg,4,train,0805MH0003070020300532I01_DRCL,True,data/msl/extracted/msl-labeled-data-set-v2.1/images/0805MH0003070020300532I01_DRCL.jpg,0805MH0003070020300532I01_DRCL,805,mahli,Close-up rock
0685ML0028940030304008D01_DRCL.jpg,15,train,0685ML0028940030304008D01_DRCL,True,data/msl/extracted/msl-labeled-data-set-v2.1/images/0685ML0028940030304008D01_DRCL.jpg,0685ML0028940030304008D01_DRCL,685,mastcam_left,Sun
0176MH0001460000102340I01_DRCL.jpg,2,train,0176MH0001460000102340I01_DRCL,True,data/msl/extracted/msl-labeled-data-set-v2.1/images/0176MH0001460000102340I01_DRCL.jpg,0176MH0001460000102340I01_DRCL,176,mahli,Artifact
0186ML0009270350105516E01_DRCL.jpg,3,train,0186ML0009270350105516E01_DRCL,True,data/msl/extracted/msl-labeled-data-set-v2.1/images/0186ML0009270350105516E01_DRCL.jpg,0186ML0009270350105516E01_DRCL,186,mastcam_left,Nearby surface
0351MR0014230000301233Q01_DRCL.jpg,9,train,0351MR0014230000301233Q01_DRCL,True,data/msl/extracted/msl-labeled-data-set-v2.1/images/0351MR0014230000301233Q01_DRCL.jpg,0351MR0014230000301233Q01_DRCL,351,mastcam_right,Night sky
0553ML0022440000204479E01_DRCL.jpg,3,train,0553ML0022440000204479E01_DRCL,True,data/msl/extracted/msl-labeled-data-set-v2.1/images/0553ML0022440000204479E01_DRCL.jpg,0553ML0022440000204479E01_DRCL,553,mastcam_left,Nearby surface
0413ML0017070000201054E01_DRCL.jpg,7,train,0413ML0017070000201054E01_DRCL,True,data/msl/extracted/msl-labeled-data-set-v2.1/images/0413ML0017070000201054E01_DRCL.jpg,0413ML0017070000201054E01_DRCL,413,mastcam_left,Distant landscape
0184MR0009251010202163E01_DRCL.jpg,3,train,0184MR0009251010202163E01_DRCL,True,data/msl/extracted/msl-labeled-data-set-v2.1/images/0184MR0009251010202163E01_DRCL.jpg,0184MR0009251010202163E01_DRCL,184,mastcam_right,Nearby surface
0100MR0006610100104372E01_DRCL.jpg,7,train,0100MR0006610100104372E01_DRCL,True,data/msl/extracted/msl-labeled-data-set-v2.1/images/0100MR0006610100104372E01_DRCL.jpg,0100MR0006610100104372E01_DRCL,100,mastcam_right,Distant landscape
0320ML0013100030107783C00_DRCL.jpg,15,train,0320ML0013100030107783C00_DRCL,True,data/msl/extracted/msl-labeled-data-set-v2.1/images/0320ML0013100030107783C00_DRCL.jpg,0320ML0013100030107783C00_DRCL,320,mastcam_left,Sun
0582ML0024370080300344I01_DRCL.jpg,2,train,0582ML0024370080300344I01_DRCL,True,data/msl/extracted/msl-labeled-data-set-v2.1/images/0582ML0024370080300344I01_DRCL.jpg,0582ML0024370080300344I01_DRCL,582,mastcam_left,Artifact
0107ML0006820850103231E01_DRCL.jpg,3,train,0107ML0006820850103231E01_DRCL,True,data/msl/extracted/msl-labeled-data-set-v2.1/images/0107ML0006820850103231E01_DRCL.jpg,0107ML0006820850103231E01_DRCL,107,mastcam_left,Nearby surface
0393MR0016230000302123E01_DRCL.jpg,3,train,0393MR0016230000302123E01_DRCL,True,data/msl/extracted/msl-labeled-data-set-v2.1/images/0393MR0016230000302123E01_DRCL.jpg,0393MR0016230000302123E01_DRCL,393,mastcam_right,Nearby surface
0378ML0015560000200152E01_DRCL.jpg,7,train,0378ML0015560000200152E01_DRCL,True,data/msl/extracted/msl-labeled-data-set-v2.1/images/0378ML0015560000200152E01_DRCL.jpg,0378ML0015560000200152E01_DRCL,378,mastcam_left,Distant landscape
0782MR0034140090204168D01_DRCL.jpg,13,train,0782MR0034140090204168D01_DRCL,True,data/msl/extracted/msl-labeled-data-set-v2.1/images/0782MR0034140090204168D01_DRCL.jpg,0782MR0034140090204168D01_DRCL,782,mastcam_right,Mastcam cal target
0358ML0014600000108527I01_DRCL.jpg,3,train,0358ML0014600000108527I01_DRCL,True,data/msl/extracted/msl-labeled-data-set-v2.1/images/0358ML0014600000108527I01_DRCL.jpg,0358ML0014600000108527I01_DRCL,358,mastcam_left,Nearby surface
0783MR0033760050204175C00_DRCL.jpg,2,train,0783MR0033760050204175C00_DRCL,True,data/msl/extracted/msl-labeled-data-set-v2.1/images/0783MR0033760050204175C00_DRCL.jpg,0783MR0033760050204175C00_DRCL,783,mastcam_right,Artifact
0042ML0001830110101654D01_DRCL.jpg,15,train,0042ML0001830110101654D01_DRCL,True,data/msl/extracted/msl-labeled-data-set-v2.1/images/0042ML0001830110101654D01_DRCL.jpg,0042ML0001830110101654D01_DRCL,42,mastcam_left,Sun
0618ML0026010000302048E01_DRCL.jpg,7,train,0618ML0026010000302048E01_DRCL,True,data/msl/extracted/msl-labeled-data-set-v2.1/images/0618ML0026010000302048E01_DRCL.jpg,0618ML0026010000302048E01_DRCL,618,mastcam_left,Distant landscape
0389MR0015930250302063E01_DRCL.jpg,3,train,0389MR0015930250302063E01_DRCL,True,data/msl/extracted/msl-labeled-data-set-v2.1/images/0389MR0015930250302063E01_DRCL.jpg,0389MR0015930250302063E01_DRCL,389,mastcam_right,Nearby surface
0111MR0006870360200458E01_DRCL.jpg,3,train,0111MR0006870360200458E01_DRCL,True,data/msl/extracted/msl-labeled-data-set-v2.1/images/0111MR0006870360200458E01_DRCL.jpg,0111MR0006870360200458E01_DRCL,111,mastcam_right,Nearby surface
0172ML0009240630104942E01_DRCL.jpg,3,train,0172ML0009240630104942E01_DRCL,True,data/msl/extracted/msl-labeled-data-set-v2.1/images/0172ML0009240630104942E01_DRCL.jpg,0172ML0009240630104942E01_DRCL,172,mastcam_left,Nearby surface
0292MH0002870030103444I01_DRCL.jpg,4,train,0292MH0002870030103444I01_DRCL,True,data/msl/extracted/msl-labeled-data-set-v2.1/images/0292MH0002870030103444I01_DRCL.jpg,0292MH0002870030103444I01_DRCL,292,mahli,Close-up rock
0184ML0009251190105419E01_DRCL.jpg,3,train,0184ML0009251190105419E01_DRCL,True,data/msl/extracted/msl-labeled-data-set-v2.1/images/0184ML0009251190105419E01_DRCL.jpg,0184ML0009251190105419E01_DRCL,184,mastcam_left,Nearby surface
0385ML0015810050200340E01_DRCL.jpg,3,train,0385ML0015810050200340E01_DRCL,True,data/msl/extracted/msl-labeled-data-set-v2.1/images/0385ML0015810050200340E01_DRCL.jpg,0385ML0015810050200340E01_DRCL,385,mastcam_left,Nearby surface
0731ML0031320070305148E01_DRCL.jpg,3,train,0731ML0031320070305148E01_DRCL,True,data/msl/extracted/msl-labeled-data-set-v2.1/images/0731ML0031320070305148E01_DRCL.jpg,0731ML0031320070305148E01_DRCL,731,mastcam_left,Nearby surface
0169MH0002080020102210I01_DRCL.jpg,6,train,0169MH0002080020102210I01_DRCL,True,data/msl/extracted/msl-labeled-data-set-v2.1/images/0169MH0002080020102210I01_DRCL.jpg,0169MH0002080020102210I01_DRCL,169,mahli,DRT spot
0388MR0015990300302019E01_DRCL.jpg,3,train,0388MR0015990300302019E01_DRCL,True,data/msl/extracted/msl-labeled-data-set-v2.1/images/0388MR0015990300302019E01_DRCL.jpg,0388MR0015990300302019E01_DRCL,388,mastcam_right,Nearby surface
0108ML0006830340103278E01_DRCL.jpg,3,train,0108ML0006830340103278E01_DRCL,True,data/msl/extracted/msl-labeled-data-set-v2.1/images/0108ML0006830340103278E01_DRCL.jpg,0108ML0006830340103278E01_DRCL,108,mastcam_left,Nearby surface
0044MR0002011610102540E01_DRCL.jpg,3,train,0044MR0002011610102540E01_DRCL,True,data/msl/extracted/msl-labeled-data-set-v2.1/images/0044MR0002011610102540E01_DRCL.jpg,0044MR0002011610102540E01_DRCL,44,mastcam_right,Nearby surface
0526MH0003110000201097I01_DRCL.jpg,2,train,0526MH0003110000201097I01_DRCL,True,data/msl/extracted/msl-labeled-data-set-v2.1/images/0526MH0003110000201097I01_DRCL.jpg,0526MH0003110000201097I01_DRCL,526,mahli,Artifact
0690ML0029080080304074E01_DRCL.jpg,7,train,0690ML0029080080304074E01_DRCL,True,data/msl/extracted/msl-labeled-data-set-v2.1/images/0690ML0029080080304074E01_DRCL.jpg,0690ML0029080080304074E01_DRCL,690,mastcam_left,Distant landscape
0169MH0001760020102198I01_DRCL.jpg,4,train,0169MH0001760020102198I01_DRCL,True,data/msl/extracted/msl-labeled-data-set-v2.1/images/0169MH0001760020102198I01_DRCL.jpg,0169MH0001760020102198I01_DRCL,169,mahli,Close-up rock
0168MH0002040000102122I01_DRCL.jpg,2,train,0168MH0002040000102122I01_DRCL,True,data/msl/extracted/msl-labeled-data-set-v2.1/images/0168MH0002040000102122I01_DRCL.jpg,0168MH0002040000102122I01_DRCL,168,mahli,Artifact
0378ML0015560020200154E01_DRCL.jpg,7,train,0378ML0015560020200154E01_DRCL,True,data/msl/extracted/msl-labeled-data-set-v2.1/images/0378ML0015560020200154E01_DRCL.jpg,0378ML0015560020200154E01_DRCL,378,mastcam_left,Distant landscape
0067MH0000780020100672I01_DRCL.jpg,4,train,0067MH0000780020100672I01_DRCL,True,data/msl/extracted/msl-labeled-data-set-v2.1/images/0067MH0000780020100672I01_DRCL.jpg,0067MH0000780020100672I01_DRCL,67,mahli,Close-up rock
0046MH0000100030100145I01_DRCL.jpg,4,train,0046MH0000100030100145I01_DRCL,True,data/msl/extracted/msl-labeled-data-set-v2.1/images/0046MH0000100030100145I01_DRCL.jpg,0046MH0000100030100145I01_DRCL,46,mahli,Close-up rock
0168MH0002080000102088I01_DRCL.jpg,2,train,0168MH0002080000102088I01_DRCL,True,data/msl/extracted/msl-labeled-data-set-v2.1/images/0168MH0002080000102088I01_DRCL.jpg,0168MH0002080000102088I01_DRCL,168,mahli,Artifact
0042ML0001830110101594Q01_DRCL.jpg,15,train,0042ML0001830110101594Q01_DRCL,True,data/msl/extracted/msl-labeled-data-set-v2.1/images/0042ML0001830110101594Q01_DRCL.jpg,0042ML0001830110101594Q01_DRCL,42,mastcam_left,Sun
0768MH0004100020300240I01_DRCL.jpg,8,train,0768MH0004100020300240I01_DRCL,True,data/msl/extracted/msl-labeled-data-set-v2.1/images/0768MH0004100020300240I01_DRCL.jpg,0768MH0004100020300240I01_DRCL,768,mahli,Drill hole
0883MH0004100020302596I01_DRCL.jpg,8,train,0883MH0004100020302596I01_DRCL,True,data/msl/extracted/msl-labeled-data-set-v2.1/images/0883MH0004100020302596I01_DRCL.jpg,0883MH0004100020302596I01_DRCL,883,mahli,Drill hole
0054MH0000170030100349I01_DRCL.jpg,2,train,0054MH0000170030100349I01_DRCL,True,data/msl/extracted/msl-labeled-data-set-v2.1/images/0054MH0000170030100349I01_DRCL.jpg,0054MH0000170030100349I01_DRCL,54,mahli,Artifact
0646ML0027470160302878E01_DRCL.jpg,3,train,0646ML0027470160302878E01_DRCL,True,data/msl/extracted/msl-labeled-data-set-v2.1/images/0646ML0027470160302878E01_DRCL.jpg,0646ML0027470160302878E01_DRCL,646,mastcam_left,Nearby surface
0659ML0027990900303261E01_DRCL.jpg,3,train,0659ML0027990900303261E01_DRCL,True,data/msl/extracted/msl-labeled-data-set-v2.1/images/0659ML0027990900303261E01_DRCL.jpg,0659ML0027990900303261E01_DRCL,659,mastcam_left,Nearby surface
0939ML0040970120403031E01_DRCL.jpg,2,train,0939ML0040970120403031E01_DRCL,True,data/msl/extracted/msl-labeled-data-set-v2.1/images/0939ML0040970120403031E01_DRCL.jpg,0939ML0040970120403031E01_DRCL,939,mastcam_left,Artifact
0374ML0015390080200018E01_DRCL.jpg,3,train,0374ML0015390080200018E01_DRCL,True,data/msl/extracted/msl-labeled-data-set-v2.1/images/0374ML0015390080200018E01_DRCL.jpg,0374ML0015390080200018E01_DRCL,374,mastcam_left,Nearby surface
0390MR0016060030302090E01_DRCL.jpg,3,train,0390MR0016060030302090E01_DRCL,True,data/msl/extracted/msl-labeled-data-set-v2.1/images/0390MR0016060030302090E01_DRCL.jpg,0390MR0016060030302090E01_DRCL,390,mastcam_right,Nearby surface
0442MH0001520020200150I01_DRCL.jpg,4,train,0442MH0001520020200150I01_DRCL,True,data/msl/extracted/msl-labeled-data-set-v2.1/images/0442MH0001520020200150I01_DRCL.jpg,0442MH0001520020200150I01_DRCL,442,mahli,Close-up rock
0080MR0005940250104034I01_DRCL.jpg,3,train,0080MR0005940250104034I01_DRCL,True,data/msl/extracted/msl-labeled-data-set-v2.1/images/0080MR0005940250104034I01_DRCL.jpg,0080MR0005940250104034I01_DRCL,80,mastcam_right,Nearby surface
0546ML0022020000204045E01_DRCL.jpg,3,train,0546ML0022020000204045E01_DRCL,True,data/msl/extracted/msl-labeled-data-set-v2.1/images/0546ML0022020000204045E01_DRCL.jpg,0546ML0022020000204045E01_DRCL,546,mastcam_left,Nearby surface
0042MR0001830110101684K00_DRCL.jpg,15,train,0042MR0001830110101684K00_DRCL,True,data/msl/extracted/msl-labeled-data-set-v2.1/images/0042MR0001830110101684K00_DRCL.jpg,0042MR0001830110101684K00_DRCL,42,mastcam_right,Sun
0020ML0001080110100546C00_DRCL.jpg,3,train,0020ML0001080110100546C00_DRCL,True,data/msl/extracted/msl-labeled-data-set-v2.1/images/0020ML0001080110100546C00_DRCL.jpg,0020ML0001080110100546C00_DRCL,20,mastcam_left,Nearby surface
0050MR0002290060102771E01_DRCL.jpg,3,train,0050MR0002290060102771E01_DRCL,True,data/msl/extracted/msl-labeled-data-set-v2.1/images/0050MR0002290060102771E01_DRCL.jpg,0050MR0002290060102771E01_DRCL,50,mastcam_right,Nearby surface
0780MR0033990080404082E01_DRCL.jpg,3,train,0780MR0033990080404082E01_DRCL,True,data/msl/extracted/msl-labeled-data-set-v2.1/images/0780MR0033990080404082E01_DRCL.jpg,0780MR0033990080404082E01_DRCL,780,mastcam_right,Nearby surface
0726ML0030980020305027D01_DRCL.jpg,3,train,0726ML0030980020305027D01_DRCL,True,data/msl/extracted/msl-labeled-data-set-v2.1/images/0726ML0030980020305027D01_DRCL.jpg,0726ML0030980020305027D01_DRCL,726,mastcam_left,Nearby surface
0271ML0011930090106148E01_DRCL.jpg,7,train,0271ML0011930090106148E01_DRCL,True,data/msl/extracted/msl-labeled-data-set-v2.1/images/0271ML0011930090106148E01_DRCL.jpg,0271ML0011930090106148E01_DRCL,271,mastcam_left,Distant landscape
0508ML0020000130202774E01_DRCL.jpg,3,train,0508ML0020000130202774E01_DRCL,True,data/msl/extracted/msl-labeled-data-set-v2.1/images/0508ML0020000130202774E01_DRCL.jpg,0508ML0020000130202774E01_DRCL,508,mastcam_left,Nearby surface
0468MR0018650090302842D01_DRCL.jpg,13,train,0468MR0018650090302842D01_DRCL,True,data/msl/extracted/msl-labeled-data-set-v2.1/images/0468MR0018650090302842D01_DRCL.jpg,0468MR0018650090302842D01_DRCL,468,mastcam_right,Mastcam cal target
0316MR0012940030300525E01_DRCL.jpg,3,train,0316MR0012940030300525E01_DRCL,True,data/msl/extracted/msl-labeled-data-set-v2.1/images/0316MR0012940030300525E01_DRCL.jpg,0316MR0012940030300525E01_DRCL,316,mastcam_right,Nearby surface
0725MR0030970130402873D01_DRCL.jpg,13,train,0725MR0030970130402873D01_DRCL,True,data/msl/extracted/msl-labeled-data-set-v2.1/images/0725MR0030970130402873D01_DRCL.jpg,0725MR0030970130402873D01_DRCL,725,mastcam_right,Mastcam cal target
0109ML0006850390103393E01_DRCL.jpg,3,train,0109ML0006850390103393E01_DRCL,True,data/msl/extracted/msl-labeled-data-set-v2.1/images/0109ML0006850390103393E01_DRCL.jpg,0109ML0006850390103393E01_DRCL,109,mastcam_left,Nearby surface
0583ML0024400000300439I01_DRCL.jpg,3,train,0583ML0024400000300439I01_DRCL,True,data/msl/extracted/msl-labeled-data-set-v2.1/images/0583ML0024400000300439I01_DRCL.jpg,0583ML0024400000300439I01_DRCL,583,mastcam_left,Nearby surface
0316MR0012950040300542I01_DRCL.jpg,3,train,0316MR0012950040300542I01_DRCL,True,data/msl/extracted/msl-labeled-data-set-v2.1/images/0316MR0012950040300542I01_DRCL.jpg,0316MR0012950040300542I01_DRCL,316,mastcam_right,Nearby surface
0624MR0026740000401583I01_DRCL.jpg,2,train,0624MR0026740000401583I01_DRCL,True,data/msl/extracted/msl-labeled-data-set-v2.1/images/0624MR0026740000401583I01_DRCL.jpg,0624MR0026740000401583I01_DRCL,624,mastcam_right,Artifact
0042ML0001810030101394K00_DRCL.jpg,15,train,0042ML0001810030101394K00_DRCL,True,data/msl/extracted/msl-labeled-data-set-v2.1/images/0042ML0001810030101394K00_DRCL.jpg,0042ML0001810030101394K00_DRCL,42,mastcam_left,Sun
0173ML0009260950105112E01_DRCL.jpg,3,train,0173ML0009260950105112E01_DRCL,True,data/msl/extracted/msl-labeled-data-set-v2.1/images/0173ML0009260950105112E01_DRCL.jpg,0173ML0009260950105112E01_DRCL,173,mastcam_left,Nearby surface
0880MH0004600040302387I01_DRCL.jpg,6,train,0880MH0004600040302387I01_DRCL,True,data/msl/extracted/msl-labeled-data-set-v2.1/images/0880MH0004600040302387I01_DRCL.jpg,0880MH0004600040302387I01_DRCL,880,mahli,DRT spot
0037MR0000990110100973Q01_DRCL.jpg,2,train,0037MR0000990110100973Q01_DRCL,True,data/msl/extracted/msl-labeled-data-set-v2.1/images/0037MR0000990110100973Q01_DRCL.jpg,0037MR0000990110100973Q01_DRCL,37,mastcam_right,Artifact
0061MH0001010010100563E01_DRCL.jpg,4,train,0061MH0001010010100563E01_DRCL,True,data/msl/extracted/msl-labeled-data-set-v2.1/images/0061MH0001010010100563E01_DRCL.jpg,0061MH0001010010100563E01_DRCL,61,mahli,Close-up rock
0363MR0014720000301397Q01_DRCL.jpg,2,train,0363MR0014720000301397Q01_DRCL,True,data/msl/extracted/msl-labeled-data-set-v2.1/images/0363MR0014720000301397Q01_DRCL.jpg,0363MR0014720000301397Q01_DRCL,363,mastcam_right,Artifact
0802MH0003830010300371C00_DRCL.jpg,14,train,0802MH0003830010300371C00_DRCL,True,data/msl/extracted/msl-labeled-data-set-v2.1/images/0802MH0003830010300371C00_DRCL.jpg,0802MH0003830010300371C00_DRCL,802,mahli,Sand
0388ML0015990180200401E01_DRCL.jpg,7,train,0388ML0015990180200401E01_DRCL,True,data/msl/extracted/msl-labeled-data-set-v2.1/images/0388ML0015990180200401E01_DRCL.jpg,0388ML0015990180200401E01_DRCL,388,mastcam_left,Distant landscape
0487MH0003380010200437C00_DRCL.jpg,4,train,0487MH0003380010200437C00_DRCL,True,data/msl/extracted/msl-labeled-data-set-v2.1/images/0487MH0003380010200437C00_DRCL.jpg,0487MH0003380010200437C00_DRCL,487,mahli,Close-up rock
0042MR0001830110101800Q01_DRCL.jpg,2,train,0042MR0001830110101800Q01_DRCL,True,data/msl/extracted/msl-labeled-data-set-v2.1/images/0042MR0001830110101800Q01_DRCL.jpg,0042MR0001830110101800Q01_DRCL,42,mastcam_right,Artifact
0023ML0001140590100692C00_DRCL.jpg,3,train,0023ML0001140590100692C00_DRCL,True,data/msl/extracted/msl-labeled-data-set-v2.1/images/0023ML0001140590100692C00_DRCL.jpg,0023ML0001140590100692C00_DRCL,23,mastcam_left,Nearby surface
0042MR0006330000102052I01_DRCL.jpg,2,train,0042MR0006330000102052I01_DRCL,True,data/msl/extracted/msl-labeled-data-set-v2.1/images/0042MR0006330000102052I01_DRCL.jpg,0042MR0006330000102052I01_DRCL,42,mastcam_right,Artifact
0437ML0017810500201535E01_DRCL.jpg,3,train,0437ML0017810500201535E01_DRCL,True,data/msl/extracted/msl-labeled-data-set-v2.1/images/0437ML0017810500201535E01_DRCL.jpg,0437ML0017810500201535E01_DRCL,437,mastcam_left,Nearby surface
0067MH0000360020100719I01_DRCL.jpg,4,train,0067MH0000360020100719I01_DRCL,True,data/msl/extracted/msl-labeled-data-set-v2.1/images/0067MH0000360020100719I01_DRCL.jpg,0067MH0000360020100719I01_DRCL,67,mahli,Close-up rock
0635ML0026940230302668E01_DRCL.jpg,3,train,0635ML0026940230302668E01_DRCL,True,data/msl/extracted/msl-labeled-data-set-v2.1/images/0635ML0026940230302668E01_DRCL.jpg,0635ML0026940230302668E01_DRCL,635,mastcam_left,Nearby surface
0023ML0001140110100644C00_DRCL.jpg,3,train,0023ML0001140110100644C00_DRCL,True,data/msl/extracted/msl-labeled-data-set-v2.1/images/0023ML0001140110100644C00_DRCL.jpg,0023ML0001140110100644C00_DRCL,23,mastcam_left,Nearby surface
0042MR0001940840102299E01_DRCL.jpg,3,train,0042MR0001940840102299E01_DRCL,True,data/msl/extracted/msl-labeled-data-set-v2.1/images/0042MR0001940840102299E01_DRCL.jpg,0042MR0001940840102299E01_DRCL,42,mastcam_right,Nearby surface
0584MH0002990020202352I01_DRCL.jpg,14,train,0584MH0002990020202352I01_DRCL,True,data/msl/extracted/msl-labeled-data-set-v2.1/images/0584MH0002990020202352I01_DRCL.jpg,0584MH0002990020202352I01_DRCL,584,mahli,Sand
0807ML0035380030400940I01_DRCL.jpg,2,train,0807ML0035380030400940I01_DRCL,True,data/msl/extracted/msl-labeled-data-set-v2.1/images/0807ML0035380030400940I01_DRCL.jpg,0807ML0035380030400940I01_DRCL,807,mastcam_left,Artifact
0107ML0006820140103160E01_DRCL.jpg,3,train,0107ML0006820140103160E01_DRCL,True,data/msl/extracted/msl-labeled-data-set-v2.1/images/0107ML0006820140103160E01_DRCL.jpg,0107ML0006820140103160E01_DRCL,107,mastcam_left,Nearby surface
0509MR0020050200303183E01_DRCL.jpg,3,train,0509MR0020050200303183E01_DRCL,True,data/msl/extracted/msl-labeled-data-set-v2.1/images/0509MR0020050200303183E01_DRCL.jpg,0509MR0020050200303183E01_DRCL,509,mastcam_right,Nearby surface
0382MR0015700080301863E01_DRCL.jpg,3,train,0382MR0015700080301863E01_DRCL,True,data/msl/extracted/msl-labeled-data-set-v2.1/images/0382MR0015700080301863E01_DRCL.jpg,0382MR0015700080301863E01_DRCL,382,mastcam_right,Nearby surface
0421ML0017200500201133E01_DRCL.jpg,3,train,0421ML0017200500201133E01_DRCL,True,data/msl/extracted/msl-labeled-data-set-v2.1/images/0421ML0017200500201133E01_DRCL.jpg,0421ML0017200500201133E01_DRCL,421,mastcam_left,Nearby surface
0921ML0040400270402680C00_DRCL.jpg,3,train,0921ML0040400270402680C00_DRCL,True,data/msl/extracted/msl-labeled-data-set-v2.1/images/0921ML0040400270402680C00_DRCL.jpg,0921ML0040400270402680C00_DRCL,921,mastcam_left,Nearby surface
0758MH0004270020204700I01_DRCL.jpg,6,train,0758MH0004270020204700I01_DRCL,True,data/msl/extracted/msl-labeled-data-set-v2.1/images/0758MH0004270020204700I01_DRCL.jpg,0758MH0004270020204700I01_DRCL,758,mahli,DRT spot
0579MR0024050010400002E01_DRCL.jpg,3,train,0579MR0024050010400002E01_DRCL,True,data/msl/extracted/msl-labeled-data-set-v2.1/images/0579MR0024050010400002E01_DRCL.jpg,0579MR0024050010400002E01_DRCL,579,mastcam_right,Nearby surface
0426MR0017390080302438E01_DRCL.jpg,3,train,0426MR0017390080302438E01_DRCL,True,data/msl/extracted/msl-labeled-data-set-v2.1/images/0426MR0017390080302438E01_DRCL.jpg,0426MR0017390080302438E01_DRCL,426,mastcam_right,Nearby surface
0551MR0022300080303795E01_DRCL.jpg,3,train,0551MR0022300080303795E01_DRCL,True,data/msl/extracted/msl-labeled-data-set-v2.1/images/0551MR0022300080303795E01_DRCL.jpg,0551MR0022300080303795E01_DRCL,551,mastcam_right,Nearby surface
0782ML0033740050400352E01_DRCL.jpg,2,train,0782ML0033740050400352E01_DRCL,True,data/msl/extracted/msl-labeled-data-set-v2.1/images/0782ML0033740050400352E01_DRCL.jpg,0782ML0033740050400352E01_DRCL,782,mastcam_left,Artifact
0529ML0020980040203291E01_DRCL.jpg,2,train,0529ML0020980040203291E01_DRCL,True,data/msl/extracted/msl-labeled-data-set-v2.1/images/0529ML0020980040203291E01_DRCL.jpg,0529ML0020980040203291E01_DRCL,529,mastcam_left,Artifact
0732ML0031410050205204D01_DRCL.jpg,2,train,0732ML0031410050205204D01_DRCL,True,data/msl/extracted/msl-labeled-data-set-v2.1/images/0732ML0031410050205204D01_DRCL.jpg,0732ML0031410050205204D01_DRCL,732,mastcam_left,Artifact
0880MH0002970020302321I01_DRCL.jpg,6,train,0880MH0002970020302321I01_DRCL,True,data/msl/extracted/msl-labeled-data-set-v2.1/images/0880MH0002970020302321I01_DRCL.jpg,0880MH0002970020302321I01_DRCL,880,mahli,DRT spot
0583MH0001730020202019I01_DRCL.jpg,4,train,0583MH0001730020202019I01_DRCL,True,data/msl/extracted/msl-labeled-data-set-v2.1/images/0583MH0001730020202019I01_DRCL.jpg,0583MH0001730020202019I01_DRCL,583,mahli,Close-up rock
0037MR0000990110101021Q01_DRCL.jpg,2,train,0037MR0000990110101021Q01_DRCL,True,data/msl/extracted/msl-labeled-data-set-v2.1/images/0037MR0000990110101021Q01_DRCL.jpg,0037MR0000990110101021Q01_DRCL,37,mastcam_right,Artifact
0345ML0013970150108207E01_DRCL.jpg,3,train,0345ML0013970150108207E01_DRCL,True,data/msl/extracted/msl-labeled-data-set-v2.1/images/0345ML0013970150108207E01_DRCL.jpg,0345ML0013970150108207E01_DRCL,345,mastcam_left,Nearby surface
0037MR0000990110100998Q01_DRCL.jpg,2,train,0037MR0000990110100998Q01_DRCL,True,data/msl/extracted/msl-labeled-data-set-v2.1/images/0037MR0000990110100998Q01_DRCL.jpg,0037MR0000990110100998Q01_DRCL,37,mastcam_right,Artifact
0108MR0006830310200130E01_DRCL.jpg,3,train,0108MR0006830310200130E01_DRCL,True,data/msl/extracted/msl-labeled-data-set-v2.1/images/0108MR0006830310200130E01_DRCL.jpg,0108MR0006830310200130E01_DRCL,108,mastcam_right,Nearby surface
0037MR0000990110101003Q01_DRCL.jpg,2,train,0037MR0000990110101003Q01_DRCL,True,data/msl/extracted/msl-labeled-data-set-v2.1/images/0037MR0000990110101003Q01_DRCL.jpg,0037MR0000990110101003Q01_DRCL,37,mastcam_right,Artifact
0768MH0004100020300232I01_DRCL.jpg,8,train,0768MH0004100020300232I01_DRCL,True,data/msl/extracted/msl-labeled-data-set-v2.1/images/0768MH0004100020300232I01_DRCL.jpg,0768MH0004100020300232I01_DRCL,768,mahli,Drill hole
0284ML0012120050106282D01_DRCL.jpg,2,train,0284ML0012120050106282D01_DRCL,True,data/msl/extracted/msl-labeled-data-set-v2.1/images/0284ML0012120050106282D01_DRCL.jpg,0284ML0012120050106282D01_DRCL,284,mastcam_left,Artifact
0364ML0014810890108647E01_DRCL.jpg,3,train,0364ML0014810890108647E01_DRCL,True,data/msl/extracted/msl-labeled-data-set-v2.1/images/0364ML0014810890108647E01_DRCL.jpg,0364ML0014810890108647E01_DRCL,364,mastcam_left,Nearby surface
0369ML0015060060108691E01_DRCL.jpg,3,train,0369ML0015060060108691E01_DRCL,True,data/msl/extracted/msl-labeled-data-set-v2.1/images/0369ML0015060060108691E01_DRCL.jpg,0369ML0015060060108691E01_DRCL,369,mastcam_left,Nearby surface
0037MR0000990110100987Q01_DRCL.jpg,2,train,0037MR0000990110100987Q01_DRCL,True,data/msl/extracted/msl-labeled-data-set-v2.1/images/0037MR0000990110100987Q01_DRCL.jpg,0037MR0000990110100987Q01_DRCL,37,mastcam_right,Artifact
0781ML0033710040400314I01_DRCL.jpg,2,train,0781ML0033710040400314I01_DRCL,True,data/msl/extracted/msl-labeled-data-set-v2.1/images/0781ML0033710040400314I01_DRCL.jpg,0781ML0033710040400314I01_DRCL,781,mastcam_left,Artifact
0020ML0001040070100477C00_DRCL.jpg,3,train,0020ML0001040070100477C00_DRCL,True,data/msl/extracted/msl-labeled-data-set-v2.1/images/0020ML0001040070100477C00_DRCL.jpg,0020ML0001040070100477C00_DRCL,20,mastcam_left,Nearby surface
0918ML0040320030402603D01_DRCL.jpg,15,train,0918ML0040320030402603D01_DRCL,True,data/msl/extracted/msl-labeled-data-set-v2.1/images/0918ML0040320030402603D01_DRCL.jpg,0918ML0040320030402603D01_DRCL,918,mastcam_left,Sun
0914MR0039970140501460C00_DRCL.jpg,14,train,0914MR0039970140501460C00_DRCL,True,data/msl/extracted/msl-labeled-data-set-v2.1/images/0914MR0039970140501460C00_DRCL.jpg,0914MR0039970140501460C00_DRCL,914,mastcam_right,Sand
0344ML0013960400108179E01_DRCL.jpg,3,train,0344ML0013960400108179E01_DRCL,True,data/msl/extracted/msl-labeled-data-set-v2.1/images/0344ML0013960400108179E01_DRCL.jpg,0344ML0013960400108179E01_DRCL,344,mastcam_left,Nearby surface
0037MR0000990110101019Q01_DRCL.jpg,2,train,0037MR0000990110101019Q01_DRCL,True,data/msl/extracted/msl-labeled-data-set-v2.1/images/0037MR0000990110101019Q01_DRCL.jpg,0037MR0000990110101019Q01_DRCL,37,mastcam_right,Artifact
0042MR0001830110101631K00_DRCL.jpg,15,train,0042MR0001830110101631K00_DRCL,True,data/msl/extracted/msl-labeled-data-set-v2.1/images/0042MR0001830110101631K00_DRCL.jpg,0042MR0001830110101631K00_DRCL,42,mastcam_right,Sun
0364ML0014810160108574E01_DRCL.jpg,3,train,0364ML0014810160108574E01_DRCL,True,data/msl/extracted/msl-labeled-data-set-v2.1/images/0364ML0014810160108574E01_DRCL.jpg,0364ML0014810160108574E01_DRCL,364,mastcam_left,Nearby surface
0819MH0003080020301517I01_DRCL.jpg,6,train,0819MH0003080020301517I01_DRCL,True,data/msl/extracted/msl-labeled-data-set-v2.1/images/0819MH0003080020301517I01_DRCL.jpg,0819MH0003080020301517I01_DRCL,819,mahli,DRT spot
0326ML0013210050107876D01_DRCL.jpg,2,train,0326ML0013210050107876D01_DRCL,True,data/msl/extracted/msl-labeled-data-set-v2.1/images/0326ML0013210050107876D01_DRCL.jpg,0326ML0013210050107876D01_DRCL,326,mastcam_left,Artifact
0778ML0033700330400238E01_DRCL.jpg,3,train,0778ML0033700330400238E01_DRCL,True,data/msl/extracted/msl-labeled-data-set-v2.1/images/0778ML0033700330400238E01_DRCL.jpg,0778ML0033700330400238E01_DRCL,778,mastcam_left,Nearby surface
0066MR0002930320103310E01_DRCL.jpg,3,train,0066MR0002930320103310E01_DRCL,True,data/msl/extracted/msl-labeled-data-set-v2.1/images/0066MR0002930320103310E01_DRCL.jpg,0066MR0002930320103310E01_DRCL,66,mastcam_right,Nearby surface
0931MR0040930010501801C00_DRCL.jpg,14,train,0931MR0040930010501801C00_DRCL,True,data/msl/extracted/msl-labeled-data-set-v2.1/images/0931MR0040930010501801C00_DRCL.jpg,0931MR0040930010501801C00_DRCL,931,mastcam_right,Sand
0042ML0001830110101939Q01_DRCL.jpg,15,train,0042ML0001830110101939Q01_DRCL,True,data/msl/extracted/msl-labeled-data-set-v2.1/images/0042ML0001830110101939Q01_DRCL.jpg,0042ML0001830110101939Q01_DRCL,42,mastcam_left,Sun
0375ML0015410780200098E01_DRCL.jpg,3,train,0375ML0015410780200098E01_DRCL,True,data/msl/extracted/msl-labeled-data-set-v2.1/images/0375ML0015410780200098E01_DRCL.jpg,0375ML0015410780200098E01_DRCL,375,mastcam_left,Nearby surface
0042ML0001830110101670D01_DRCL.jpg,15,train,0042ML0001830110101670D01_DRCL,True,data/msl/extracted/msl-labeled-data-set-v2.1/images/0042ML0001830110101670D01_DRCL.jpg,0042ML0001830110101670D01_DRCL,42,mastcam_left,Sun
0663ML0028210830303447E01_DRCL.jpg,3,train,0663ML0028210830303447E01_DRCL,True,data/msl/extracted/msl-labeled-data-set-v2.1/images/0663ML0028210830303447E01_DRCL.jpg,0663ML0028210830303447E01_DRCL,663,mastcam_left,Nearby surface
0036MR0001490080100842E01_DRCL.jpg,7,train,0036MR0001490080100842E01_DRCL,True,data/msl/extracted/msl-labeled-data-set-v2.1/images/0036MR0001490080100842E01_DRCL.jpg,0036MR0001490080100842E01_DRCL,36,mastcam_right,Distant landscape
0020ML0001110120100596C00_DRCL.jpg,3,train,0020ML0001110120100596C00_DRCL,True,data/msl/extracted/msl-labeled-data-set-v2.1/images/0020ML0001110120100596C00_DRCL.jpg,0020ML0001110120100596C00_DRCL,20,mastcam_left,Nearby surface
0421ML0017200360201119E01_DRCL.jpg,3,train,0421ML0017200360201119E01_DRCL,True,data/msl/extracted/msl-labeled-data-set-v2.1/images/0421ML0017200360201119E01_DRCL.jpg,0421ML0017200360201119E01_DRCL,421,mastcam_left,Nearby surface
0663ML0028210970303461E01_DRCL.jpg,3,train,0663ML0028210970303461E01_DRCL,True,data/msl/extracted/msl-labeled-data-set-v2.1/images/0663ML0028210970303461E01_DRCL.jpg,0663ML0028210970303461E01_DRCL,663,mastcam_left,Nearby surface
0916ML0040260120402495D01_DRCL.jpg,2,train,0916ML0040260120402495D01_DRCL,True,data/msl/extracted/msl-labeled-data-set-v2.1/images/0916ML0040260120402495D01_DRCL.jpg,0916ML0040260120402495D01_DRCL,916,mastcam_left,Artifact
0042ML0001830110101904Q01_DRCL.jpg,15,train,0042ML0001830110101904Q01_DRCL,True,data/msl/extracted/msl-labeled-data-set-v2.1/images/0042ML0001830110101904Q01_DRCL.jpg,0042ML0001830110101904Q01_DRCL,42,mastcam_left,Sun
0489MR0019470100303045I01_DRCL.jpg,2,train,0489MR0019470100303045I01_DRCL,True,data/msl/extracted/msl-labeled-data-set-v2.1/images/0489MR0019470100303045I01_DRCL.jpg,0489MR0019470100303045I01_DRCL,489,mastcam_right,Artifact
0042ML0001830110101610Q01_DRCL.jpg,15,train,0042ML0001830110101610Q01_DRCL,True,data/msl/extracted/msl-labeled-data-set-v2.1/images/0042ML0001830110101610Q01_DRCL.jpg,0042ML0001830110101610Q01_DRCL,42,mastcam_left,Sun
0628MH0004110020203701I01_DRCL.jpg,8,train,0628MH0004110020203701I01_DRCL,True,data/msl/extracted/msl-labeled-data-set-v2.1/images/0628MH0004110020203701I01_DRCL.jpg,0628MH0004110020203701I01_DRCL,628,mahli,Drill hole
0086MH0000930000101032I01_DRCL.jpg,2,train,0086MH0000930000101032I01_DRCL,True,data/msl/extracted/msl-labeled-data-set-v2.1/images/0086MH0000930000101032I01_DRCL.jpg,0086MH0000930000101032I01_DRCL,86,mahli,Artifact
0924ML0040640040402742D01_DRCL.jpg,2,train,0924ML0040640040402742D01_DRCL,True,data/msl/extracted/msl-labeled-data-set-v2.1/images/0924ML0040640040402742D01_DRCL.jpg,0924ML0040640040402742D01_DRCL,924,mastcam_left,Artifact
0370MR0015110000301699E01_DRCL.jpg,3,train,0370MR0015110000301699E01_DRCL,True,data/msl/extracted/msl-labeled-data-set-v2.1/images/0370MR0015110000301699E01_DRCL.jpg,0370MR0015110000301699E01_DRCL,370,mastcam_right,Nearby surface
0663ML0028210890303453E01_DRCL.jpg,3,train,0663ML0028210890303453E01_DRCL,True,data/msl/extracted/msl-labeled-data-set-v2.1/images/0663ML0028210890303453E01_DRCL.jpg,0663ML0028210890303453E01_DRCL,663,mastcam_left,Nearby surface
0020MR0001080060100425C00_DRCL.jpg,3,train,0020MR0001080060100425C00_DRCL,True,data/msl/extracted/msl-labeled-data-set-v2.1/images/0020MR0001080060100425C00_DRCL.jpg,0020MR0001080060100425C00_DRCL,20,mastcam_right,Nearby surface
0042MR0001830110101693K00_DRCL.jpg,15,train,0042MR0001830110101693K00_DRCL,True,data/msl/extracted/msl-labeled-data-set-v2.1/images/0042MR0001830110101693K00_DRCL.jpg,0042MR0001830110101693K00_DRCL,42,mastcam_right,Sun
0149MH0001660020101306I01_DRCL.jpg,4,train,0149MH0001660020101306I01_DRCL,True,data/msl/extracted/msl-labeled-data-set-v2.1/images/0149MH0001660020101306I01_DRCL.jpg,0149MH0001660020101306I01_DRCL,149,mahli,Close-up rock
0042ML0001830110101852Q01_DRCL.jpg,15,train,0042ML0001830110101852Q01_DRCL,True,data/msl/extracted/msl-labeled-data-set-v2.1/images/0042ML0001830110101852Q01_DRCL.jpg,0042ML0001830110101852Q01_DRCL,42,mastcam_left,Sun
0410ML0016840600200969E01_DRCL.jpg,3,train,0410ML0016840600200969E01_DRCL,True,data/msl/extracted/msl-labeled-data-set-v2.1/images/0410ML0016840600200969E01_DRCL.jpg,0410ML0016840600200969E01_DRCL,410,mastcam_left,Nearby surface
0044MR0002010120102391E01_DRCL.jpg,7,train,0044MR0002010120102391E01_DRCL,True,data/msl/extracted/msl-labeled-data-set-v2.1/images/0044MR0002010120102391E01_DRCL.jpg,0044MR0002010120102391E01_DRCL,44,mastcam_right,Distant landscape
0042MR0001830110101969Q01_DRCL.jpg,2,train,0042MR0001830110101969Q01_DRCL,True,data/msl/extracted/msl-labeled-data-set-v2.1/images/0042MR0001830110101969Q01_DRCL.jpg,0042MR0001830110101969Q01_DRCL,42,mastcam_right,Artifact
0931MR0040930030501803C00_DRCL.jpg,14,train,0931MR0040930030501803C00_DRCL,True,data/msl/extracted/msl-labeled-data-set-v2.1/images/0931MR0040930030501803C00_DRCL.jpg,0931MR0040930030501803C00_DRCL,931,mastcam_right,Sand
0042MR0001830110101544Q01_DRCL.jpg,2,train,0042MR0001830110101544Q01_DRCL,True,data/msl/extracted/msl-labeled-data-set-v2.1/images/0042MR0001830110101544Q01_DRCL.jpg,0042MR0001830110101544Q01_DRCL,42,mastcam_right,Artifact
0916ML0040250110402472D01_DRCL.jpg,2,train,0916ML0040250110402472D01_DRCL,True,data/msl/extracted/msl-labeled-data-set-v2.1/images/0916ML0040250110402472D01_DRCL.jpg,0916ML0040250110402472D01_DRCL,916,mastcam_left,Artifact
0037MR0000990110101013Q01_DRCL.jpg,2,train,0037MR0000990110101013Q01_DRCL,True,data/msl/extracted/msl-labeled-data-set-v2.1/images/0037MR0000990110101013Q01_DRCL.jpg,0037MR0000990110101013Q01_DRCL,37,mastcam_right,Artifact
0168MH0002090020102153I01_DRCL.jpg,4,train,0168MH0002090020102153I01_DRCL,True,data/msl/extracted/msl-labeled-data-set-v2.1/images/0168MH0002090020102153I01_DRCL.jpg,0168MH0002090020102153I01_DRCL,168,mahli,Close-up rock
0379MR0015620000301833E01_DRCL.jpg,3,train,0379MR0015620000301833E01_DRCL,True,data/msl/extracted/msl-labeled-data-set-v2.1/images/0379MR0015620000301833E01_DRCL.jpg,0379MR0015620000301833E01_DRCL,379,mastcam_right,Nearby surface
0494MR0019650090303095E01_DRCL.jpg,3,train,0494MR0019650090303095E01_DRCL,True,data/msl/extracted/msl-labeled-data-set-v2.1/images/0494MR0019650090303095E01_DRCL.jpg,0494MR0019650090303095E01_DRCL,494,mastcam_right,Nearby surface
0020MR0001070150100418C00_DRCL.jpg,3,train,0020MR0001070150100418C00_DRCL,True,data/msl/extracted/msl-labeled-data-set-v2.1/images/0020MR0001070150100418C00_DRCL.jpg,0020MR0001070150100418C00_DRCL,20,mastcam_right,Nearby surface
0042MR0006330000102046I01_DRCL.jpg,2,train,0042MR0006330000102046I01_DRCL,True,data/msl/extracted/msl-labeled-data-set-v2.1/images/0042MR0006330000102046I01_DRCL.jpg,0042MR0006330000102046I01_DRCL,42,mastcam_right,Artifact
0174MR0009360040201959D01_DRCL.jpg,2,train,0174MR0009360040201959D01_DRCL,True,data/msl/extracted/msl-labeled-data-set-v2.1/images/0174MR0009360040201959D01_DRCL.jpg,0174MR0009360040201959D01_DRCL,174,mastcam_right,Artifact
0053MR0002460000102999E01_DRCL.jpg,3,train,0053MR0002460000102999E01_DRCL,True,data/msl/extracted/msl-labeled-data-set-v2.1/images/0053MR0002460000102999E01_DRCL.jpg,0053MR0002460000102999E01_DRCL,53,mastcam_right,Nearby surface
0817ML0035980040401066D01_DRCL.jpg,2,train,0817ML0035980040401066D01_DRCL,True,data/msl/extracted/msl-labeled-data-set-v2.1/images/0817ML0035980040401066D01_DRCL.jpg,0817ML0035980040401066D01_DRCL,817,mastcam_left,Artifact
0393MR0016220080302157E01_DRCL.jpg,2,train,0393MR0016220080302157E01_DRCL,True,data/msl/extracted/msl-labeled-data-set-v2.1/images/0393MR0016220080302157E01_DRCL.jpg,0393MR0016220080302157E01_DRCL,393,mastcam_right,Artifact
0489MR0019470170303046I01_DRCL.jpg,2,train,0489MR0019470170303046I01_DRCL,True,data/msl/extracted/msl-labeled-data-set-v2.1/images/0489MR0019470170303046I01_DRCL.jpg,0489MR0019470170303046I01_DRCL,489,mastcam_right,Artifact
0389ML0016000710200513E01_DRCL.jpg,3,train,0389ML0016000710200513E01_DRCL,True,data/msl/extracted/msl-labeled-data-set-v2.1/images/0389ML0016000710200513E01_DRCL.jpg,0389ML0016000710200513E01_DRCL,389,mastcam_left,Nearby surface
0042MR0006330000102087I01_DRCL.jpg,2,train,0042MR0006330000102087I01_DRCL,True,data/msl/extracted/msl-labeled-data-set-v2.1/images/0042MR0006330000102087I01_DRCL.jpg,0042MR0006330000102087I01_DRCL,42,mastcam_right,Artifact
0023MR0001140850100615C00_DRCL.jpg,3,train,0023MR0001140850100615C00_DRCL,True,data/msl/extracted/msl-labeled-data-set-v2.1/images/0023MR0001140850100615C00_DRCL.jpg,0023MR0001140850100615C00_DRCL,23,mastcam_right,Nearby surface
0020ML0001090030100554B00_DRCL.jpg,3,train,0020ML0001090030100554B00_DRCL,True,data/msl/extracted/msl-labeled-data-set-v2.1/images/0020ML0001090030100554B00_DRCL.jpg,0020ML0001090030100554B00_DRCL,20,mastcam_left,Nearby surface
0109ML0006850730103427E01_DRCL.jpg,3,train,0109ML0006850730103427E01_DRCL,True,data/msl/extracted/msl-labeled-data-set-v2.1/images/0109ML0006850730103427E01_DRCL.jpg,0109ML0006850730103427E01_DRCL,109,mastcam_left,Nearby surface
0037MR0000990110101095L01_DRCL.jpg,15,train,0037MR0000990110101095L01_DRCL,True,data/msl/extracted/msl-labeled-data-set-v2.1/images/0037MR0000990110101095L01_DRCL.jpg,0037MR0000990110101095L01_DRCL,37,mastcam_right,Sun
0037MR0001640070101187D01_DRCL.jpg,2,train,0037MR0001640070101187D01_DRCL,True,data/msl/extracted/msl-labeled-data-set-v2.1/images/0037MR0001640070101187D01_DRCL.jpg,0037MR0001640070101187D01_DRCL,37,mastcam_right,Artifact
0812MR0035640000500374I01_DRCL.jpg,2,train,0812MR0035640000500374I01_DRCL,True,data/msl/extracted/msl-labeled-data-set-v2.1/images/0812MR0035640000500374I01_DRCL.jpg,0812MR0035640000500374I01_DRCL,812,mastcam_right,Artifact
0037ML0000990110101092D01_DRCL.jpg,15,train,0037ML0000990110101092D01_DRCL,True,data/msl/extracted/msl-labeled-data-set-v2.1/images/0037ML0000990110101092D01_DRCL.jpg,0037ML0000990110101092D01_DRCL,37,mastcam_left,Sun
0678ML0028800190303941E01_DRCL.jpg,3,train,0678ML0028800190303941E01_DRCL,True,data/msl/extracted/msl-labeled-data-set-v2.1/images/0678ML0028800190303941E01_DRCL.jpg,0678ML0028800190303941E01_DRCL,678,mastcam_left,Nearby surface
0037MR0000990110100925Q01_DRCL.jpg,2,train,0037MR0000990110100925Q01_DRCL,True,data/msl/extracted/msl-labeled-data-set-v2.1/images/0037MR0000990110100925Q01_DRCL.jpg,0037MR0000990110100925Q01_DRCL,37,mastcam_right,Artifact
0042MR0001830110101582K00_DRCL.jpg,15,train,0042MR0001830110101582K00_DRCL,True,data/msl/extracted/msl-labeled-data-set-v2.1/images/0042MR0001830110101582K00_DRCL.jpg,0042MR0001830110101582K00_DRCL,42,mastcam_right,Sun
0042ML0001830110102017Q01_DRCL.jpg,15,train,0042ML0001830110102017Q01_DRCL,True,data/msl/extracted/msl-labeled-data-set-v2.1/images/0042ML0001830110102017Q01_DRCL.jpg,0042ML0001830110102017Q01_DRCL,42,mastcam_left,Sun
0174MR0009360120201963D01_DRCL.jpg,2,train,0174MR0009360120201963D01_DRCL,True,data/msl/extracted/msl-labeled-data-set-v2.1/images/0174MR0009360120201963D01_DRCL.jpg,0174MR0009360120201963D01_DRCL,174,mastcam_right,Artifact
0168MH0002050000102124I01_DRCL.jpg,2,train,0168MH0002050000102124I01_DRCL,True,data/msl/extracted/msl-labeled-data-set-v2.1/images/0168MH0002050000102124I01_DRCL.jpg,0168MH0002050000102124I01_DRCL,168,mahli,Artifact
0042ML0001810030101523Q01_DRCL.jpg,15,train,0042ML0001810030101523Q01_DRCL,True,data/msl/extracted/msl-labeled-data-set-v2.1/images/0042ML0001810030101523Q01_DRCL.jpg,0042ML0001810030101523Q01_DRCL,42,mastcam_left,Sun
0037ML0000990110101274Q01_DRCL.jpg,15,train,0037ML0000990110101274Q01_DRCL,True,data/msl/extracted/msl-labeled-data-set-v2.1/images/0037ML0000990110101274Q01_DRCL.jpg,0037ML0000990110101274Q01_DRCL,37,mastcam_left,Sun
0802MH0004390020300368I01_DRCL.jpg,4,train,0802MH0004390020300368I01_DRCL,True,data/msl/extracted/msl-labeled-data-set-v2.1/images/0802MH0004390020300368I01_DRCL.jpg,0802MH0004390020300368I01_DRCL,802,mahli,Close-up rock
0042ML0001810030101409Q01_DRCL.jpg,15,train,0042ML0001810030101409Q01_DRCL,True,data/msl/extracted/msl-labeled-data-set-v2.1/images/0042ML0001810030101409Q01_DRCL.jpg,0042ML0001810030101409Q01_DRCL,42,mastcam_left,Sun
0813MH0004480040301120I01_DRCL.jpg,6,train,0813MH0004480040301120I01_DRCL,True,data/msl/extracted/msl-labeled-data-set-v2.1/images/0813MH0004480040301120I01_DRCL.jpg,0813MH0004480040301120I01_DRCL,813,mahli,DRT spot
0042ML0001810030101526Q01_DRCL.jpg,15,train,0042ML0001810030101526Q01_DRCL,True,data/msl/extracted/msl-labeled-data-set-v2.1/images/0042ML0001810030101526Q01_DRCL.jpg,0042ML0001810030101526Q01_DRCL,42,mastcam_left,Sun
0840MH0001970000301932I01_DRCL.jpg,2,train,0840MH0001970000301932I01_DRCL,True,data/msl/extracted/msl-labeled-data-set-v2.1/images/0840MH0001970000301932I01_DRCL.jpg,0840MH0001970000301932I01_DRCL,840,mahli,Artifact
0802MH0003830020300436I01_DRCL.jpg,4,train,0802MH0003830020300436I01_DRCL,True,data/msl/extracted/msl-labeled-data-set-v2.1/images/0802MH0003830020300436I01_DRCL.jpg,0802MH0003830020300436I01_DRCL,802,mahli,Close-up rock
0042ML0001830110101890Q01_DRCL.jpg,15,train,0042ML0001830110101890Q01_DRCL,True,data/msl/extracted/msl-labeled-data-set-v2.1/images/0042ML0001830110101890Q01_DRCL.jpg,0042ML0001830110101890Q01_DRCL,42,mastcam_left,Sun
0042ML0001810030101452Q01_DRCL.jpg,15,train,0042ML0001810030101452Q01_DRCL,True,data/msl/extracted/msl-labeled-data-set-v2.1/images/0042ML0001810030101452Q01_DRCL.jpg,0042ML0001810030101452Q01_DRCL,42,mastcam_left,Sun
0042ML0001830110101894Q01_DRCL.jpg,15,train,0042ML0001830110101894Q01_DRCL,True,data/msl/extracted/msl-labeled-data-set-v2.1/images/0042ML0001830110101894Q01_DRCL.jpg,0042ML0001830110101894Q01_DRCL,42,mastcam_left,Sun
0037ML0000990110100990Q01_DRCL.jpg,15,train,0037ML0000990110100990Q01_DRCL,True,data/msl/extracted/msl-labeled-data-set-v2.1/images/0037ML0000990110100990Q01_DRCL.jpg,0037ML0000990110100990Q01_DRCL,37,mastcam_left,Sun
0696MH0003060000204073I01_DRCL.jpg,2,train,0696MH0003060000204073I01_DRCL,True,data/msl/extracted/msl-labeled-data-set-v2.1/images/0696MH0003060000204073I01_DRCL.jpg,0696MH0003060000204073I01_DRCL,696,mahli,Artifact
0313MR0012861360300138E01_DRCL.jpg,3,train,0313MR0012861360300138E01_DRCL,True,data/msl/extracted/msl-labeled-data-set-v2.1/images/0313MR0012861360300138E01_DRCL.jpg,0313MR0012861360300138E01_DRCL,313,mastcam_right,Nearby surface
0584MH0003620020202190I01_DRCL.jpg,4,train,0584MH0003620020202190I01_DRCL,True,data/msl/extracted/msl-labeled-data-set-v2.1/images/0584MH0003620020202190I01_DRCL.jpg,0584MH0003620020202190I01_DRCL,584,mahli,Close-up rock
0037ML0000990110101281Q01_DRCL.jpg,15,train,0037ML0000990110101281Q01_DRCL,True,data/msl/extracted/msl-labeled-data-set-v2.1/images/0037ML0000990110101281Q01_DRCL.jpg,0037ML0000990110101281Q01_DRCL,37,mastcam_left,Sun
0813MH0004480040301121I01_DRCL.jpg,6,train,0813MH0004480040301121I01_DRCL,True,data/msl/extracted/msl-labeled-data-set-v2.1/images/0813MH0004480040301121I01_DRCL.jpg,0813MH0004480040301121I01_DRCL,813,mahli,DRT spot
0755MH0002990020204534I01_DRCL.jpg,6,train,0755MH0002990020204534I01_DRCL,True,data/msl/extracted/msl-labeled-data-set-v2.1/images/0755MH0002990020204534I01_DRCL.jpg,0755MH0002990020204534I01_DRCL,755,mahli,DRT spot
0813MH0004480040301122I01_DRCL.jpg,6,train,0813MH0004480040301122I01_DRCL,True,data/msl/extracted/msl-labeled-data-set-v2.1/images/0813MH0004480040301122I01_DRCL.jpg,0813MH0004480040301122I01_DRCL,813,mahli,DRT spot
0615ML0025960010301812E01_DRCL.jpg,1,train,0615ML0025960010301812E01_DRCL,True,data/msl/extracted/msl-labeled-data-set-v2.1/images/0615ML0025960010301812E01_DRCL.jpg,0615ML0025960010301812E01_DRCL,615,mastcam_left,Other rover part
0127MR0007870010200796E01_DRCL.jpg,3,train,0127MR0007870010200796E01_DRCL,True,data/msl/extracted/msl-labeled-data-set-v2.1/images/0127MR0007870010200796E01_DRCL.jpg,0127MR0007870010200796E01_DRCL,127,mastcam_right,Nearby surface
0044MH0000070040100099E01_DRCL.jpg,1,train,0044MH0000070040100099E01_DRCL,True,data/msl/extracted/msl-labeled-data-set-v2.1/images/0044MH0000070040100099E01_DRCL.jpg,0044MH0000070040100099E01_DRCL,44,mahli,Other rover part
0463MH0002620000200208E01_DRCL.jpg,16,train,0463MH0002620000200208E01_DRCL,True,data/msl/extracted/msl-labeled-data-set-v2.1/images/0463MH0002620000200208E01_DRCL.jpg,0463MH0002620000200208E01_DRCL,463,mahli,Wheel
0346ML0014040020108265D01_DRCL.jpg,13,train,0346ML0014040020108265D01_DRCL,True,data/msl/extracted/msl-labeled-data-set-v2.1/images/0346ML0014040020108265D01_DRCL.jpg,0346ML0014040020108265D01_DRCL,346,mastcam_left,Mastcam cal target
0194MR0010230260202755E01_DRCL.jpg,7,train,0194MR0010230260202755E01_DRCL,True,data/msl/extracted/msl-labeled-data-set-v2.1/images/0194MR0010230260202755E01_DRCL.jpg,0194MR0010230260202755E01_DRCL,194,mastcam_right,Distant landscape
0061ML0003150000102379M00_DRCL.jpg,1,train,0061ML0003150000102379M00_DRCL,True,data/msl/extracted/msl-labeled-data-set-v2.1/images/0061ML0003150000102379M00_DRCL.jpg,0061ML0003150000102379M00_DRCL,61,mastcam_left,Other rover part
0543ML0021450010203963I01_DRCL.jpg,2,train,0543ML0021450010203963I01_DRCL,True,data/msl/extracted/msl-labeled-data-set-v2.1/images/0543ML0021450010203963I01_DRCL.jpg,0543ML0021450010203963I01_DRCL,543,mastcam_left,Artifact
0124ML0007740000103913E01_DRCL.jpg,3,train,0124ML0007740000103913E01_DRCL,True,data/msl/extracted/msl-labeled-data-set-v2.1/images/0124ML0007740000103913E01_DRCL.jpg,0124ML0007740000103913E01_DRCL,124,mastcam_left,Nearby surface
0726MR0031030000402916E01_DRCL.jpg,1,train,0726MR0031030000402916E01_DRCL,True,data/msl/extracted/msl-labeled-data-set-v2.1/images/0726MR0031030000402916E01_DRCL.jpg,0726MR0031030000402916E01_DRCL,726,mastcam_right,Other rover part
0158MH0001780010101642E01_DRCL.jpg,4,train,0158MH0001780010101642E01_DRCL,True,data/msl/extracted/msl-labeled-data-set-v2.1/images/0158MH0001780010101642E01_DRCL.jpg,0158MH0001780010101642E01_DRCL,158,mahli,Close-up rock
0672ML0028600020303674E01_DRCL.jpg,0,train,0672ML0028600020303674E01_DRCL,True,data/msl/extracted/msl-labeled-data-set-v2.1/images/0672ML0028600020303674E01_DRCL.jpg,0672ML0028600020303674E01_DRCL,672,mastcam_left,Arm cover
0566ML0022920030204717E01_DRCL.jpg,16,train,0566ML0022920030204717E01_DRCL,True,data/msl/extracted/msl-labeled-data-set-v2.1/images/0566ML0022920030204717E01_DRCL.jpg,0566ML0022920030204717E01_DRCL,566,mastcam_left,Wheel
0881MH0004210020302434I01_DRCL.jpg,8,train,0881MH0004210020302434I01_DRCL,True,data/msl/extracted/msl-labeled-data-set-v2.1/images/0881MH0004210020302434I01_DRCL.jpg,0881MH0004210020302434I01_DRCL,881,mahli,Drill hole
0654ML0027700040303113I01_DRCL.jpg,16,train,0654ML0027700040303113I01_DRCL,True,data/msl/extracted/msl-labeled-data-set-v2.1/images/0654ML0027700040303113I01_DRCL.jpg,0654ML0027700040303113I01_DRCL,654,mastcam_left,Wheel
0725ML0030960060305013D01_DRCL.jpg,1,train,0725ML0030960060305013D01_DRCL,True,data/msl/extracted/msl-labeled-data-set-v2.1/images/0725ML0030960060305013D01_DRCL.jpg,0725ML0030960060305013D01_DRCL,725,mastcam_left,Other rover part
0051MR0004540000102954E01_DRCL.jpg,1,train,0051MR0004540000102954E01_DRCL,True,data/msl/extracted/msl-labeled-data-set-v2.1/images/0051MR0004540000102954E01_DRCL.jpg,0051MR0004540000102954E01_DRCL,51,mastcam_right,Other rover part
0084MH0000710000100890E01_DRCL.jpg,1,train,0084MH0000710000100890E01_DRCL,True,data/msl/extracted/msl-labeled-data-set-v2.1/images/0084MH0000710000100890E01_DRCL.jpg,0084MH0000710000100890E01_DRCL,84,mahli,Other rover part
0549ML0022150010204119E01_DRCL.jpg,17,train,0549ML0022150010204119E01_DRCL,True,data/msl/extracted/msl-labeled-data-set-v2.1/images/0549ML0022150010204119E01_DRCL.jpg,0549ML0022150010204119E01_DRCL,549,mastcam_left,Wheel joint
0513ML0020160010202884E01_DRCL.jpg,17,train,0513ML0020160010202884E01_DRCL,True,data/msl/extracted/msl-labeled-data-set-v2.1/images/0513ML0020160010202884E01_DRCL.jpg,0513ML0020160010202884E01_DRCL,513,mastcam_left,Wheel joint
0486MR0019030000302952C00_DRCL.jpg,1,train,0486MR0019030000302952C00_DRCL,True,data/msl/extracted/msl-labeled-data-set-v2.1/images/0486MR0019030000302952C00_DRCL.jpg,0486MR0019030000302952C00_DRCL,486,mastcam_right,Other rover part
0506ML0019870000202720E01_DRCL.jpg,17,train,0506ML0019870000202720E01_DRCL,True,data/msl/extracted/msl-labeled-data-set-v2.1/images/0506ML0019870000202720E01_DRCL.jpg,0506ML0019870000202720E01_DRCL,506,mastcam_left,Wheel joint
0086MR0003760010104158I01_DRCL.jpg,13,train,0086MR0003760010104158I01_DRCL,True,data/msl/extracted/msl-labeled-data-set-v2.1/images/0086MR0003760010104158I01_DRCL.jpg,0086MR0003760010104158I01_DRCL,86,mastcam_right,Mastcam cal target
0602ML0025400000301288E01_DRCL.jpg,3,train,0602ML0025400000301288E01_DRCL,True,data/msl/extracted/msl-labeled-data-set-v2.1/images/0602ML0025400000301288E01_DRCL.jpg,0602ML0025400000301288E01_DRCL,602,mastcam_left,Nearby surface
0304MH0002970020103887I01_DRCL.jpg,4,train,0304MH0002970020103887I01_DRCL,True,data/msl/extracted/msl-labeled-data-set-v2.1/images/0304MH0002970020103887I01_DRCL.jpg,0304MH0002970020103887I01_DRCL,304,mahli,Close-up rock
0946MH0004870030303725C00_DRCL.jpg,4,train,0946MH0004870030303725C00_DRCL,True,data/msl/extracted/msl-labeled-data-set-v2.1/images/0946MH0004870030303725C00_DRCL.jpg,0946MH0004870030303725C00_DRCL,946,mahli,Close-up rock
0060ML0002750050102328D01_DRCL.jpg,3,train,0060ML0002750050102328D01_DRCL,True,data/msl/extracted/msl-labeled-data-set-v2.1/images/0060ML0002750050102328D01_DRCL.jpg,0060ML0002750050102328D01_DRCL,60,mastcam_left,Nearby surface
0078ML0005840020102777I01_DRCL.jpg,2,train,0078ML0005840020102777I01_DRCL,True,data/msl/extracted/msl-labeled-data-set-v2.1/images/0078ML0005840020102777I01_DRCL.jpg,0078ML0005840020102777I01_DRCL,78,mastcam_left,Artifact
0867MH0004210020302164I01_DRCL.jpg,8,train,0867MH0004210020302164I01_DRCL,True,data/msl/extracted/msl-labeled-data-set-v2.1/images/0867MH0004210020302164I01_DRCL.jpg,0867MH0004210020302164I01_DRCL,867,mahli,Drill hole
0840ML0036870000401377E01_DRCL.jpg,17,train,0840ML0036870000401377E01_DRCL,True,data/msl/extracted/msl-labeled-data-set-v2.1/images/0840ML0036870000401377E01_DRCL.jpg,0840ML0036870000401377E01_DRCL,840,mastcam_left,Wheel joint
0369MR0015020000301690L01_DRCL.jpg,15,train,0369MR0015020000301690L01_DRCL,True,data/msl/extracted/msl-labeled-data-set-v2.1/images/0369MR0015020000301690L01_DRCL.jpg,0369MR0015020000301690L01_DRCL,369,mastcam_right,Sun
0828MH0004520020301654C00_DRCL.jpg,11,train,0828MH0004520020301654C00_DRCL,True,data/msl/extracted/msl-labeled-data-set-v2.1/images/0828MH0004520020301654C00_DRCL.jpg,0828MH0004520020301654C00_DRCL,828,mahli,Layers
0828MH0004520020301715C00_DRCL.jpg,11,train,0828MH0004520020301715C00_DRCL,True,data/msl/extracted/msl-labeled-data-set-v2.1/images/0828MH0004520020301715C00_DRCL.jpg,0828MH0004520020301715C00_DRCL,828,mahli,Layers
0743ML0031860020205650E01_DRCL.jpg,16,train,0743ML0031860020205650E01_DRCL,True,data/msl/extracted/msl-labeled-data-set-v2.1/images/0743ML0031860020205650E01_DRCL.jpg,0743ML0031860020205650E01_DRCL,743,mastcam_left,Wheel
0173MR0008970000201801E01_DRCL.jpg,1,train,0173MR0008970000201801E01_DRCL,True,data/msl/extracted/msl-labeled-data-set-v2.1/images/0173MR0008970000201801E01_DRCL.jpg,0173MR0008970000201801E01_DRCL,173,mastcam_right,Other rover part
0511ML0020080030202841E01_DRCL.jpg,16,train,0511ML0020080030202841E01_DRCL,True,data/msl/extracted/msl-labeled-data-set-v2.1/images/0511ML0020080030202841E01_DRCL.jpg,0511ML0020080030202841E01_DRCL,511,mastcam_left,Wheel
0508ML0019980030202753E01_DRCL.jpg,16,train,0508ML0019980030202753E01_DRCL,True,data/msl/extracted/msl-labeled-data-set-v2.1/images/0508ML0019980030202753E01_DRCL.jpg,0508ML0019980030202753E01_DRCL,508,mastcam_left,Wheel
0270MH0002530050102772E01_DRCL.jpg,8,train,0270MH0002530050102772E01_DRCL,True,data/msl/extracted/msl-labeled-data-set-v2.1/images/0270MH0002530050102772E01_DRCL.jpg,0270MH0002530050102772E01_DRCL,270,mahli,Drill hole
0766ML0032950040400119C00_DRCL.jpg,14,train,0766ML0032950040400119C00_DRCL,True,data/msl/extracted/msl-labeled-data-set-v2.1/images/0766ML0032950040400119C00_DRCL.jpg,0766ML0032950040400119C00_DRCL,766,mastcam_left,Sand
0529ML0020950010203270E01_DRCL.jpg,17,train,0529ML0020950010203270E01_DRCL,True,data/msl/extracted/msl-labeled-data-set-v2.1/images/0529ML0020950010203270E01_DRCL.jpg,0529ML0020950010203270E01_DRCL,529,mastcam_left,Wheel joint
0581MR0024290020400259I01_DRCL.jpg,2,train,0581MR0024290020400259I01_DRCL,True,data/msl/extracted/msl-labeled-data-set-v2.1/images/0581MR0024290020400259I01_DRCL.jpg,0581MR0024290020400259I01_DRCL,581,mastcam_right,Artifact
0889MH0001520020302707I01_DRCL.jpg,12,train,0889MH0001520020302707I01_DRCL,True,data/msl/extracted/msl-labeled-data-set-v2.1/images/0889MH0001520020302707I01_DRCL.jpg,0889MH0001520020302707I01_DRCL,889,mahli,Light-toned veins
0882MH0003970010302481C00_DRCL.jpg,8,train,0882MH0003970010302481C00_DRCL,True,data/msl/extracted/msl-labeled-data-set-v2.1/images/0882MH0003970010302481C00_DRCL.jpg,0882MH0003970010302481C00_DRCL,882,mahli,Drill hole
0179MH0002160010102508C00_DRCL.jpg,1,train,0179MH0002160010102508C00_DRCL,True,data/msl/extracted/msl-labeled-data-set-v2.1/images/0179MH0002160010102508C00_DRCL.jpg,0179MH0002160010102508C00_DRCL,179,mahli,Other rover part
0093ML0005490000102916E01_DRCL.jpg,1,train,0093ML0005490000102916E01_DRCL,True,data/msl/extracted/msl-labeled-data-set-v2.1/images/0093ML0005490000102916E01_DRCL.jpg,0093ML0005490000102916E01_DRCL,93,mastcam_left,Other rover part
0803MH0002620000300477E01_DRCL.jpg,16,train,0803MH0002620000300477E01_DRCL,True,data/msl/extracted/msl-labeled-data-set-v2.1/images/0803MH0002620000300477E01_DRCL.jpg,0803MH0002620000300477E01_DRCL,803,mahli,Wheel
0619MR0026020570401450E01_DRCL.jpg,10,train,0619MR0026020570401450E01_DRCL,True,data/msl/extracted/msl-labeled-data-set-v2.1/images/0619MR0026020570401450E01_DRCL.jpg,0619MR0026020570401450E01_DRCL,619,mastcam_right,Float
0172ML0009240940104973E01_DRCL.jpg,1,train,0172ML0009240940104973E01_DRCL,True,data/msl/extracted/msl-labeled-data-set-v2.1/images/0172ML0009240940104973E01_DRCL.jpg,0172ML0009240940104973E01_DRCL,172,mastcam_left,Other rover part
0714ML0030380000304776D01_DRCL.jpg,13,train,0714ML0030380000304776D01_DRCL,True,data/msl/extracted/msl-labeled-data-set-v2.1/images/0714ML0030380000304776D01_DRCL.jpg,0714ML0030380000304776D01_DRCL,714,mastcam_left,Mastcam cal target
0838MR0036830020500779D01_DRCL.jpg,1,train,0838MR0036830020500779D01_DRCL,True,data/msl/extracted/msl-labeled-data-set-v2.1/images/0838MR0036830020500779D01_DRCL.jpg,0838MR0036830020500779D01_DRCL,838,mastcam_right,Other rover part
0229MR0009750000202916C00_DRCL.jpg,1,train,0229MR0009750000202916C00_DRCL,True,data/msl/extracted/msl-labeled-data-set-v2.1/images/0229MR0009750000202916C00_DRCL.jpg,0229MR0009750000202916C00_DRCL,229,mastcam_right,Other rover part
0781ML0033390000400332E01_DRCL.jpg,1,train,0781ML0033390000400332E01_DRCL,True,data/msl/extracted/msl-labeled-data-set-v2.1/images/0781ML0033390000400332E01_DRCL.jpg,0781ML0033390000400332E01_DRCL,781,mastcam_left,Other rover part
0546MH0002630000201514E01_DRCL.jpg,16,train,0546MH0002630000201514E01_DRCL,True,data/msl/extracted/msl-labeled-data-set-v2.1/images/0546MH0002630000201514E01_DRCL.jpg,0546MH0002630000201514E01_DRCL,546,mahli,Wheel
0093MH0001300000101080E01_DRCL.jpg,1,train,0093MH0001300000101080E01_DRCL,True,data/msl/extracted/msl-labeled-data-set-v2.1/images/0093MH0001300000101080E01_DRCL.jpg,0093MH0001300000101080E01_DRCL,93,mahli,Other rover part
0042MR0001830110101498Q01_DRCL.jpg,2,train,0042MR0001830110101498Q01_DRCL,True,data/msl/extracted/msl-labeled-data-set-v2.1/images/0042MR0001830110101498Q01_DRCL.jpg,0042MR0001830110101498Q01_DRCL,42,mastcam_right,Artifact
0070MR0004500000103479E01_DRCL.jpg,1,train,0070MR0004500000103479E01_DRCL,True,data/msl/extracted/msl-labeled-data-set-v2.1/images/0070MR0004500000103479E01_DRCL.jpg,0070MR0004500000103479E01_DRCL,70,mastcam_right,Other rover part
0781MR0034110020404112E01_DRCL.jpg,3,train,0781MR0034110020404112E01_DRCL,True,data/msl/extracted/msl-labeled-data-set-v2.1/images/0781MR0034110020404112E01_DRCL.jpg,0781MR0034110020404112E01_DRCL,781,mastcam_right,Nearby surface
0636ML0027050020302698E01_DRCL.jpg,16,train,0636ML0027050020302698E01_DRCL,True,data/msl/extracted/msl-labeled-data-set-v2.1/images/0636ML0027050020302698E01_DRCL.jpg,0636ML0027050020302698E01_DRCL,636,mastcam_left,Wheel
0578MR0023790000204164E01_DRCL.jpg,1,train,0578MR0023790000204164E01_DRCL,True,data/msl/extracted/msl-labeled-data-set-v2.1/images/0578MR0023790000204164E01_DRCL.jpg,0578MR0023790000204164E01_DRCL,578,mastcam_right,Other rover part
0587MH0002590000203005E01_DRCL.jpg,16,train,0587MH0002590000203005E01_DRCL,True,data/msl/extracted/msl-labeled-data-set-v2.1/images/0587MH0002590000203005E01_DRCL.jpg,0587MH0002590000203005E01_DRCL,587,mahli,Wheel
0733MR0031440070403044E01_DRCL.jpg,3,train,0733MR0031440070403044E01_DRCL,True,data/msl/extracted/msl-labeled-data-set-v2.1/images/0733MR0031440070403044E01_DRCL.jpg,0733MR0031440070403044E01_DRCL,733,mastcam_right,Nearby surface
0908MH0004000090302915C00_DRCL.jpg,8,train,0908MH0004000090302915C00_DRCL,True,data/msl/extracted/msl-labeled-data-set-v2.1/images/0908MH0004000090302915C00_DRCL.jpg,0908MH0004000090302915C00_DRCL,908,mahli,Drill hole
0942MH0004860030303597C00_DRCL.jpg,4,train,0942MH0004860030303597C00_DRCL,True,data/msl/extracted/msl-labeled-data-set-v2.1/images/0942MH0004860030303597C00_DRCL.jpg,0942MH0004860030303597C00_DRCL,942,mahli,Close-up rock
0269MR0011790080203202I01_DRCL.jpg,2,train,0269MR0011790080203202I01_DRCL,True,data/msl/extracted/msl-labeled-data-set-v2.1/images/0269MR0011790080203202I01_DRCL.jpg,0269MR0011790080203202I01_DRCL,269,mastcam_right,Artifact
0883MH0004320020302604C00_DRCL.jpg,8,train,0883MH0004320020302604C00_DRCL,True,data/msl/extracted/msl-labeled-data-set-v2.1/images/0883MH0004320020302604C00_DRCL.jpg,0883MH0004320020302604C00_DRCL,883,mahli,Drill hole
0065MR0003430010103259E01_DRCL.jpg,1,train,0065MR0003430010103259E01_DRCL,True,data/msl/extracted/msl-labeled-data-set-v2.1/images/0065MR0003430010103259E01_DRCL.jpg,0065MR0003430010103259E01_DRCL,65,mastcam_right,Other rover part
0609MR0025690190401036E01_DRCL.jpg,3,train,0609MR0025690190401036E01_DRCL,True,data/msl/extracted/msl-labeled-data-set-v2.1/images/0609MR0025690190401036E01_DRCL.jpg,0609MR0025690190401036E01_DRCL,609,mastcam_right,Nearby surface
0098MH0001380000101145I01_DRCL.jpg,1,train,0098MH0001380000101145I01_DRCL,True,data/msl/extracted/msl-labeled-data-set-v2.1/images/0098MH0001380000101145I01_DRCL.jpg,0098MH0001380000101145I01_DRCL,98,mahli,Other rover part
0946MR0041580030502009I01_DRCL.jpg,2,train,0946MR0041580030502009I01_DRCL,True,data/msl/extracted/msl-labeled-data-set-v2.1/images/0946MR0041580030502009I01_DRCL.jpg,0946MR0041580030502009I01_DRCL,946,mastcam_right,Artifact
0032ML0000850000100872E01_DRCL.jpg,1,train,0032ML0000850000100872E01_DRCL,True,data/msl/extracted/msl-labeled-data-set-v2.1/images/0032ML0000850000100872E01_DRCL.jpg,0032ML0000850000100872E01_DRCL,32,mastcam_left,Other rover part
0513ML0020140040202875E01_DRCL.jpg,16,train,0513ML0020140040202875E01_DRCL,True,data/msl/extracted/msl-labeled-data-set-v2.1/images/0513ML0020140040202875E01_DRCL.jpg,0513ML0020140040202875E01_DRCL,513,mastcam_left,Wheel
0640MH0002640000203789E01_DRCL.jpg,16,train,0640MH0002640000203789E01_DRCL,True,data/msl/extracted/msl-labeled-data-set-v2.1/images/0640MH0002640000203789E01_DRCL.jpg,0640MH0002640000203789E01_DRCL,640,mahli,Wheel
0537MH0002600000201383E01_DRCL.jpg,16,train,0537MH0002600000201383E01_DRCL,True,data/msl/extracted/msl-labeled-data-set-v2.1/images/0537MH0002600000201383E01_DRCL.jpg,0537MH0002600000201383E01_DRCL,537,mahli,Wheel
0843MR0037520390500951C00_DRCL.jpg,11,train,0843MR0037520390500951C00_DRCL,True,data/msl/extracted/msl-labeled-data-set-v2.1/images/0843MR0037520390500951C00_DRCL.jpg,0843MR0037520390500951C00_DRCL,843,mastcam_right,Layers
0305MR0012620020203865E01_DRCL.jpg,3,train,0305MR0012620020203865E01_DRCL,True,data/msl/extracted/msl-labeled-data-set-v2.1/images/0305MR0012620020203865E01_DRCL.jpg,0305MR0012620020203865E01_DRCL,305,mastcam_right,Nearby surface
0065ML0003370000102427E01_DRCL.jpg,1,train,0065ML0003370000102427E01_DRCL,True,data/msl/extracted/msl-labeled-data-set-v2.1/images/0065ML0003370000102427E01_DRCL.jpg,0065ML0003370000102427E01_DRCL,65,mastcam_left,Other rover part
0808MH0000950000300742I01_DRCL.jpg,1,train,0808MH0000950000300742I01_DRCL,True,data/msl/extracted/msl-labeled-data-set-v2.1/images/0808MH0000950000300742I01_DRCL.jpg,0808MH0000950000300742I01_DRCL,808,mahli,Other rover part
0282MH0002360060103181C00_DRCL.jpg,1,train,0282MH0002360060103181C00_DRCL,True,data/msl/extracted/msl-labeled-data-set-v2.1/images/0282MH0002360060103181C00_DRCL.jpg,0282MH0002360060103181C00_DRCL,282,mahli,Other rover part
0704MH0002990020204134I01_DRCL.jpg,3,train,0704MH0002990020204134I01_DRCL,True,data/msl/extracted/msl-labeled-data-set-v2.1/images/0704MH0002990020204134I01_DRCL.jpg,0704MH0002990020204134I01_DRCL,704,mahli,Nearby surface
0926MR0040720020501731E01_DRCL.jpg,12,train,0926MR0040720020501731E01_DRCL,True,data/msl/extracted/msl-labeled-data-set-v2.1/images/0926MR0040720020501731E01_DRCL.jpg,0926MR0040720020501731E01_DRCL,926,mastcam_right,Light-toned veins
0744ML0031980010205741E01_DRCL.jpg,17,train,0744ML0031980010205741E01_DRCL,True,data/msl/extracted/msl-labeled-data-set-v2.1/images/0744ML0031980010205741E01_DRCL.jpg,0744ML0031980010205741E01_DRCL,744,mastcam_left,Wheel joint
0610ML0025680740301650E01_DRCL.jpg,14,train,0610ML0025680740301650E01_DRCL,True,data/msl/extracted/msl-labeled-data-set-v2.1/images/0610ML0025680740301650E01_DRCL.jpg,0610ML0025680740301650E01_DRCL,610,mastcam_left,Sand
0044ML0002050040102089D01_DRCL.jpg,1,train,0044ML0002050040102089D01_DRCL,True,data/msl/extracted/msl-labeled-data-set-v2.1/images/0044ML0002050040102089D01_DRCL.jpg,0044ML0002050040102089D01_DRCL,44,mastcam_left,Other rover part
0880MH0004640030302369C00_DRCL.jpg,3,train,0880MH0004640030302369C00_DRCL,True,data/msl/extracted/msl-labeled-data-set-v2.1/images/0880MH0004640030302369C00_DRCL.jpg,0880MH0004640030302369C00_DRCL,880,mahli,Nearby surface
0617ML0026001220301962E01_DRCL.jpg,10,train,0617ML0026001220301962E01_DRCL,True,data/msl/extracted/msl-labeled-data-set-v2.1/images/0617ML0026001220301962E01_DRCL.jpg,0617ML0026001220301962E01_DRCL,617,mastcam_left,Float
0741ML0031820950205621E01_DRCL.jpg,11,train,0741ML0031820950205621E01_DRCL,True,data/msl/extracted/msl-labeled-data-set-v2.1/images/0741ML0031820950205621E01_DRCL.jpg,0741ML0031820950205621E01_DRCL,741,mastcam_left,Layers
0937MH0004840050303488C00_DRCL.jpg,3,train,0937MH0004840050303488C00_DRCL,True,data/msl/extracted/msl-labeled-data-set-v2.1/images/0937MH0004840050303488C00_DRCL.jpg,0937MH0004840050303488C00_DRCL,937,mahli,Nearby surface
0735MR0031500410403116E01_DRCL.jpg,3,train,0735MR0031500410403116E01_DRCL,True,data/msl/extracted/msl-labeled-data-set-v2.1/images/0735MR0031500410403116E01_DRCL.jpg,0735MR0031500410403116E01_DRCL,735,mastcam_right,Nearby surface
0631MR0026080700401700E01_DRCL.jpg,3,train,0631MR0026080700401700E01_DRCL,True,data/msl/extracted/msl-labeled-data-set-v2.1/images/0631MR0026080700401700E01_DRCL.jpg,0631MR0026080700401700E01_DRCL,631,mastcam_right,Nearby surface
0667ML0028430010303626E01_DRCL.jpg,17,train,0667ML0028430010303626E01_DRCL,True,data/msl/extracted/msl-labeled-data-set-v2.1/images/0667ML0028430010303626E01_DRCL.jpg,0667ML0028430010303626E01_DRCL,667,mastcam_left,Wheel joint
0314ML0012871050107098E01_DRCL.jpg,3,train,0314ML0012871050107098E01_DRCL,True,data/msl/extracted/msl-labeled-data-set-v2.1/images/0314ML0012871050107098E01_DRCL.jpg,0314ML0012871050107098E01_DRCL,314,mastcam_left,Nearby surface
0758MR0032650000403798E01_DRCL.jpg,5,train,0758MR0032650000403798E01_DRCL,True,data/msl/extracted/msl-labeled-data-set-v2.1/images/0758MR0032650000403798E01_DRCL.jpg,0758MR0032650000403798E01_DRCL,758,mastcam_right,DRT
0860MH0001660010302001C00_DRCL.jpg,11,train,0860MH0001660010302001C00_DRCL,True,data/msl/extracted/msl-labeled-data-set-v2.1/images/0860MH0001660010302001C00_DRCL.jpg,0860MH0001660010302001C00_DRCL,860,mahli,Layers
0713ML0030330040304746E01_DRCL.jpg,17,train,0713ML0030330040304746E01_DRCL,True,data/msl/extracted/msl-labeled-data-set-v2.1/images/0713ML0030330040304746E01_DRCL.jpg,0713ML0030330040304746E01_DRCL,713,mastcam_left,Wheel joint
0284ML0009600030106289E01_DRCL.jpg,1,train,0284ML0009600030106289E01_DRCL,True,data/msl/extracted/msl-labeled-data-set-v2.1/images/0284ML0009600030106289E01_DRCL.jpg,0284ML0009600030106289E01_DRCL,284,mastcam_left,Other rover part
0587MR0024480020400369C00_DRCL.jpg,3,train,0587MR0024480020400369C00_DRCL,True,data/msl/extracted/msl-labeled-data-set-v2.1/images/0587MR0024480020400369C00_DRCL.jpg,0587MR0024480020400369C00_DRCL,587,mastcam_right,Nearby surface
0192ML0010170970105778E01_DRCL.jpg,17,train,0192ML0010170970105778E01_DRCL,True,data/msl/extracted/msl-labeled-data-set-v2.1/images/0192ML0010170970105778E01_DRCL.jpg,0192ML0010170970105778E01_DRCL,192,mastcam_left,Wheel joint
0087ML0006090030102863I01_DRCL.jpg,2,train,0087ML0006090030102863I01_DRCL,True,data/msl/extracted/msl-labeled-data-set-v2.1/images/0087ML0006090030102863I01_DRCL.jpg,0087ML0006090030102863I01_DRCL,87,mastcam_left,Artifact
0744ML0031940330205717E01_DRCL.jpg,11,train,0744ML0031940330205717E01_DRCL,True,data/msl/extracted/msl-labeled-data-set-v2.1/images/0744ML0031940330205717E01_DRCL.jpg,0744ML0031940330205717E01_DRCL,744,mastcam_left,Layers
0069MH0000820020100761I01_DRCL.jpg,2,train,0069MH0000820020100761I01_DRCL,True,data/msl/extracted/msl-labeled-data-set-v2.1/images/0069MH0000820020100761I01_DRCL.jpg,0069MH0000820020100761I01_DRCL,69,mahli,Artifact
0313ML0012860680106876E01_DRCL.jpg,3,train,0313ML0012860680106876E01_DRCL,True,data/msl/extracted/msl-labeled-data-set-v2.1/images/0313ML0012860680106876E01_DRCL.jpg,0313ML0012860680106876E01_DRCL,313,mastcam_left,Nearby surface
0929ML0040870150402850E01_DRCL.jpg,3,train,0929ML0040870150402850E01_DRCL,True,data/msl/extracted/msl-labeled-data-set-v2.1/images/0929ML0040870150402850E01_DRCL.jpg,0929ML0040870150402850E01_DRCL,929,mastcam_left,Nearby surface
0292MH0002810060103625C00_DRCL.jpg,8,train,0292MH0002810060103625C00_DRCL,True,data/msl/extracted/msl-labeled-data-set-v2.1/images/0292MH0002810060103625C00_DRCL.jpg,0292MH0002810060103625C00_DRCL,292,mahli,Drill hole
0618MR0026010920401361E01_DRCL.jpg,3,train,0618MR0026010920401361E01_DRCL,True,data/msl/extracted/msl-labeled-data-set-v2.1/images/0618MR0026010920401361E01_DRCL.jpg,0618MR0026010920401361E01_DRCL,618,mastcam_right,Nearby surface
0946MH0004870060303845I01_DRCL.jpg,4,train,0946MH0004870060303845I01_DRCL,True,data/msl/extracted/msl-labeled-data-set-v2.1/images/0946MH0004870060303845I01_DRCL.jpg,0946MH0004870060303845I01_DRCL,946,mahli,Close-up rock
0584MH0003620020202112I01_DRCL.jpg,4,train,0584MH0003620020202112I01_DRCL,True,data/msl/extracted/msl-labeled-data-set-v2.1/images/0584MH0003620020202112I01_DRCL.jpg,0584MH0003620020202112I01_DRCL,584,mahli,Close-up rock
0744ML0031990000205745E01_DRCL.jpg,17,train,0744ML0031990000205745E01_DRCL,True,data/msl/extracted/msl-labeled-data-set-v2.1/images/0744ML0031990000205745E01_DRCL.jpg,0744ML0031990000205745E01_DRCL,744,mastcam_left,Wheel joint
0882MH0004000040302502I01_DRCL.jpg,8,train,0882MH0004000040302502I01_DRCL,True,data/msl/extracted/msl-labeled-data-set-v2.1/images/0882MH0004000040302502I01_DRCL.jpg,0882MH0004000040302502I01_DRCL,882,mahli,Drill hole
0815MH0002970020301377I01_DRCL.jpg,4,train,0815MH0002970020301377I01_DRCL,True,data/msl/extracted/msl-labeled-data-set-v2.1/images/0815MH0002970020301377I01_DRCL.jpg,0815MH0002970020301377I01_DRCL,815,mahli,Close-up rock
0843ML0037520060401506C00_DRCL.jpg,10,train,0843ML0037520060401506C00_DRCL,True,data/msl/extracted/msl-labeled-data-set-v2.1/images/0843ML0037520060401506C00_DRCL.jpg,0843ML0037520060401506C00_DRCL,843,mastcam_left,Float
0530ML0021050310203350E01_DRCL.jpg,7,train,0530ML0021050310203350E01_DRCL,True,data/msl/extracted/msl-labeled-data-set-v2.1/images/0530ML0021050310203350E01_DRCL.jpg,0530ML0021050310203350E01_DRCL,530,mastcam_left,Distant landscape
0084MH0000710000100914E01_DRCL.jpg,17,train,0084MH0000710000100914E01_DRCL,True,data/msl/extracted/msl-labeled-data-set-v2.1/images/0084MH0000710000100914E01_DRCL.jpg,0084MH0000710000100914E01_DRCL,84,mahli,Wheel joint
0746MR0032080220403436E01_DRCL.jpg,3,train,0746MR0032080220403436E01_DRCL,True,data/msl/extracted/msl-labeled-data-set-v2.1/images/0746MR0032080220403436E01_DRCL.jpg,0746MR0032080220403436E01_DRCL,746,mastcam_right,Nearby surface
0184ML0009250970105397E01_DRCL.jpg,3,train,0184ML0009250970105397E01_DRCL,True,data/msl/extracted/msl-labeled-data-set-v2.1/images/0184ML0009250970105397E01_DRCL.jpg,0184ML0009250970105397E01_DRCL,184,mastcam_left,Nearby surface
0074MR0005100000103688E01_DRCL.jpg,1,train,0074MR0005100000103688E01_DRCL,True,data/msl/extracted/msl-labeled-data-set-v2.1/images/0074MR0005100000103688E01_DRCL.jpg,0074MR0005100000103688E01_DRCL,74,mastcam_right,Other rover part
0304MH0002970010103851C00_DRCL.jpg,4,train,0304MH0002970010103851C00_DRCL,True,data/msl/extracted/msl-labeled-data-set-v2.1/images/0304MH0002970010103851C00_DRCL.jpg,0304MH0002970010103851C00_DRCL,304,mahli,Close-up rock
0819MR0036050030500508C00_DRCL.jpg,3,train,0819MR0036050030500508C00_DRCL,True,data/msl/extracted/msl-labeled-data-set-v2.1/images/0819MR0036050030500508C00_DRCL.jpg,0819MR0036050030500508C00_DRCL,819,mastcam_right,Nearby surface
0186MR0009270370202296E01_DRCL.jpg,3,train,0186MR0009270370202296E01_DRCL,True,data/msl/extracted/msl-labeled-data-set-v2.1/images/0186MR0009270370202296E01_DRCL.jpg,0186MR0009270370202296E01_DRCL,186,mastcam_right,Nearby surface
0753MR0032370110403734E01_DRCL.jpg,3,train,0753MR0032370110403734E01_DRCL,True,data/msl/extracted/msl-labeled-data-set-v2.1/images/0753MR0032370110403734E01_DRCL.jpg,0753MR0032370110403734E01_DRCL,753,mastcam_right,Nearby surface
0528ML0020850000203203E01_DRCL.jpg,17,train,0528ML0020850000203203E01_DRCL,True,data/msl/extracted/msl-labeled-data-set-v2.1/images/0528ML0020850000203203E01_DRCL.jpg,0528ML0020850000203203E01_DRCL,528,mastcam_left,Wheel joint
0304MH0002970010103805C00_DRCL.jpg,4,train,0304MH0002970010103805C00_DRCL,True,data/msl/extracted/msl-labeled-data-set-v2.1/images/0304MH0002970010103805C00_DRCL.jpg,0304MH0002970010103805C00_DRCL,304,mahli,Close-up rock
0469ML0018670030202128E01_DRCL.jpg,3,train,0469ML0018670030202128E01_DRCL,True,data/msl/extracted/msl-labeled-data-set-v2.1/images/0469ML0018670030202128E01_DRCL.jpg,0469ML0018670030202128E01_DRCL,469,mastcam_left,Nearby surface
0173ML0009260830105100E01_DRCL.jpg,3,train,0173ML0009260830105100E01_DRCL,True,data/msl/extracted/msl-labeled-data-set-v2.1/images/0173ML0009260830105100E01_DRCL.jpg,0173ML0009260830105100E01_DRCL,173,mastcam_left,Nearby surface
0712MR0030300240402556E01_DRCL.jpg,3,train,0712MR0030300240402556E01_DRCL,True,data/msl/extracted/msl-labeled-data-set-v2.1/images/0712MR0030300240402556E01_DRCL.jpg,0712MR0030300240402556E01_DRCL,712,mastcam_right,Nearby surface
0076MR0005710070103772E01_DRCL.jpg,3,train,0076MR0005710070103772E01_DRCL,True,data/msl/extracted/msl-labeled-data-set-v2.1/images/0076MR0005710070103772E01_DRCL.jpg,0076MR0005710070103772E01_DRCL,76,mastcam_right,Nearby surface
0783ML0033840020400409E01_DRCL.jpg,9,train,0783ML0033840020400409E01_DRCL,True,data/msl/extracted/msl-labeled-data-set-v2.1/images/0783ML0033840020400409E01_DRCL.jpg,0783ML0033840020400409E01_DRCL,783,mastcam_left,Night sky
0307ML0012710030106602C00_DRCL.jpg,15,train,0307ML0012710030106602C00_DRCL,True,data/msl/extracted/msl-labeled-data-set-v2.1/images/0307ML0012710030106602C00_DRCL.jpg,0307ML0012710030106602C00_DRCL,307,mastcam_left,Sun
0121ML0007560010103836E01_DRCL.jpg,11,train,0121ML0007560010103836E01_DRCL,True,data/msl/extracted/msl-labeled-data-set-v2.1/images/0121ML0007560010103836E01_DRCL.jpg,0121ML0007560010103836E01_DRCL,121,mastcam_left,Layers
0708MH0002610010204340E01_DRCL.jpg,16,train,0708MH0002610010204340E01_DRCL,True,data/msl/extracted/msl-labeled-data-set-v2.1/images/0708MH0002610010204340E01_DRCL.jpg,0708MH0002610010204340E01_DRCL,708,mahli,Wheel
0729MH0002620000204461E01_DRCL.jpg,16,train,0729MH0002620000204461E01_DRCL,True,data/msl/extracted/msl-labeled-data-set-v2.1/images/0729MH0002620000204461E01_DRCL.jpg,0729MH0002620000204461E01_DRCL,729,mahli,Wheel
0822ML0036180040401124D01_DRCL.jpg,6,train,0822ML0036180040401124D01_DRCL,True,data/msl/extracted/msl-labeled-data-set-v2.1/images/0822ML0036180040401124D01_DRCL.jpg,0822ML0036180040401124D01_DRCL,822,mastcam_left,DRT spot
0126ML0007830030103928E01_DRCL.jpg,3,train,0126ML0007830030103928E01_DRCL,True,data/msl/extracted/msl-labeled-data-set-v2.1/images/0126ML0007830030103928E01_DRCL.jpg,0126ML0007830030103928E01_DRCL,126,mastcam_left,Nearby surface
0903ML0039510030402280C00_DRCL.jpg,11,train,0903ML0039510030402280C00_DRCL,True,data/msl/extracted/msl-labeled-data-set-v2.1/images/0903ML0039510030402280C00_DRCL.jpg,0903ML0039510030402280C00_DRCL,903,mastcam_left,Layers
0066MH0000760020100612I01_DRCL.jpg,4,train,0066MH0000760020100612I01_DRCL,True,data/msl/extracted/msl-labeled-data-set-v2.1/images/0066MH0000760020100612I01_DRCL.jpg,0066MH0000760020100612I01_DRCL,66,mahli,Close-up rock
0440ML0017950210201716E01_DRCL.jpg,3,train,0440ML0017950210201716E01_DRCL,True,data/msl/extracted/msl-labeled-data-set-v2.1/images/0440ML0017950210201716E01_DRCL.jpg,0440ML0017950210201716E01_DRCL,440,mastcam_left,Nearby surface
0838MR0036830140500790E01_DRCL.jpg,13,train,0838MR0036830140500790E01_DRCL,True,data/msl/extracted/msl-labeled-data-set-v2.1/images/0838MR0036830140500790E01_DRCL.jpg,0838MR0036830140500790E01_DRCL,838,mastcam_right,Mastcam cal target
0231MR0011040000202941E01_DRCL.jpg,8,train,0231MR0011040000202941E01_DRCL,True,data/msl/extracted/msl-labeled-data-set-v2.1/images/0231MR0011040000202941E01_DRCL.jpg,0231MR0011040000202941E01_DRCL,231,mastcam_right,Drill hole
0631ML0026080510302472E01_DRCL.jpg,11,train,0631ML0026080510302472E01_DRCL,True,data/msl/extracted/msl-labeled-data-set-v2.1/images/0631ML0026080510302472E01_DRCL.jpg,0631ML0026080510302472E01_DRCL,631,mastcam_left,Layers
0771MR0033100030403873D01_DRCL.jpg,3,train,0771MR0033100030403873D01_DRCL,True,data/msl/extracted/msl-labeled-data-set-v2.1/images/0771MR0033100030403873D01_DRCL.jpg,0771MR0033100030403873D01_DRCL,771,mastcam_right,Nearby surface
0182MH0001500050102657C00_DRCL.jpg,8,train,0182MH0001500050102657C00_DRCL,True,data/msl/extracted/msl-labeled-data-set-v2.1/images/0182MH0001500050102657C00_DRCL.jpg,0182MH0001500050102657C00_DRCL,182,mahli,Drill hole
0066ML0003690000102503E01_DRCL.jpg,14,train,0066ML0003690000102503E01_DRCL,True,data/msl/extracted/msl-labeled-data-set-v2.1/images/0066ML0003690000102503E01_DRCL.jpg,0066ML0003690000102503E01_DRCL,66,mastcam_left,Sand
0387MH0003100030104331I01_DRCL.jpg,4,train,0387MH0003100030104331I01_DRCL,True,data/msl/extracted/msl-labeled-data-set-v2.1/images/0387MH0003100030104331I01_DRCL.jpg,0387MH0003100030104331I01_DRCL,387,mahli,Close-up rock
0368MR0014900000301569Q01_DRCL.jpg,2,train,0368MR0014900000301569Q01_DRCL,True,data/msl/extracted/msl-labeled-data-set-v2.1/images/0368MR0014900000301569Q01_DRCL.jpg,0368MR0014900000301569Q01_DRCL,368,mastcam_right,Artifact
0442MH0001900010200110C00_DRCL.jpg,4,train,0442MH0001900010200110C00_DRCL,True,data/msl/extracted/msl-labeled-data-set-v2.1/images/0442MH0001900010200110C00_DRCL.jpg,0442MH0001900010200110C00_DRCL,442,mahli,Close-up rock
0153MR0008470070201249E01_DRCL.jpg,3,train,0153MR0008470070201249E01_DRCL,True,data/msl/extracted/msl-labeled-data-set-v2.1/images/0153MR0008470070201249E01_DRCL.jpg,0153MR0008470070201249E01_DRCL,153,mastcam_right,Nearby surface
0303MH0002910020103719I01_DRCL.jpg,4,train,0303MH0002910020103719I01_DRCL,True,data/msl/extracted/msl-labeled-data-set-v2.1/images/0303MH0002910020103719I01_DRCL.jpg,0303MH0002910020103719I01_DRCL,303,mahli,Close-up rock
0615ML0026200000301821D01_DRCL.jpg,13,train,0615ML0026200000301821D01_DRCL,True,data/msl/extracted/msl-labeled-data-set-v2.1/images/0615ML0026200000301821D01_DRCL.jpg,0615ML0026200000301821D01_DRCL,615,mastcam_left,Mastcam cal target
0490MH0002600010200517I01_DRCL.jpg,16,train,0490MH0002600010200517I01_DRCL,True,data/msl/extracted/msl-labeled-data-set-v2.1/images/0490MH0002600010200517I01_DRCL.jpg,0490MH0002600010200517I01_DRCL,490,mahli,Wheel
0163MR0008780130201508E01_DRCL.jpg,1,train,0163MR0008780130201508E01_DRCL,True,data/msl/extracted/msl-labeled-data-set-v2.1/images/0163MR0008780130201508E01_DRCL.jpg,0163MR0008780130201508E01_DRCL,163,mastcam_right,Other rover part
0513ML0020190000202900E01_DRCL.jpg,3,train,0513ML0020190000202900E01_DRCL,True,data/msl/extracted/msl-labeled-data-set-v2.1/images/0513ML0020190000202900E01_DRCL.jpg,0513ML0020190000202900E01_DRCL,513,mastcam_left,Nearby surface
0617ML0026000640301904E01_DRCL.jpg,3,train,0617ML0026000640301904E01_DRCL,True,data/msl/extracted/msl-labeled-data-set-v2.1/images/0617ML0026000640301904E01_DRCL.jpg,0617ML0026000640301904E01_DRCL,617,mastcam_left,Nearby surface
0475ML0018890030202200D01_DRCL.jpg,13,train,0475ML0018890030202200D01_DRCL,True,data/msl/extracted/msl-labeled-data-set-v2.1/images/0475ML0018890030202200D01_DRCL.jpg,0475ML0018890030202200D01_DRCL,475,mastcam_left,Mastcam cal target
0746MR0032080240403438E01_DRCL.jpg,3,train,0746MR0032080240403438E01_DRCL,True,data/msl/extracted/msl-labeled-data-set-v2.1/images/0746MR0032080240403438E01_DRCL.jpg,0746MR0032080240403438E01_DRCL,746,mastcam_right,Nearby surface
0320MR0010520240300918I01_DRCL.jpg,2,train,0320MR0010520240300918I01_DRCL,True,data/msl/extracted/msl-labeled-data-set-v2.1/images/0320MR0010520240300918I01_DRCL.jpg,0320MR0010520240300918I01_DRCL,320,mastcam_right,Artifact
0606MR0025570010400934E01_DRCL.jpg,11,train,0606MR0025570010400934E01_DRCL,True,data/msl/extracted/msl-labeled-data-set-v2.1/images/0606MR0025570010400934E01_DRCL.jpg,0606MR0025570010400934E01_DRCL,606,mastcam_right,Layers
0613MH0003900000203357I01_DRCL.jpg,1,train,0613MH0003900000203357I01_DRCL,True,data/msl/extracted/msl-labeled-data-set-v2.1/images/0613MH0003900000203357I01_DRCL.jpg,0613MH0003900000203357I01_DRCL,613,mahli,Other rover part
0840MR0037360320500867C00_DRCL.jpg,11,train,0840MR0037360320500867C00_DRCL,True,data/msl/extracted/msl-labeled-data-set-v2.1/images/0840MR0037360320500867C00_DRCL.jpg,0840MR0037360320500867C00_DRCL,840,mastcam_right,Layers
0298MR0012450200203663E01_DRCL.jpg,3,train,0298MR0012450200203663E01_DRCL,True,data/msl/extracted/msl-labeled-data-set-v2.1/images/0298MR0012450200203663E01_DRCL.jpg,0298MR0012450200203663E01_DRCL,298,mastcam_right,Nearby surface
0318MR0013040290300735E01_DRCL.jpg,3,train,0318MR0013040290300735E01_DRCL,True,data/msl/extracted/msl-labeled-data-set-v2.1/images/0318MR0013040290300735E01_DRCL.jpg,0318MR0013040290300735E01_DRCL,318,mastcam_right,Nearby surface
0744ML0031940310205715E01_DRCL.jpg,11,train,0744ML0031940310205715E01_DRCL,True,data/msl/extracted/msl-labeled-data-set-v2.1/images/0744ML0031940310205715E01_DRCL.jpg,0744ML0031940310205715E01_DRCL,744,mastcam_left,Layers
0514ML0020230000202934D01_DRCL.jpg,13,train,0514ML0020230000202934D01_DRCL,True,data/msl/extracted/msl-labeled-data-set-v2.1/images/0514ML0020230000202934D01_DRCL.jpg,0514ML0020230000202934D01_DRCL,514,mastcam_left,Mastcam cal target
0618ML0026010730302121E01_DRCL.jpg,3,train,0618ML0026010730302121E01_DRCL,True,data/msl/extracted/msl-labeled-data-set-v2.1/images/0618ML0026010730302121E01_DRCL.jpg,0618ML0026010730302121E01_DRCL,618,mastcam_left,Nearby surface
0660MH0002590000203862E01_DRCL.jpg,16,train,0660MH0002590000203862E01_DRCL,True,data/msl/extracted/msl-labeled-data-set-v2.1/images/0660MH0002590000203862E01_DRCL.jpg,0660MH0002590000203862E01_DRCL,660,mahli,Wheel
0186ML0009270890105570E01_DRCL.jpg,3,train,0186ML0009270890105570E01_DRCL,True,data/msl/extracted/msl-labeled-data-set-v2.1/images/0186ML0009270890105570E01_DRCL.jpg,0186ML0009270890105570E01_DRCL,186,mastcam_left,Nearby surface
0528ML0020870080203217E01_DRCL.jpg,14,train,0528ML0020870080203217E01_DRCL,True,data/msl/extracted/msl-labeled-data-set-v2.1/images/0528ML0020870080203217E01_DRCL.jpg,0528ML0020870080203217E01_DRCL,528,mastcam_left,Sand
0778ML0033700210400226E01_DRCL.jpg,7,train,0778ML0033700210400226E01_DRCL,True,data/msl/extracted/msl-labeled-data-set-v2.1/images/0778ML0033700210400226E01_DRCL.jpg,0778ML0033700210400226E01_DRCL,778,mastcam_left,Distant landscape
0513MH0002610010200921I01_DRCL.jpg,16,train,0513MH0002610010200921I01_DRCL,True,data/msl/extracted/msl-labeled-data-set-v2.1/images/0513MH0002610010200921I01_DRCL.jpg,0513MH0002610010200921I01_DRCL,513,mahli,Wheel
0397ML0016420010200715D01_DRCL.jpg,3,train,0397ML0016420010200715D01_DRCL,True,data/msl/extracted/msl-labeled-data-set-v2.1/images/0397ML0016420010200715D01_DRCL.jpg,0397ML0016420010200715D01_DRCL,397,mastcam_left,Nearby surface
0003ML0000001500100012D01_DRCL.jpg,1,train,0003ML0000001500100012D01_DRCL,True,data/msl/extracted/msl-labeled-data-set-v2.1/images/0003ML0000001500100012D01_DRCL.jpg,0003ML0000001500100012D01_DRCL,3,mastcam_left,Other rover part
0439ML0017910070201688E01_DRCL.jpg,11,train,0439ML0017910070201688E01_DRCL,True,data/msl/extracted/msl-labeled-data-set-v2.1/images/0439ML0017910070201688E01_DRCL.jpg,0439ML0017910070201688E01_DRCL,439,mastcam_left,Layers
0181MH0002240020102595C00_DRCL.jpg,3,train,0181MH0002240020102595C00_DRCL,True,data/msl/extracted/msl-labeled-data-set-v2.1/images/0181MH0002240020102595C00_DRCL.jpg,0181MH0002240020102595C00_DRCL,181,mahli,Nearby surface
0593ML0024870030300991E01_DRCL.jpg,3,train,0593ML0024870030300991E01_DRCL,True,data/msl/extracted/msl-labeled-data-set-v2.1/images/0593ML0024870030300991E01_DRCL.jpg,0593ML0024870030300991E01_DRCL,593,mastcam_left,Nearby surface
0472MH0003330000200278E01_DRCL.jpg,16,train,0472MH0003330000200278E01_DRCL,True,data/msl/extracted/msl-labeled-data-set-v2.1/images/0472MH0003330000200278E01_DRCL.jpg,0472MH0003330000200278E01_DRCL,472,mahli,Wheel
0814MH0003830020301195I01_DRCL.jpg,4,train,0814MH0003830020301195I01_DRCL,True,data/msl/extracted/msl-labeled-data-set-v2.1/images/0814MH0003830020301195I01_DRCL.jpg,0814MH0003830020301195I01_DRCL,814,mahli,Close-up rock
0019MR0000530110100149C00_DRCL.jpg,3,train,0019MR0000530110100149C00_DRCL,True,data/msl/extracted/msl-labeled-data-set-v2.1/images/0019MR0000530110100149C00_DRCL.jpg,0019MR0000530110100149C00_DRCL,19,mastcam_right,Nearby surface
0493ML0019580000202495E01_DRCL.jpg,0,train,0493ML0019580000202495E01_DRCL,True,data/msl/extracted/msl-labeled-data-set-v2.1/images/0493ML0019580000202495E01_DRCL.jpg,0493ML0019580000202495E01_DRCL,493,mastcam_left,Arm cover
0580MR0024071950400190E01_DRCL.jpg,10,train,0580MR0024071950400190E01_DRCL,True,data/msl/extracted/msl-labeled-data-set-v2.1/images/0580MR0024071950400190E01_DRCL.jpg,0580MR0024071950400190E01_DRCL,580,mastcam_right,Float
0174ML0009350000105177E01_DRCL.jpg,3,train,0174ML0009350000105177E01_DRCL,True,data/msl/extracted/msl-labeled-data-set-v2.1/images/0174ML0009350000105177E01_DRCL.jpg,0174ML0009350000105177E01_DRCL,174,mastcam_left,Nearby surface
0843ML0037520310401531C00_DRCL.jpg,10,train,0843ML0037520310401531C00_DRCL,True,data/msl/extracted/msl-labeled-data-set-v2.1/images/0843ML0037520310401531C00_DRCL.jpg,0843ML0037520310401531C00_DRCL,843,mastcam_left,Float
0549ML0022170020204132E01_DRCL.jpg,17,train,0549ML0022170020204132E01_DRCL,True,data/msl/extracted/msl-labeled-data-set-v2.1/images/0549ML0022170020204132E01_DRCL.jpg,0549ML0022170020204132E01_DRCL,549,mastcam_left,Wheel joint
0810MH0004440010300995C00_DRCL.jpg,4,train,0810MH0004440010300995C00_DRCL,True,data/msl/extracted/msl-labeled-data-set-v2.1/images/0810MH0004440010300995C00_DRCL.jpg,0810MH0004440010300995C00_DRCL,810,mahli,Close-up rock
0721MR0030860030402819E01_DRCL.jpg,3,train,0721MR0030860030402819E01_DRCL,True,data/msl/extracted/msl-labeled-data-set-v2.1/images/0721MR0030860030402819E01_DRCL.jpg,0721MR0030860030402819E01_DRCL,721,mastcam_right,Nearby surface
0803ML0035100010400859E01_DRCL.jpg,17,train,0803ML0035100010400859E01_DRCL,True,data/msl/extracted/msl-labeled-data-set-v2.1/images/0803ML0035100010400859E01_DRCL.jpg,0803ML0035100010400859E01_DRCL,803,mastcam_left,Wheel joint
0284ML0009650000106266M00_DRCL.jpg,3,train,0284ML0009650000106266M00_DRCL,True,data/msl/extracted/msl-labeled-data-set-v2.1/images/0284ML0009650000106266M00_DRCL.jpg,0284ML0009650000106266M00_DRCL,284,mastcam_left,Nearby surface
0707MH0003850010204311I01_DRCL.jpg,13,train,0707MH0003850010204311I01_DRCL,True,data/msl/extracted/msl-labeled-data-set-v2.1/images/0707MH0003850010204311I01_DRCL.jpg,0707MH0003850010204311I01_DRCL,707,mahli,Mastcam cal target
0631ML0026080030302424E01_DRCL.jpg,11,train,0631ML0026080030302424E01_DRCL,True,data/msl/extracted/msl-labeled-data-set-v2.1/images/0631ML0026080030302424E01_DRCL.jpg,0631ML0026080030302424E01_DRCL,631,mastcam_left,Layers
0060MH0000360000100549I01_DRCL.jpg,4,train,0060MH0000360000100549I01_DRCL,True,data/msl/extracted/msl-labeled-data-set-v2.1/images/0060MH0000360000100549I01_DRCL.jpg,0060MH0000360000100549I01_DRCL,60,mahli,Close-up rock
0176ML0009120090105238E01_DRCL.jpg,3,train,0176ML0009120090105238E01_DRCL,True,data/msl/extracted/msl-labeled-data-set-v2.1/images/0176ML0009120090105238E01_DRCL.jpg,0176ML0009120090105238E01_DRCL,176,mastcam_left,Nearby surface
0181ML0009870030105264D01_DRCL.jpg,8,train,0181ML0009870030105264D01_DRCL,True,data/msl/extracted/msl-labeled-data-set-v2.1/images/0181ML0009870030105264D01_DRCL.jpg,0181ML0009870030105264D01_DRCL,181,mastcam_left,Drill hole
0580MR0024071050400100E01_DRCL.jpg,11,train,0580MR0024071050400100E01_DRCL,True,data/msl/extracted/msl-labeled-data-set-v2.1/images/0580MR0024071050400100E01_DRCL.jpg,0580MR0024071050400100E01_DRCL,580,mastcam_right,Layers
0618MR0026010610401330E01_DRCL.jpg,10,train,0618MR0026010610401330E01_DRCL,True,data/msl/extracted/msl-labeled-data-set-v2.1/images/0618MR0026010610401330E01_DRCL.jpg,0618MR0026010610401330E01_DRCL,618,mastcam_right,Float
0319MR0013050050300828E01_DRCL.jpg,3,train,0319MR0013050050300828E01_DRCL,True,data/msl/extracted/msl-labeled-data-set-v2.1/images/0319MR0013050050300828E01_DRCL.jpg,0319MR0013050050300828E01_DRCL,319,mastcam_right,Nearby surface
0395ML0016250030200613E01_DRCL.jpg,10,train,0395ML0016250030200613E01_DRCL,True,data/msl/extracted/msl-labeled-data-set-v2.1/images/0395ML0016250030200613E01_DRCL.jpg,0395ML0016250030200613E01_DRCL,395,mastcam_left,Float
0163MR0008760160201434D01_DRCL.jpg,1,train,0163MR0008760160201434D01_DRCL,True,data/msl/extracted/msl-labeled-data-set-v2.1/images/0163MR0008760160201434D01_DRCL.jpg,0163MR0008760160201434D01_DRCL,163,mastcam_right,Other rover part
0843ML0037520100401510C00_DRCL.jpg,3,train,0843ML0037520100401510C00_DRCL,True,data/msl/extracted/msl-labeled-data-set-v2.1/images/0843ML0037520100401510C00_DRCL.jpg,0843ML0037520100401510C00_DRCL,843,mastcam_left,Nearby surface
0160MH0000750000101732I01_DRCL.jpg,2,train,0160MH0000750000101732I01_DRCL,True,data/msl/extracted/msl-labeled-data-set-v2.1/images/0160MH0000750000101732I01_DRCL.jpg,0160MH0000750000101732I01_DRCL,160,mahli,Artifact
0583ML0024390520300435I01_DRCL.jpg,2,train,0583ML0024390520300435I01_DRCL,True,data/msl/extracted/msl-labeled-data-set-v2.1/images/0583ML0024390520300435I01_DRCL.jpg,0583ML0024390520300435I01_DRCL,583,mastcam_left,Artifact
0660ML0028000040303310I01_DRCL.jpg,17,train,0660ML0028000040303310I01_DRCL,True,data/msl/extracted/msl-labeled-data-set-v2.1/images/0660ML0028000040303310I01_DRCL.jpg,0660ML0028000040303310I01_DRCL,660,mastcam_left,Wheel joint
0946MH0004870050303769C00_DRCL.jpg,12,train,0946MH0004870050303769C00_DRCL,True,data/msl/extracted/msl-labeled-data-set-v2.1/images/0946MH0004870050303769C00_DRCL.jpg,0946MH0004870050303769C00_DRCL,946,mahli,Light-toned veins
0794ML0034670010400661E01_DRCL.jpg,17,train,0794ML0034670010400661E01_DRCL,True,data/msl/extracted/msl-labeled-data-set-v2.1/images/0794ML0034670010400661E01_DRCL.jpg,0794ML0034670010400661E01_DRCL,794,mastcam_left,Wheel joint
0601MR0025370120400778E01_DRCL.jpg,3,train,0601MR0025370120400778E01_DRCL,True,data/msl/extracted/msl-labeled-data-set-v2.1/images/0601MR0025370120400778E01_DRCL.jpg,0601MR0025370120400778E01_DRCL,601,mastcam_right,Nearby surface
0565ML0022880000204683E01_DRCL.jpg,17,train,0565ML0022880000204683E01_DRCL,True,data/msl/extracted/msl-labeled-data-set-v2.1/images/0565ML0022880000204683E01_DRCL.jpg,0565ML0022880000204683E01_DRCL,565,mastcam_left,Wheel joint
0431ML0017570010201429E01_DRCL.jpg,3,train,0431ML0017570010201429E01_DRCL,True,data/msl/extracted/msl-labeled-data-set-v2.1/images/0431ML0017570010201429E01_DRCL.jpg,0431ML0017570010201429E01_DRCL,431,mastcam_left,Nearby surface
0901ML0039490360402186C00_DRCL.jpg,3,train,0901ML0039490360402186C00_DRCL,True,data/msl/extracted/msl-labeled-data-set-v2.1/images/0901ML0039490360402186C00_DRCL.jpg,0901ML0039490360402186C00_DRCL,901,mastcam_left,Nearby surface
0593ML0024860000300973I01_DRCL.jpg,2,train,0593ML0024860000300973I01_DRCL,True,data/msl/extracted/msl-labeled-data-set-v2.1/images/0593ML0024860000300973I01_DRCL.jpg,0593ML0024860000300973I01_DRCL,593,mastcam_left,Artifact
0937MH0004800060303468I01_DRCL.jpg,4,train,0937MH0004800060303468I01_DRCL,True,data/msl/extracted/msl-labeled-data-set-v2.1/images/0937MH0004800060303468I01_DRCL.jpg,0937MH0004800060303468I01_DRCL,937,mahli,Close-up rock
0937MH0004840060303479I01_DRCL.jpg,4,train,0937MH0004840060303479I01_DRCL,True,data/msl/extracted/msl-labeled-data-set-v2.1/images/0937MH0004840060303479I01_DRCL.jpg,0937MH0004840060303479I01_DRCL,937,mahli,Close-up rock
0768MH0004100020300234I01_DRCL.jpg,8,train,0768MH0004100020300234I01_DRCL,True,data/msl/extracted/msl-labeled-data-set-v2.1/images/0768MH0004100020300234I01_DRCL.jpg,0768MH0004100020300234I01_DRCL,768,mahli,Drill hole
0946MH0004870060303813I01_DRCL.jpg,4,train,0946MH0004870060303813I01_DRCL,True,data/msl/extracted/msl-labeled-data-set-v2.1/images/0946MH0004870060303813I01_DRCL.jpg,0946MH0004870060303813I01_DRCL,946,mahli,Close-up rock
0828MH0004520020301692C00_DRCL.jpg,11,train,0828MH0004520020301692C00_DRCL,True,data/msl/extracted/msl-labeled-data-set-v2.1/images/0828MH0004520020301692C00_DRCL.jpg,0828MH0004520020301692C00_DRCL,828,mahli,Layers
0537MH0003110020201374I01_DRCL.jpg,4,train,0537MH0003110020201374I01_DRCL,True,data/msl/extracted/msl-labeled-data-set-v2.1/images/0537MH0003110020201374I01_DRCL.jpg,0537MH0003110020201374I01_DRCL,537,mahli,Close-up rock
0392MR0016110020302116E01_DRCL.jpg,3,train,0392MR0016110020302116E01_DRCL,True,data/msl/extracted/msl-labeled-data-set-v2.1/images/0392MR0016110020302116E01_DRCL.jpg,0392MR0016110020302116E01_DRCL,392,mastcam_right,Nearby surface
0116ML0007330050103710D01_DRCL.jpg,10,train,0116ML0007330050103710D01_DRCL,True,data/msl/extracted/msl-labeled-data-set-v2.1/images/0116ML0007330050103710D01_DRCL.jpg,0116ML0007330050103710D01_DRCL,116,mastcam_left,Float
0170ML0009050250104704E01_DRCL.jpg,7,train,0170ML0009050250104704E01_DRCL,True,data/msl/extracted/msl-labeled-data-set-v2.1/images/0170ML0009050250104704E01_DRCL.jpg,0170ML0009050250104704E01_DRCL,170,mastcam_left,Distant landscape
0394MH0003060020104456I01_DRCL.jpg,4,train,0394MH0003060020104456I01_DRCL,True,data/msl/extracted/msl-labeled-data-set-v2.1/images/0394MH0003060020104456I01_DRCL.jpg,0394MH0003060020104456I01_DRCL,394,mahli,Close-up rock
0765MH0001900010300083C00_DRCL.jpg,8,train,0765MH0001900010300083C00_DRCL,True,data/msl/extracted/msl-labeled-data-set-v2.1/images/0765MH0001900010300083C00_DRCL.jpg,0765MH0001900010300083C00_DRCL,765,mahli,Drill hole
0617ML0026400030302019D01_DRCL.jpg,13,train,0617ML0026400030302019D01_DRCL,True,data/msl/extracted/msl-labeled-data-set-v2.1/images/0617ML0026400030302019D01_DRCL.jpg,0617ML0026400030302019D01_DRCL,617,mastcam_left,Mastcam cal target
0585MH0002910020202582I01_DRCL.jpg,4,train,0585MH0002910020202582I01_DRCL,True,data/msl/extracted/msl-labeled-data-set-v2.1/images/0585MH0002910020202582I01_DRCL.jpg,0585MH0002910020202582I01_DRCL,585,mahli,Close-up rock
0109ML0006850810103435E01_DRCL.jpg,3,train,0109ML0006850810103435E01_DRCL,True,data/msl/extracted/msl-labeled-data-set-v2.1/images/0109ML0006850810103435E01_DRCL.jpg,0109ML0006850810103435E01_DRCL,109,mastcam_left,Nearby surface
0109ML0006840370103349E01_DRCL.jpg,10,train,0109ML0006840370103349E01_DRCL,True,data/msl/extracted/msl-labeled-data-set-v2.1/images/0109ML0006840370103349E01_DRCL.jpg,0109ML0006840370103349E01_DRCL,109,mastcam_left,Float
0069ML0004850000102528I01_DRCL.jpg,13,train,0069ML0004850000102528I01_DRCL,True,data/msl/extracted/msl-labeled-data-set-v2.1/images/0069ML0004850000102528I01_DRCL.jpg,0069ML0004850000102528I01_DRCL,69,mastcam_left,Mastcam cal target
0735MR0031500040403079E01_DRCL.jpg,3,train,0735MR0031500040403079E01_DRCL,True,data/msl/extracted/msl-labeled-data-set-v2.1/images/0735MR0031500040403079E01_DRCL.jpg,0735MR0031500040403079E01_DRCL,735,mastcam_right,Nearby surface
0703ML0029720080304368E01_DRCL.jpg,11,train,0703ML0029720080304368E01_DRCL,True,data/msl/extracted/msl-labeled-data-set-v2.1/images/0703ML0029720080304368E01_DRCL.jpg,0703ML0029720080304368E01_DRCL,703,mastcam_left,Layers
0741MR0031820380403207E01_DRCL.jpg,3,train,0741MR0031820380403207E01_DRCL,True,data/msl/extracted/msl-labeled-data-set-v2.1/images/0741MR0031820380403207E01_DRCL.jpg,0741MR0031820380403207E01_DRCL,741,mastcam_right,Nearby surface
0530ML0021020060203307D01_DRCL.jpg,18,train,0530ML0021020060203307D01_DRCL,True,data/msl/extracted/msl-labeled-data-set-v2.1/images/0530ML0021020060203307D01_DRCL.jpg,0530ML0021020060203307D01_DRCL,530,mastcam_left,Wheel tracks
0918MR0010370030501540C00_DRCL.jpg,10,train,0918MR0010370030501540C00_DRCL,True,data/msl/extracted/msl-labeled-data-set-v2.1/images/0918MR0010370030501540C00_DRCL.jpg,0918MR0010370030501540C00_DRCL,918,mastcam_right,Float
0069ML0004150000102550Q01_DRCL.jpg,1,train,0069ML0004150000102550Q01_DRCL,True,data/msl/extracted/msl-labeled-data-set-v2.1/images/0069ML0004150000102550Q01_DRCL.jpg,0069ML0004150000102550Q01_DRCL,69,mastcam_left,Other rover part
0752MR0032330020403660D01_DRCL.jpg,15,train,0752MR0032330020403660D01_DRCL,True,data/msl/extracted/msl-labeled-data-set-v2.1/images/0752MR0032330020403660D01_DRCL.jpg,0752MR0032330020403660D01_DRCL,752,mastcam_right,Sun
0192MR0010180060202594E01_DRCL.jpg,3,train,0192MR0010180060202594E01_DRCL,True,data/msl/extracted/msl-labeled-data-set-v2.1/images/0192MR0010180060202594E01_DRCL.jpg,0192MR0010180060202594E01_DRCL,192,mastcam_right,Nearby surface
0078MR0005860320103950I01_DRCL.jpg,3,train,0078MR0005860320103950I01_DRCL,True,data/msl/extracted/msl-labeled-data-set-v2.1/images/0078MR0005860320103950I01_DRCL.jpg,0078MR0005860320103950I01_DRCL,78,mastcam_right,Nearby surface
0854MR0037750020501033D01_DRCL.jpg,15,train,0854MR0037750020501033D01_DRCL,True,data/msl/extracted/msl-labeled-data-set-v2.1/images/0854MR0037750020501033D01_DRCL.jpg,0854MR0037750020501033D01_DRCL,854,mastcam_right,Sun
0102ML0006750010103024E01_DRCL.jpg,18,train,0102ML0006750010103024E01_DRCL,True,data/msl/extracted/msl-labeled-data-set-v2.1/images/0102ML0006750010103024E01_DRCL.jpg,0102ML0006750010103024E01_DRCL,102,mastcam_left,Wheel tracks
0298MR0012450220203665E01_DRCL.jpg,10,train,0298MR0012450220203665E01_DRCL,True,data/msl/extracted/msl-labeled-data-set-v2.1/images/0298MR0012450220203665E01_DRCL.jpg,0298MR0012450220203665E01_DRCL,298,mastcam_right,Float
0232MR0011010140202971D01_DRCL.jpg,3,train,0232MR0011010140202971D01_DRCL,True,data/msl/extracted/msl-labeled-data-set-v2.1/images/0232MR0011010140202971D01_DRCL.jpg,0232MR0011010140202971D01_DRCL,232,mastcam_right,Nearby surface
0529MR0020900030303310D01_DRCL.jpg,14,train,0529MR0020900030303310D01_DRCL,True,data/msl/extracted/msl-labeled-data-set-v2.1/images/0529MR0020900030303310D01_DRCL.jpg,0529MR0020900030303310D01_DRCL,529,mastcam_right,Sand
0319ML0013050060107681I01_DRCL.jpg,3,train,0319ML0013050060107681I01_DRCL,True,data/msl/extracted/msl-labeled-data-set-v2.1/images/0319ML0013050060107681I01_DRCL.jpg,0319ML0013050060107681I01_DRCL,319,mastcam_left,Nearby surface
0516MH0002910010200975C00_DRCL.jpg,4,train,0516MH0002910010200975C00_DRCL,True,data/msl/extracted/msl-labeled-data-set-v2.1/images/0516MH0002910010200975C00_DRCL.jpg,0516MH0002910010200975C00_DRCL,516,mahli,Close-up rock
0777MH0004380010300274I01_DRCL.jpg,8,train,0777MH0004380010300274I01_DRCL,True,data/msl/extracted/msl-labeled-data-set-v2.1/images/0777MH0004380010300274I01_DRCL.jpg,0777MH0004380010300274I01_DRCL,777,mahli,Drill hole
0910MH0004360020302972I01_DRCL.jpg,8,train,0910MH0004360020302972I01_DRCL,True,data/msl/extracted/msl-labeled-data-set-v2.1/images/0910MH0004360020302972I01_DRCL.jpg,0910MH0004360020302972I01_DRCL,910,mahli,Drill hole
0762MR0032730070403812D01_DRCL.jpg,8,train,0762MR0032730070403812D01_DRCL,True,data/msl/extracted/msl-labeled-data-set-v2.1/images/0762MR0032730070403812D01_DRCL.jpg,0762MR0032730070403812D01_DRCL,762,mastcam_right,Drill hole
0628MH0004120010203612I01_DRCL.jpg,8,train,0628MH0004120010203612I01_DRCL,True,data/msl/extracted/msl-labeled-data-set-v2.1/images/0628MH0004120010203612I01_DRCL.jpg,0628MH0004120010203612I01_DRCL,628,mahli,Drill hole
0840ML0037360130401411C00_DRCL.jpg,3,train,0840ML0037360130401411C00_DRCL,True,data/msl/extracted/msl-labeled-data-set-v2.1/images/0840ML0037360130401411C00_DRCL.jpg,0840ML0037360130401411C00_DRCL,840,mastcam_left,Nearby surface
0059MR0002680040103133E01_DRCL.jpg,18,train,0059MR0002680040103133E01_DRCL,True,data/msl/extracted/msl-labeled-data-set-v2.1/images/0059MR0002680040103133E01_DRCL.jpg,0059MR0002680040103133E01_DRCL,59,mastcam_right,Wheel tracks
0303MH0002910020103661I01_DRCL.jpg,4,train,0303MH0002910020103661I01_DRCL,True,data/msl/extracted/msl-labeled-data-set-v2.1/images/0303MH0002910020103661I01_DRCL.jpg,0303MH0002910020103661I01_DRCL,303,mahli,Close-up rock
0828MR0036350150500610C00_DRCL.jpg,11,train,0828MR0036350150500610C00_DRCL,True,data/msl/extracted/msl-labeled-data-set-v2.1/images/0828MR0036350150500610C00_DRCL.jpg,0828MR0036350150500610C00_DRCL,828,mastcam_right,Layers
0173ML0009340020105171D01_DRCL.jpg,3,train,0173ML0009340020105171D01_DRCL,True,data/msl/extracted/msl-labeled-data-set-v2.1/images/0173ML0009340020105171D01_DRCL.jpg,0173ML0009340020105171D01_DRCL,173,mastcam_left,Nearby surface
0640MR0027190120401844D01_DRCL.jpg,13,train,0640MR0027190120401844D01_DRCL,True,data/msl/extracted/msl-labeled-data-set-v2.1/images/0640MR0027190120401844D01_DRCL.jpg,0640MR0027190120401844D01_DRCL,640,mastcam_right,Mastcam cal target
0508ML0019960000202746C00_DRCL.jpg,0,train,0508ML0019960000202746C00_DRCL,True,data/msl/extracted/msl-labeled-data-set-v2.1/images/0508ML0019960000202746C00_DRCL.jpg,0508ML0019960000202746C00_DRCL,508,mastcam_left,Arm cover
0935MH0004800060303263I01_DRCL.jpg,4,train,0935MH0004800060303263I01_DRCL,True,data/msl/extracted/msl-labeled-data-set-v2.1/images/0935MH0004800060303263I01_DRCL.jpg,0935MH0004800060303263I01_DRCL,935,mahli,Close-up rock
0052ML0002400040102214I01_DRCL.jpg,0,train,0052ML0002400040102214I01_DRCL,True,data/msl/extracted/msl-labeled-data-set-v2.1/images/0052ML0002400040102214I01_DRCL.jpg,0052ML0002400040102214I01_DRCL,52,mastcam_left,Arm cover
0549MR0022200010303774E01_DRCL.jpg,3,train,0549MR0022200010303774E01_DRCL,True,data/msl/extracted/msl-labeled-data-set-v2.1/images/0549MR0022200010303774E01_DRCL.jpg,0549MR0022200010303774E01_DRCL,549,mastcam_right,Nearby surface
0679ML0028900030303990E01_DRCL.jpg,16,train,0679ML0028900030303990E01_DRCL,True,data/msl/extracted/msl-labeled-data-set-v2.1/images/0679ML0028900030303990E01_DRCL.jpg,0679ML0028900030303990E01_DRCL,679,mastcam_left,Wheel
0229MR0009790000202920E01_DRCL.jpg,1,train,0229MR0009790000202920E01_DRCL,True,data/msl/extracted/msl-labeled-data-set-v2.1/images/0229MR0009790000202920E01_DRCL.jpg,0229MR0009790000202920E01_DRCL,229,mastcam_right,Other rover part
0192ML0010171010105782E01_DRCL.jpg,3,train,0192ML0010171010105782E01_DRCL,True,data/msl/extracted/msl-labeled-data-set-v2.1/images/0192ML0010171010105782E01_DRCL.jpg,0192ML0010171010105782E01_DRCL,192,mastcam_left,Nearby surface
0490ML0019410040202465E01_DRCL.jpg,16,train,0490ML0019410040202465E01_DRCL,True,data/msl/extracted/msl-labeled-data-set-v2.1/images/0490ML0019410040202465E01_DRCL.jpg,0490ML0019410040202465E01_DRCL,490,mastcam_left,Wheel
0864MR0038040070501104E01_DRCL.jpg,3,train,0864MR0038040070501104E01_DRCL,True,data/msl/extracted/msl-labeled-data-set-v2.1/images/0864MR0038040070501104E01_DRCL.jpg,0864MR0038040070501104E01_DRCL,864,mastcam_right,Nearby surface
0562MH0002600000201769E01_DRCL.jpg,16,train,0562MH0002600000201769E01_DRCL,True,data/msl/extracted/msl-labeled-data-set-v2.1/images/0562MH0002600000201769E01_DRCL.jpg,0562MH0002600000201769E01_DRCL,562,mahli,Wheel
0042MR0001830110101908Q01_DRCL.jpg,2,train,0042MR0001830110101908Q01_DRCL,True,data/msl/extracted/msl-labeled-data-set-v2.1/images/0042MR0001830110101908Q01_DRCL.jpg,0042MR0001830110101908Q01_DRCL,42,mastcam_right,Artifact
0393MR0016210010302142E01_DRCL.jpg,9,train,0393MR0016210010302142E01_DRCL,True,data/msl/extracted/msl-labeled-data-set-v2.1/images/0393MR0016210010302142E01_DRCL.jpg,0393MR0016210010302142E01_DRCL,393,mastcam_right,Night sky
0663ML0028210520303416E01_DRCL.jpg,10,train,0663ML0028210520303416E01_DRCL,True,data/msl/extracted/msl-labeled-data-set-v2.1/images/0663ML0028210520303416E01_DRCL.jpg,0663ML0028210520303416E01_DRCL,663,mastcam_left,Float
0531MH0002970020201275I01_DRCL.jpg,4,train,0531MH0002970020201275I01_DRCL,True,data/msl/extracted/msl-labeled-data-set-v2.1/images/0531MH0002970020201275I01_DRCL.jpg,0531MH0002970020201275I01_DRCL,531,mahli,Close-up rock
0441ML0018060000201784D01_DRCL.jpg,3,train,0441ML0018060000201784D01_DRCL,True,data/msl/extracted/msl-labeled-data-set-v2.1/images/0441ML0018060000201784D01_DRCL.jpg,0441ML0018060000201784D01_DRCL,441,mastcam_left,Nearby surface
0746ML0032060160205776E01_DRCL.jpg,11,train,0746ML0032060160205776E01_DRCL,True,data/msl/extracted/msl-labeled-data-set-v2.1/images/0746ML0032060160205776E01_DRCL.jpg,0746ML0032060160205776E01_DRCL,746,mastcam_left,Layers
0735MR0031500130403088E01_DRCL.jpg,3,train,0735MR0031500130403088E01_DRCL,True,data/msl/extracted/msl-labeled-data-set-v2.1/images/0735MR0031500130403088E01_DRCL.jpg,0735MR0031500130403088E01_DRCL,735,mastcam_right,Nearby surface
0753MR0032370260403749E01_DRCL.jpg,3,train,0753MR0032370260403749E01_DRCL,True,data/msl/extracted/msl-labeled-data-set-v2.1/images/0753MR0032370260403749E01_DRCL.jpg,0753MR0032370260403749E01_DRCL,753,mastcam_right,Nearby surface
0531MH0003470020201192I01_DRCL.jpg,4,train,0531MH0003470020201192I01_DRCL,True,data/msl/extracted/msl-labeled-data-set-v2.1/images/0531MH0003470020201192I01_DRCL.jpg,0531MH0003470020201192I01_DRCL,531,mahli,Close-up rock
0442MH0003270040200102I01_DRCL.jpg,4,train,0442MH0003270040200102I01_DRCL,True,data/msl/extracted/msl-labeled-data-set-v2.1/images/0442MH0003270040200102I01_DRCL.jpg,0442MH0003270040200102I01_DRCL,442,mahli,Close-up rock
0930MH0004770010303082C00_DRCL.jpg,4,train,0930MH0004770010303082C00_DRCL,True,data/msl/extracted/msl-labeled-data-set-v2.1/images/0930MH0004770010303082C00_DRCL.jpg,0930MH0004770010303082C00_DRCL,930,mahli,Close-up rock
0919MR0040390210501593E01_DRCL.jpg,3,train,0919MR0040390210501593E01_DRCL,True,data/msl/extracted/msl-labeled-data-set-v2.1/images/0919MR0040390210501593E01_DRCL.jpg,0919MR0040390210501593E01_DRCL,919,mastcam_right,Nearby surface
0826MR0036320010500584C00_DRCL.jpg,11,train,0826MR0036320010500584C00_DRCL,True,data/msl/extracted/msl-labeled-data-set-v2.1/images/0826MR0036320010500584C00_DRCL.jpg,0826MR0036320010500584C00_DRCL,826,mastcam_right,Layers
0930MH0004790010303194C00_DRCL.jpg,4,train,0930MH0004790010303194C00_DRCL,True,data/msl/extracted/msl-labeled-data-set-v2.1/images/0930MH0004790010303194C00_DRCL.jpg,0930MH0004790010303194C00_DRCL,930,mahli,Close-up rock
0741ML0031820870205613E01_DRCL.jpg,3,train,0741ML0031820870205613E01_DRCL,True,data/msl/extracted/msl-labeled-data-set-v2.1/images/0741ML0031820870205613E01_DRCL.jpg,0741ML0031820870205613E01_DRCL,741,mastcam_left,Nearby surface
0582MR0024330000400287I01_DRCL.jpg,3,train,0582MR0024330000400287I01_DRCL,True,data/msl/extracted/msl-labeled-data-set-v2.1/images/0582MR0024330000400287I01_DRCL.jpg,0582MR0024330000400287I01_DRCL,582,mastcam_right,Nearby surface
0778MR0033700050404000E01_DRCL.jpg,10,train,0778MR0033700050404000E01_DRCL,True,data/msl/extracted/msl-labeled-data-set-v2.1/images/0778MR0033700050404000E01_DRCL.jpg,0778MR0033700050404000E01_DRCL,778,mastcam_right,Float
0619MR0026020690401462E01_DRCL.jpg,10,train,0619MR0026020690401462E01_DRCL,True,data/msl/extracted/msl-labeled-data-set-v2.1/images/0619MR0026020690401462E01_DRCL.jpg,0619MR0026020690401462E01_DRCL,619,mastcam_right,Float
0617ML0026001450301985E01_DRCL.jpg,11,train,0617ML0026001450301985E01_DRCL,True,data/msl/extracted/msl-labeled-data-set-v2.1/images/0617ML0026001450301985E01_DRCL.jpg,0617ML0026001450301985E01_DRCL,617,mastcam_left,Layers
0485MH0001900010200323C00_DRCL.jpg,14,train,0485MH0001900010200323C00_DRCL,True,data/msl/extracted/msl-labeled-data-set-v2.1/images/0485MH0001900010200323C00_DRCL.jpg,0485MH0001900010200323C00_DRCL,485,mahli,Sand
0329MR0013330000301014E01_DRCL.jpg,3,train,0329MR0013330000301014E01_DRCL,True,data/msl/extracted/msl-labeled-data-set-v2.1/images/0329MR0013330000301014E01_DRCL.jpg,0329MR0013330000301014E01_DRCL,329,mastcam_right,Nearby surface
0530ML0021050550203374E01_DRCL.jpg,14,train,0530ML0021050550203374E01_DRCL,True,data/msl/extracted/msl-labeled-data-set-v2.1/images/0530ML0021050550203374E01_DRCL.jpg,0530ML0021050550203374E01_DRCL,530,mastcam_left,Sand
0620MR0026030400401529E01_DRCL.jpg,11,train,0620MR0026030400401529E01_DRCL,True,data/msl/extracted/msl-labeled-data-set-v2.1/images/0620MR0026030400401529E01_DRCL.jpg,0620MR0026030400401529E01_DRCL,620,mastcam_right,Layers
0840MH0003590020301921I01_DRCL.jpg,11,train,0840MH0003590020301921I01_DRCL,True,data/msl/extracted/msl-labeled-data-set-v2.1/images/0840MH0003590020301921I01_DRCL.jpg,0840MH0003590020301921I01_DRCL,840,mahli,Layers
0948MH0004910050303921C00_DRCL.jpg,12,train,0948MH0004910050303921C00_DRCL,True,data/msl/extracted/msl-labeled-data-set-v2.1/images/0948MH0004910050303921C00_DRCL.jpg,0948MH0004910050303921C00_DRCL,948,mahli,Light-toned veins
0746MR0032080030403417E01_DRCL.jpg,3,train,0746MR0032080030403417E01_DRCL,True,data/msl/extracted/msl-labeled-data-set-v2.1/images/0746MR0032080030403417E01_DRCL.jpg,0746MR0032080030403417E01_DRCL,746,mastcam_right,Nearby surface
0469MR0018670070302856E01_DRCL.jpg,14,train,0469MR0018670070302856E01_DRCL,True,data/msl/extracted/msl-labeled-data-set-v2.1/images/0469MR0018670070302856E01_DRCL.jpg,0469MR0018670070302856E01_DRCL,469,mastcam_right,Sand
0647ML0027510080302924E01_DRCL.jpg,3,train,0647ML0027510080302924E01_DRCL,True,data/msl/extracted/msl-labeled-data-set-v2.1/images/0647ML0027510080302924E01_DRCL.jpg,0647ML0027510080302924E01_DRCL,647,mastcam_left,Nearby surface
0618MR0026010950401364E01_DRCL.jpg,3,train,0618MR0026010950401364E01_DRCL,True,data/msl/extracted/msl-labeled-data-set-v2.1/images/0618MR0026010950401364E01_DRCL.jpg,0618MR0026010950401364E01_DRCL,618,mastcam_right,Nearby surface
0929ML0040870260402861E01_DRCL.jpg,3,train,0929ML0040870260402861E01_DRCL,True,data/msl/extracted/msl-labeled-data-set-v2.1/images/0929ML0040870260402861E01_DRCL.jpg,0929ML0040870260402861E01_DRCL,929,mastcam_left,Nearby surface
0660ML0028020010303317E01_DRCL.jpg,17,train,0660ML0028020010303317E01_DRCL,True,data/msl/extracted/msl-labeled-data-set-v2.1/images/0660ML0028020010303317E01_DRCL.jpg,0660ML0028020010303317E01_DRCL,660,mastcam_left,Wheel joint
0441ML0018150060201846D01_DRCL.jpg,3,train,0441ML0018150060201846D01_DRCL,True,data/msl/extracted/msl-labeled-data-set-v2.1/images/0441ML0018150060201846D01_DRCL.jpg,0441ML0018150060201846D01_DRCL,441,mastcam_left,Nearby surface
0513MR0020190020303201E01_DRCL.jpg,3,train,0513MR0020190020303201E01_DRCL,True,data/msl/extracted/msl-labeled-data-set-v2.1/images/0513MR0020190020303201E01_DRCL.jpg,0513MR0020190020303201E01_DRCL,513,mastcam_right,Nearby surface
0590MR0024840870400619E01_DRCL.jpg,11,train,0590MR0024840870400619E01_DRCL,True,data/msl/extracted/msl-labeled-data-set-v2.1/images/0590MR0024840870400619E01_DRCL.jpg,0590MR0024840870400619E01_DRCL,590,mastcam_right,Layers
0844MR0037530430500995C00_DRCL.jpg,10,train,0844MR0037530430500995C00_DRCL,True,data/msl/extracted/msl-labeled-data-set-v2.1/images/0844MR0037530430500995C00_DRCL.jpg,0844MR0037530430500995C00_DRCL,844,mastcam_right,Float
0929ML0040870140402849E01_DRCL.jpg,12,train,0929ML0040870140402849E01_DRCL,True,data/msl/extracted/msl-labeled-data-set-v2.1/images/0929ML0040870140402849E01_DRCL.jpg,0929ML0040870140402849E01_DRCL,929,mastcam_left,Light-toned veins
0816ML0035940060401033D01_DRCL.jpg,6,train,0816ML0035940060401033D01_DRCL,True,data/msl/extracted/msl-labeled-data-set-v2.1/images/0816ML0035940060401033D01_DRCL.jpg,0816ML0035940060401033D01_DRCL,816,mastcam_left,DRT spot
0584MH0003620020202228I01_DRCL.jpg,4,train,0584MH0003620020202228I01_DRCL,True,data/msl/extracted/msl-labeled-data-set-v2.1/images/0584MH0003620020202228I01_DRCL.jpg,0584MH0003620020202228I01_DRCL,584,mahli,Close-up rock
0845ML0037620040401587D01_DRCL.jpg,3,train,0845ML0037620040401587D01_DRCL,True,data/msl/extracted/msl-labeled-data-set-v2.1/images/0845ML0037620040401587D01_DRCL.jpg,0845ML0037620040401587D01_DRCL,845,mastcam_left,Nearby surface
0833MH0003060020301864I01_DRCL.jpg,11,train,0833MH0003060020301864I01_DRCL,True,data/msl/extracted/msl-labeled-data-set-v2.1/images/0833MH0003060020301864I01_DRCL.jpg,0833MH0003060020301864I01_DRCL,833,mahli,Layers
0138MR0008190230201037E01_DRCL.jpg,10,train,0138MR0008190230201037E01_DRCL,True,data/msl/extracted/msl-labeled-data-set-v2.1/images/0138MR0008190230201037E01_DRCL.jpg,0138MR0008190230201037E01_DRCL,138,mastcam_right,Float
0595ML0025090680301166E01_DRCL.jpg,10,train,0595ML0025090680301166E01_DRCL,True,data/msl/extracted/msl-labeled-data-set-v2.1/images/0595ML0025090680301166E01_DRCL.jpg,0595ML0025090680301166E01_DRCL,595,mastcam_left,Float
0901ML0039490590402209C00_DRCL.jpg,3,train,0901ML0039490590402209C00_DRCL,True,data/msl/extracted/msl-labeled-data-set-v2.1/images/0901ML0039490590402209C00_DRCL.jpg,0901ML0039490590402209C00_DRCL,901,mastcam_left,Nearby surface
0060ML0002780070102350D01_DRCL.jpg,3,train,0060ML0002780070102350D01_DRCL,True,data/msl/extracted/msl-labeled-data-set-v2.1/images/0060ML0002780070102350D01_DRCL.jpg,0060ML0002780070102350D01_DRCL,60,mastcam_left,Nearby surface
0828MH0004520020301634C00_DRCL.jpg,11,train,0828MH0004520020301634C00_DRCL,True,data/msl/extracted/msl-labeled-data-set-v2.1/images/0828MH0004520020301634C00_DRCL.jpg,0828MH0004520020301634C00_DRCL,828,mahli,Layers
0153MR0008480030201275E01_DRCL.jpg,3,train,0153MR0008480030201275E01_DRCL,True,data/msl/extracted/msl-labeled-data-set-v2.1/images/0153MR0008480030201275E01_DRCL.jpg,0153MR0008480030201275E01_DRCL,153,mastcam_right,Nearby surface
0915ML0040090000402412I01_DRCL.jpg,2,train,0915ML0040090000402412I01_DRCL,True,data/msl/extracted/msl-labeled-data-set-v2.1/images/0915ML0040090000402412I01_DRCL.jpg,0915ML0040090000402412I01_DRCL,915,mastcam_left,Artifact
0706MH0001520020204195I01_DRCL.jpg,4,train,0706MH0001520020204195I01_DRCL,True,data/msl/extracted/msl-labeled-data-set-v2.1/images/0706MH0001520020204195I01_DRCL.jpg,0706MH0001520020204195I01_DRCL,706,mahli,Close-up rock
0792ML0034550020400576E01_DRCL.jpg,3,train,0792ML0034550020400576E01_DRCL,True,data/msl/extracted/msl-labeled-data-set-v2.1/images/0792ML0034550020400576E01_DRCL.jpg,0792ML0034550020400576E01_DRCL,792,mastcam_left,Nearby surface
0308MR0012730520204018E01_DRCL.jpg,3,train,0308MR0012730520204018E01_DRCL,True,data/msl/extracted/msl-labeled-data-set-v2.1/images/0308MR0012730520204018E01_DRCL.jpg,0308MR0012730520204018E01_DRCL,308,mastcam_right,Nearby surface
0317MR0012990100300598E01_DRCL.jpg,3,train,0317MR0012990100300598E01_DRCL,True,data/msl/extracted/msl-labeled-data-set-v2.1/images/0317MR0012990100300598E01_DRCL.jpg,0317MR0012990100300598E01_DRCL,317,mastcam_right,Nearby surface
0147MR0008360090201193D01_DRCL.jpg,3,train,0147MR0008360090201193D01_DRCL,True,data/msl/extracted/msl-labeled-data-set-v2.1/images/0147MR0008360090201193D01_DRCL.jpg,0147MR0008360090201193D01_DRCL,147,mastcam_right,Nearby surface
0721MR0030860110402827E01_DRCL.jpg,3,train,0721MR0030860110402827E01_DRCL,True,data/msl/extracted/msl-labeled-data-set-v2.1/images/0721MR0030860110402827E01_DRCL.jpg,0721MR0030860110402827E01_DRCL,721,mastcam_right,Nearby surface
0925ML0040680040402757E01_DRCL.jpg,12,train,0925ML0040680040402757E01_DRCL,True,data/msl/extracted/msl-labeled-data-set-v2.1/images/0925ML0040680040402757E01_DRCL.jpg,0925ML0040680040402757E01_DRCL,925,mastcam_left,Light-toned veins
0453ML0018250000201901C00_DRCL.jpg,3,train,0453ML0018250000201901C00_DRCL,True,data/msl/extracted/msl-labeled-data-set-v2.1/images/0453ML0018250000201901C00_DRCL.jpg,0453ML0018250000201901C00_DRCL,453,mastcam_left,Nearby surface
0468ML0018661130202116C00_DRCL.jpg,3,train,0468ML0018661130202116C00_DRCL,True,data/msl/extracted/msl-labeled-data-set-v2.1/images/0468ML0018661130202116C00_DRCL.jpg,0468ML0018661130202116C00_DRCL,468,mastcam_left,Nearby surface
0442ML0018190010201869D01_DRCL.jpg,13,train,0442ML0018190010201869D01_DRCL,True,data/msl/extracted/msl-labeled-data-set-v2.1/images/0442ML0018190010201869D01_DRCL.jpg,0442ML0018190010201869D01_DRCL,442,mastcam_left,Mastcam cal target
0135ML0008230060104018D01_DRCL.jpg,18,train,0135ML0008230060104018D01_DRCL,True,data/msl/extracted/msl-labeled-data-set-v2.1/images/0135ML0008230060104018D01_DRCL.jpg,0135ML0008230060104018D01_DRCL,135,mastcam_left,Wheel tracks
0855ML0037780030401635D01_DRCL.jpg,13,train,0855ML0037780030401635D01_DRCL,True,data/msl/extracted/msl-labeled-data-set-v2.1/images/0855ML0037780030401635D01_DRCL.jpg,0855ML0037780030401635D01_DRCL,855,mastcam_left,Mastcam cal target
0369MH0003050000104213E01_DRCL.jpg,7,train,0369MH0003050000104213E01_DRCL,True,data/msl/extracted/msl-labeled-data-set-v2.1/images/0369MH0003050000104213E01_DRCL.jpg,0369MH0003050000104213E01_DRCL,369,mahli,Distant landscape
0948MH0004910060303898I01_DRCL.jpg,4,train,0948MH0004910060303898I01_DRCL,True,data/msl/extracted/msl-labeled-data-set-v2.1/images/0948MH0004910060303898I01_DRCL.jpg,0948MH0004910060303898I01_DRCL,948,mahli,Close-up rock
0292MH0002880020103540I01_DRCL.jpg,8,train,0292MH0002880020103540I01_DRCL,True,data/msl/extracted/msl-labeled-data-set-v2.1/images/0292MH0002880020103540I01_DRCL.jpg,0292MH0002880020103540I01_DRCL,292,mahli,Drill hole
0617MR0026001520401234E01_DRCL.jpg,3,train,0617MR0026001520401234E01_DRCL,True,data/msl/extracted/msl-labeled-data-set-v2.1/images/0617MR0026001520401234E01_DRCL.jpg,0617MR0026001520401234E01_DRCL,617,mastcam_right,Nearby surface
0437ML0017810790201564E01_DRCL.jpg,3,train,0437ML0017810790201564E01_DRCL,True,data/msl/extracted/msl-labeled-data-set-v2.1/images/0437ML0017810790201564E01_DRCL.jpg,0437ML0017810790201564E01_DRCL,437,mastcam_left,Nearby surface
0306MR0012660180203903E01_DRCL.jpg,3,train,0306MR0012660180203903E01_DRCL,True,data/msl/extracted/msl-labeled-data-set-v2.1/images/0306MR0012660180203903E01_DRCL.jpg,0306MR0012660180203903E01_DRCL,306,mastcam_right,Nearby surface
0158MR0008600070201350D01_DRCL.jpg,13,train,0158MR0008600070201350D01_DRCL,True,data/msl/extracted/msl-labeled-data-set-v2.1/images/0158MR0008600070201350D01_DRCL.jpg,0158MR0008600070201350D01_DRCL,158,mastcam_right,Mastcam cal target
0946MH0004870060303703I01_DRCL.jpg,4,train,0946MH0004870060303703I01_DRCL,True,data/msl/extracted/msl-labeled-data-set-v2.1/images/0946MH0004870060303703I01_DRCL.jpg,0946MH0004870060303703I01_DRCL,946,mahli,Close-up rock
0567MR0022960180304016E01_DRCL.jpg,3,train,0567MR0022960180304016E01_DRCL,True,data/msl/extracted/msl-labeled-data-set-v2.1/images/0567MR0022960180304016E01_DRCL.jpg,0567MR0022960180304016E01_DRCL,567,mastcam_right,Nearby surface
0172ML0009220000104853D01_DRCL.jpg,13,train,0172ML0009220000104853D01_DRCL,True,data/msl/extracted/msl-labeled-data-set-v2.1/images/0172ML0009220000104853D01_DRCL.jpg,0172ML0009220000104853D01_DRCL,172,mastcam_left,Mastcam cal target
0025MR0001200160100737E01_DRCL.jpg,3,train,0025MR0001200160100737E01_DRCL,True,data/msl/extracted/msl-labeled-data-set-v2.1/images/0025MR0001200160100737E01_DRCL.jpg,0025MR0001200160100737E01_DRCL,25,mastcam_right,Nearby surface
0192MR0010180090202597E01_DRCL.jpg,3,train,0192MR0010180090202597E01_DRCL,True,data/msl/extracted/msl-labeled-data-set-v2.1/images/0192MR0010180090202597E01_DRCL.jpg,0192MR0010180090202597E01_DRCL,192,mastcam_right,Nearby surface
0782ML0034130080400369D01_DRCL.jpg,3,train,0782ML0034130080400369D01_DRCL,True,data/msl/extracted/msl-labeled-data-set-v2.1/images/0782ML0034130080400369D01_DRCL.jpg,0782ML0034130080400369D01_DRCL,782,mastcam_left,Nearby surface
0935MH0004800020303281I01_DRCL.jpg,4,train,0935MH0004800020303281I01_DRCL,True,data/msl/extracted/msl-labeled-data-set-v2.1/images/0935MH0004800020303281I01_DRCL.jpg,0935MH0004800020303281I01_DRCL,935,mahli,Close-up rock
0291MH0002750060103378I01_DRCL.jpg,4,train,0291MH0002750060103378I01_DRCL,True,data/msl/extracted/msl-labeled-data-set-v2.1/images/0291MH0002750060103378I01_DRCL.jpg,0291MH0002750060103378I01_DRCL,291,mahli,Close-up rock
0589MH0002640000203032E01_DRCL.jpg,16,train,0589MH0002640000203032E01_DRCL,True,data/msl/extracted/msl-labeled-data-set-v2.1/images/0589MH0002640000203032E01_DRCL.jpg,0589MH0002640000203032E01_DRCL,589,mahli,Wheel
0188ML0010100020105626D01_DRCL.jpg,3,train,0188ML0010100020105626D01_DRCL,True,data/msl/extracted/msl-labeled-data-set-v2.1/images/0188ML0010100020105626D01_DRCL.jpg,0188ML0010100020105626D01_DRCL,188,mastcam_left,Nearby surface
0232MR0011010390202996E01_DRCL.jpg,3,train,0232MR0011010390202996E01_DRCL,True,data/msl/extracted/msl-labeled-data-set-v2.1/images/0232MR0011010390202996E01_DRCL.jpg,0232MR0011010390202996E01_DRCL,232,mastcam_right,Nearby surface
0188MR0010090270202442E01_DRCL.jpg,3,train,0188MR0010090270202442E01_DRCL,True,data/msl/extracted/msl-labeled-data-set-v2.1/images/0188MR0010090270202442E01_DRCL.jpg,0188MR0010090270202442E01_DRCL,188,mastcam_right,Nearby surface
0647ML0027510040302920E01_DRCL.jpg,7,train,0647ML0027510040302920E01_DRCL,True,data/msl/extracted/msl-labeled-data-set-v2.1/images/0647ML0027510040302920E01_DRCL.jpg,0647ML0027510040302920E01_DRCL,647,mastcam_left,Distant landscape
0803MR0035050070500239D01_DRCL.jpg,3,train,0803MR0035050070500239D01_DRCL,True,data/msl/extracted/msl-labeled-data-set-v2.1/images/0803MR0035050070500239D01_DRCL.jpg,0803MR0035050070500239D01_DRCL,803,mastcam_right,Nearby surface
0844MR0037530210500973C00_DRCL.jpg,10,train,0844MR0037530210500973C00_DRCL,True,data/msl/extracted/msl-labeled-data-set-v2.1/images/0844MR0037530210500973C00_DRCL.jpg,0844MR0037530210500973C00_DRCL,844,mastcam_right,Float
0181MR0009870200202014D01_DRCL.jpg,3,train,0181MR0009870200202014D01_DRCL,True,data/msl/extracted/msl-labeled-data-set-v2.1/images/0181MR0009870200202014D01_DRCL.jpg,0181MR0009870200202014D01_DRCL,181,mastcam_right,Nearby surface
0864ML0038020040401671E01_DRCL.jpg,3,train,0864ML0038020040401671E01_DRCL,True,data/msl/extracted/msl-labeled-data-set-v2.1/images/0864ML0038020040401671E01_DRCL.jpg,0864ML0038020040401671E01_DRCL,864,mastcam_left,Nearby surface
0171ML0009200060104843D01_DRCL.jpg,3,train,0171ML0009200060104843D01_DRCL,True,data/msl/extracted/msl-labeled-data-set-v2.1/images/0171ML0009200060104843D01_DRCL.jpg,0171ML0009200060104843D01_DRCL,171,mastcam_left,Nearby surface
0825MH0003740000301620I01_DRCL.jpg,1,train,0825MH0003740000301620I01_DRCL,True,data/msl/extracted/msl-labeled-data-set-v2.1/images/0825MH0003740000301620I01_DRCL.jpg,0825MH0003740000301620I01_DRCL,825,mahli,Other rover part
0157MR0008550000201322E01_DRCL.jpg,3,train,0157MR0008550000201322E01_DRCL,True,data/msl/extracted/msl-labeled-data-set-v2.1/images/0157MR0008550000201322E01_DRCL.jpg,0157MR0008550000201322E01_DRCL,157,mastcam_right,Nearby surface
0158MR0008530030201336E01_DRCL.jpg,3,train,0158MR0008530030201336E01_DRCL,True,data/msl/extracted/msl-labeled-data-set-v2.1/images/0158MR0008530030201336E01_DRCL.jpg,0158MR0008530030201336E01_DRCL,158,mastcam_right,Nearby surface
0141ML0008200170104350E01_DRCL.jpg,3,train,0141ML0008200170104350E01_DRCL,True,data/msl/extracted/msl-labeled-data-set-v2.1/images/0141ML0008200170104350E01_DRCL.jpg,0141ML0008200170104350E01_DRCL,141,mastcam_left,Nearby surface
0544ML0021890050203986D01_DRCL.jpg,13,train,0544ML0021890050203986D01_DRCL,True,data/msl/extracted/msl-labeled-data-set-v2.1/images/0544ML0021890050203986D01_DRCL.jpg,0544ML0021890050203986D01_DRCL,544,mastcam_left,Mastcam cal target
0303MR0012610060203824E01_DRCL.jpg,3,train,0303MR0012610060203824E01_DRCL,True,data/msl/extracted/msl-labeled-data-set-v2.1/images/0303MR0012610060203824E01_DRCL.jpg,0303MR0012610060203824E01_DRCL,303,mastcam_right,Nearby surface
0712MR0030300070402539E01_DRCL.jpg,7,train,0712MR0030300070402539E01_DRCL,True,data/msl/extracted/msl-labeled-data-set-v2.1/images/0712MR0030300070402539E01_DRCL.jpg,0712MR0030300070402539E01_DRCL,712,mastcam_right,Distant landscape
0200MR0000470000202855E01_DRCL.jpg,3,train,0200MR0000470000202855E01_DRCL,True,data/msl/extracted/msl-labeled-data-set-v2.1/images/0200MR0000470000202855E01_DRCL.jpg,0200MR0000470000202855E01_DRCL,200,mastcam_right,Nearby surface
0620ML0026030330205142E01_DRCL.jpg,3,train,0620ML0026030330205142E01_DRCL,True,data/msl/extracted/msl-labeled-data-set-v2.1/images/0620ML0026030330205142E01_DRCL.jpg,0620ML0026030330205142E01_DRCL,620,mastcam_left,Nearby surface
0741ML0031820270205553E01_DRCL.jpg,3,train,0741ML0031820270205553E01_DRCL,True,data/msl/extracted/msl-labeled-data-set-v2.1/images/0741ML0031820270205553E01_DRCL.jpg,0741ML0031820270205553E01_DRCL,741,mastcam_left,Nearby surface
0291MH0002750030103318I01_DRCL.jpg,4,train,0291MH0002750030103318I01_DRCL,True,data/msl/extracted/msl-labeled-data-set-v2.1/images/0291MH0002750030103318I01_DRCL.jpg,0291MH0002750030103318I01_DRCL,291,mahli,Close-up rock
0309ML0012750250106696E01_DRCL.jpg,3,train,0309ML0012750250106696E01_DRCL,True,data/msl/extracted/msl-labeled-data-set-v2.1/images/0309ML0012750250106696E01_DRCL.jpg,0309ML0012750250106696E01_DRCL,309,mastcam_left,Nearby surface
0306MR0012670070203937E01_DRCL.jpg,3,train,0306MR0012670070203937E01_DRCL,True,data/msl/extracted/msl-labeled-data-set-v2.1/images/0306MR0012670070203937E01_DRCL.jpg,0306MR0012670070203937E01_DRCL,306,mastcam_right,Nearby surface
0930MH0004760020303067I01_DRCL.jpg,4,train,0930MH0004760020303067I01_DRCL,True,data/msl/extracted/msl-labeled-data-set-v2.1/images/0930MH0004760020303067I01_DRCL.jpg,0930MH0004760020303067I01_DRCL,930,mahli,Close-up rock
0313ML0012860740106882E01_DRCL.jpg,3,train,0313ML0012860740106882E01_DRCL,True,data/msl/extracted/msl-labeled-data-set-v2.1/images/0313ML0012860740106882E01_DRCL.jpg,0313ML0012860740106882E01_DRCL,313,mastcam_left,Nearby surface
0072MR0005590030103614D01_DRCL.jpg,3,train,0072MR0005590030103614D01_DRCL,True,data/msl/extracted/msl-labeled-data-set-v2.1/images/0072MR0005590030103614D01_DRCL.jpg,0072MR0005590030103614D01_DRCL,72,mastcam_right,Nearby surface
0513ML0020190010202901E01_DRCL.jpg,3,train,0513ML0020190010202901E01_DRCL,True,data/msl/extracted/msl-labeled-data-set-v2.1/images/0513ML0020190010202901E01_DRCL.jpg,0513ML0020190010202901E01_DRCL,513,mastcam_left,Nearby surface
0401MR0016600130302278E01_DRCL.jpg,3,train,0401MR0016600130302278E01_DRCL,True,data/msl/extracted/msl-labeled-data-set-v2.1/images/0401MR0016600130302278E01_DRCL.jpg,0401MR0016600130302278E01_DRCL,401,mastcam_right,Nearby surface
0042ML0001830110101918Q01_DRCL.jpg,15,train,0042ML0001830110101918Q01_DRCL,True,data/msl/extracted/msl-labeled-data-set-v2.1/images/0042ML0001830110101918Q01_DRCL.jpg,0042ML0001830110101918Q01_DRCL,42,mastcam_left,Sun
0291MH0001900010103314C00_DRCL.jpg,4,train,0291MH0001900010103314C00_DRCL,True,data/msl/extracted/msl-labeled-data-set-v2.1/images/0291MH0001900010103314C00_DRCL.jpg,0291MH0001900010103314C00_DRCL,291,mahli,Close-up rock
0590MR0024840670400599E01_DRCL.jpg,7,train,0590MR0024840670400599E01_DRCL,True,data/msl/extracted/msl-labeled-data-set-v2.1/images/0590MR0024840670400599E01_DRCL.jpg,0590MR0024840670400599E01_DRCL,590,mastcam_right,Distant landscape
0673ML0028660940303813E01_DRCL.jpg,14,train,0673ML0028660940303813E01_DRCL,True,data/msl/extracted/msl-labeled-data-set-v2.1/images/0673ML0028660940303813E01_DRCL.jpg,0673ML0028660940303813E01_DRCL,673,mastcam_left,Sand
0550MH0001520010201581C00_DRCL.jpg,4,train,0550MH0001520010201581C00_DRCL,True,data/msl/extracted/msl-labeled-data-set-v2.1/images/0550MH0001520010201581C00_DRCL.jpg,0550MH0001520010201581C00_DRCL,550,mahli,Close-up rock
0311ML0012790020106741E01_DRCL.jpg,3,train,0311ML0012790020106741E01_DRCL,True,data/msl/extracted/msl-labeled-data-set-v2.1/images/0311ML0012790020106741E01_DRCL.jpg,0311ML0012790020106741E01_DRCL,311,mastcam_left,Nearby surface
0799MR0034930030500191E01_DRCL.jpg,3,train,0799MR0034930030500191E01_DRCL,True,data/msl/extracted/msl-labeled-data-set-v2.1/images/0799MR0034930030500191E01_DRCL.jpg,0799MR0034930030500191E01_DRCL,799,mastcam_right,Nearby surface
0584MH0003620020202185I01_DRCL.jpg,4,train,0584MH0003620020202185I01_DRCL,True,data/msl/extracted/msl-labeled-data-set-v2.1/images/0584MH0003620020202185I01_DRCL.jpg,0584MH0003620020202185I01_DRCL,584,mahli,Close-up rock
0297MR0012430300203613E01_DRCL.jpg,3,train,0297MR0012430300203613E01_DRCL,True,data/msl/extracted/msl-labeled-data-set-v2.1/images/0297MR0012430300203613E01_DRCL.jpg,0297MR0012430300203613E01_DRCL,297,mastcam_right,Nearby surface
0593ML0024880040301007E01_DRCL.jpg,3,train,0593ML0024880040301007E01_DRCL,True,data/msl/extracted/msl-labeled-data-set-v2.1/images/0593ML0024880040301007E01_DRCL.jpg,0593ML0024880040301007E01_DRCL,593,mastcam_left,Nearby surface
0771MR0033110140403884E01_DRCL.jpg,13,train,0771MR0033110140403884E01_DRCL,True,data/msl/extracted/msl-labeled-data-set-v2.1/images/0771MR0033110140403884E01_DRCL.jpg,0771MR0033110140403884E01_DRCL,771,mastcam_right,Mastcam cal target
0631MR0026080520401682E01_DRCL.jpg,11,train,0631MR0026080520401682E01_DRCL,True,data/msl/extracted/msl-labeled-data-set-v2.1/images/0631MR0026080520401682E01_DRCL.jpg,0631MR0026080520401682E01_DRCL,631,mastcam_right,Layers
0772ML0033160050400145E01_DRCL.jpg,2,train,0772ML0033160050400145E01_DRCL,True,data/msl/extracted/msl-labeled-data-set-v2.1/images/0772ML0033160050400145E01_DRCL.jpg,0772ML0033160050400145E01_DRCL,772,mastcam_left,Artifact
0937MH0004760020303423I01_DRCL.jpg,4,train,0937MH0004760020303423I01_DRCL,True,data/msl/extracted/msl-labeled-data-set-v2.1/images/0937MH0004760020303423I01_DRCL.jpg,0937MH0004760020303423I01_DRCL,937,mahli,Close-up rock
0581MR0024290060400263I01_DRCL.jpg,2,train,0581MR0024290060400263I01_DRCL,True,data/msl/extracted/msl-labeled-data-set-v2.1/images/0581MR0024290060400263I01_DRCL.jpg,0581MR0024290060400263I01_DRCL,581,mastcam_right,Artifact
0901ML0039491210402271C00_DRCL.jpg,14,train,0901ML0039491210402271C00_DRCL,True,data/msl/extracted/msl-labeled-data-set-v2.1/images/0901ML0039491210402271C00_DRCL.jpg,0901ML0039491210402271C00_DRCL,901,mastcam_left,Sand
0640MR0027180140401833D01_DRCL.jpg,3,train,0640MR0027180140401833D01_DRCL,True,data/msl/extracted/msl-labeled-data-set-v2.1/images/0640MR0027180140401833D01_DRCL.jpg,0640MR0027180140401833D01_DRCL,640,mastcam_right,Nearby surface
0398MH0003130000104489I01_DRCL.jpg,2,train,0398MH0003130000104489I01_DRCL,True,data/msl/extracted/msl-labeled-data-set-v2.1/images/0398MH0003130000104489I01_DRCL.jpg,0398MH0003130000104489I01_DRCL,398,mahli,Artifact
0058MH0000300020100469I01_DRCL.jpg,14,train,0058MH0000300020100469I01_DRCL,True,data/msl/extracted/msl-labeled-data-set-v2.1/images/0058MH0000300020100469I01_DRCL.jpg,0058MH0000300020100469I01_DRCL,58,mahli,Sand
0604MR0025500240400920E01_DRCL.jpg,11,train,0604MR0025500240400920E01_DRCL,True,data/msl/extracted/msl-labeled-data-set-v2.1/images/0604MR0025500240400920E01_DRCL.jpg,0604MR0025500240400920E01_DRCL,604,mastcam_right,Layers
0808MH0004460040300784I01_DRCL.jpg,6,train,0808MH0004460040300784I01_DRCL,True,data/msl/extracted/msl-labeled-data-set-v2.1/images/0808MH0004460040300784I01_DRCL.jpg,0808MH0004460040300784I01_DRCL,808,mahli,DRT spot
0843ML0037520380401538C00_DRCL.jpg,11,train,0843ML0037520380401538C00_DRCL,True,data/msl/extracted/msl-labeled-data-set-v2.1/images/0843ML0037520380401538C00_DRCL.jpg,0843ML0037520380401538C00_DRCL,843,mastcam_left,Layers
0059MR0002680030103132E01_DRCL.jpg,14,train,0059MR0002680030103132E01_DRCL,True,data/msl/extracted/msl-labeled-data-set-v2.1/images/0059MR0002680030103132E01_DRCL.jpg,0059MR0002680030103132E01_DRCL,59,mastcam_right,Sand
0921ML0040400490402702C00_DRCL.jpg,14,train,0921ML0040400490402702C00_DRCL,True,data/msl/extracted/msl-labeled-data-set-v2.1/images/0921ML0040400490402702C00_DRCL.jpg,0921ML0040400490402702C00_DRCL,921,mastcam_left,Sand
0313ML0012861110106919E01_DRCL.jpg,3,train,0313ML0012861110106919E01_DRCL,True,data/msl/extracted/msl-labeled-data-set-v2.1/images/0313ML0012861110106919E01_DRCL.jpg,0313ML0012861110106919E01_DRCL,313,mastcam_left,Nearby surface
0232MR0011010060202963E01_DRCL.jpg,3,train,0232MR0011010060202963E01_DRCL,True,data/msl/extracted/msl-labeled-data-set-v2.1/images/0232MR0011010060202963E01_DRCL.jpg,0232MR0011010060202963E01_DRCL,232,mastcam_right,Nearby surface
0037MR0001610020100917D01_DRCL.jpg,10,train,0037MR0001610020100917D01_DRCL,True,data/msl/extracted/msl-labeled-data-set-v2.1/images/0037MR0001610020100917D01_DRCL.jpg,0037MR0001610020100917D01_DRCL,37,mastcam_right,Float
0580MR0024072100400205E01_DRCL.jpg,3,train,0580MR0024072100400205E01_DRCL,True,data/msl/extracted/msl-labeled-data-set-v2.1/images/0580MR0024072100400205E01_DRCL.jpg,0580MR0024072100400205E01_DRCL,580,mastcam_right,Nearby surface
0474ML0018830030202175E01_DRCL.jpg,10,train,0474ML0018830030202175E01_DRCL,True,data/msl/extracted/msl-labeled-data-set-v2.1/images/0474ML0018830030202175E01_DRCL.jpg,0474ML0018830030202175E01_DRCL,474,mastcam_left,Float
0899ML0039410110402110C00_DRCL.jpg,3,train,0899ML0039410110402110C00_DRCL,True,data/msl/extracted/msl-labeled-data-set-v2.1/images/0899ML0039410110402110C00_DRCL.jpg,0899ML0039410110402110C00_DRCL,899,mastcam_left,Nearby surface
0905MH0002970020302825I01_DRCL.jpg,6,train,0905MH0002970020302825I01_DRCL,True,data/msl/extracted/msl-labeled-data-set-v2.1/images/0905MH0002970020302825I01_DRCL.jpg,0905MH0002970020302825I01_DRCL,905,mahli,DRT spot
0832MR0036530020500687E01_DRCL.jpg,6,train,0832MR0036530020500687E01_DRCL,True,data/msl/extracted/msl-labeled-data-set-v2.1/images/0832MR0036530020500687E01_DRCL.jpg,0832MR0036530020500687E01_DRCL,832,mastcam_right,DRT spot
0315ML0012910080107134E01_DRCL.jpg,3,train,0315ML0012910080107134E01_DRCL,True,data/msl/extracted/msl-labeled-data-set-v2.1/images/0315ML0012910080107134E01_DRCL.jpg,0315ML0012910080107134E01_DRCL,315,mastcam_left,Nearby surface
0826MR0036290020500567E01_DRCL.jpg,14,train,0826MR0036290020500567E01_DRCL,True,data/msl/extracted/msl-labeled-data-set-v2.1/images/0826MR0036290020500567E01_DRCL.jpg,0826MR0036290020500567E01_DRCL,826,mastcam_right,Sand
0935MH0004770060303316I01_DRCL.jpg,4,train,0935MH0004770060303316I01_DRCL,True,data/msl/extracted/msl-labeled-data-set-v2.1/images/0935MH0004770060303316I01_DRCL.jpg,0935MH0004770060303316I01_DRCL,935,mahli,Close-up rock
0084MH0000710000100920E01_DRCL.jpg,14,train,0084MH0000710000100920E01_DRCL,True,data/msl/extracted/msl-labeled-data-set-v2.1/images/0084MH0000710000100920E01_DRCL.jpg,0084MH0000710000100920E01_DRCL,84,mahli,Sand
0615MH0003960010203436C00_DRCL.jpg,14,train,0615MH0003960010203436C00_DRCL,True,data/msl/extracted/msl-labeled-data-set-v2.1/images/0615MH0003960010203436C00_DRCL.jpg,0615MH0003960010203436C00_DRCL,615,mahli,Sand
0306MR0012660420203927E01_DRCL.jpg,14,train,0306MR0012660420203927E01_DRCL,True,data/msl/extracted/msl-labeled-data-set-v2.1/images/0306MR0012660420203927E01_DRCL.jpg,0306MR0012660420203927E01_DRCL,306,mastcam_right,Sand
0917ML0010360010402568C00_DRCL.jpg,10,train,0917ML0010360010402568C00_DRCL,True,data/msl/extracted/msl-labeled-data-set-v2.1/images/0917ML0010360010402568C00_DRCL.jpg,0917ML0010360010402568C00_DRCL,917,mastcam_left,Float
0628MH0004110020203700I01_DRCL.jpg,8,train,0628MH0004110020203700I01_DRCL,True,data/msl/extracted/msl-labeled-data-set-v2.1/images/0628MH0004110020203700I01_DRCL.jpg,0628MH0004110020203700I01_DRCL,628,mahli,Drill hole
0617ML0026000660301906E01_DRCL.jpg,3,train,0617ML0026000660301906E01_DRCL,True,data/msl/extracted/msl-labeled-data-set-v2.1/images/0617ML0026000660301906E01_DRCL.jpg,0617ML0026000660301906E01_DRCL,617,mastcam_left,Nearby surface
0833MH0004550020301885I01_DRCL.jpg,11,train,0833MH0004550020301885I01_DRCL,True,data/msl/extracted/msl-labeled-data-set-v2.1/images/0833MH0004550020301885I01_DRCL.jpg,0833MH0004550020301885I01_DRCL,833,mahli,Layers
0469MR0018670030302852I01_DRCL.jpg,3,train,0469MR0018670030302852I01_DRCL,True,data/msl/extracted/msl-labeled-data-set-v2.1/images/0469MR0018670030302852I01_DRCL.jpg,0469MR0018670030302852I01_DRCL,469,mastcam_right,Nearby surface
0364ML0014810110108569E01_DRCL.jpg,7,train,0364ML0014810110108569E01_DRCL,True,data/msl/extracted/msl-labeled-data-set-v2.1/images/0364ML0014810110108569E01_DRCL.jpg,0364ML0014810110108569E01_DRCL,364,mastcam_left,Distant landscape
0817ML0036020010401088E01_DRCL.jpg,3,train,0817ML0036020010401088E01_DRCL,True,data/msl/extracted/msl-labeled-data-set-v2.1/images/0817ML0036020010401088E01_DRCL.jpg,0817ML0036020010401088E01_DRCL,817,mastcam_left,Nearby surface
0728ML0031230000305119D01_DRCL.jpg,13,train,0728ML0031230000305119D01_DRCL,True,data/msl/extracted/msl-labeled-data-set-v2.1/images/0728ML0031230000305119D01_DRCL.jpg,0728ML0031230000305119D01_DRCL,728,mastcam_left,Mastcam cal target
0741ML0031820530205579E01_DRCL.jpg,3,train,0741ML0031820530205579E01_DRCL,True,data/msl/extracted/msl-labeled-data-set-v2.1/images/0741ML0031820530205579E01_DRCL.jpg,0741ML0031820530205579E01_DRCL,741,mastcam_left,Nearby surface
0298MR0012480030203681D01_DRCL.jpg,3,train,0298MR0012480030203681D01_DRCL,True,data/msl/extracted/msl-labeled-data-set-v2.1/images/0298MR0012480030203681D01_DRCL.jpg,0298MR0012480030203681D01_DRCL,298,mastcam_right,Nearby surface
0311MR0012790260204120E01_DRCL.jpg,3,train,0311MR0012790260204120E01_DRCL,True,data/msl/extracted/msl-labeled-data-set-v2.1/images/0311MR0012790260204120E01_DRCL.jpg,0311MR0012790260204120E01_DRCL,311,mastcam_right,Nearby surface
0282MH0002360040103179C00_DRCL.jpg,1,train,0282MH0002360040103179C00_DRCL,True,data/msl/extracted/msl-labeled-data-set-v2.1/images/0282MH0002360040103179C00_DRCL.jpg,0282MH0002360040103179C00_DRCL,282,mahli,Other rover part
0158MH0001830030101575I01_DRCL.jpg,4,train,0158MH0001830030101575I01_DRCL,True,data/msl/extracted/msl-labeled-data-set-v2.1/images/0158MH0001830030101575I01_DRCL.jpg,0158MH0001830030101575I01_DRCL,158,mahli,Close-up rock
0590ML0024840880300801E01_DRCL.jpg,3,train,0590ML0024840880300801E01_DRCL,True,data/msl/extracted/msl-labeled-data-set-v2.1/images/0590ML0024840880300801E01_DRCL.jpg,0590ML0024840880300801E01_DRCL,590,mastcam_left,Nearby surface
0149MH0001660020101305I01_DRCL.jpg,4,train,0149MH0001660020101305I01_DRCL,True,data/msl/extracted/msl-labeled-data-set-v2.1/images/0149MH0001660020101305I01_DRCL.jpg,0149MH0001660020101305I01_DRCL,149,mahli,Close-up rock
0025MR0001210550100690D01_DRCL.jpg,7,train,0025MR0001210550100690D01_DRCL,True,data/msl/extracted/msl-labeled-data-set-v2.1/images/0025MR0001210550100690D01_DRCL.jpg,0025MR0001210550100690D01_DRCL,25,mastcam_right,Distant landscape
0319ML0013070090107736E01_DRCL.jpg,3,train,0319ML0013070090107736E01_DRCL,True,data/msl/extracted/msl-labeled-data-set-v2.1/images/0319ML0013070090107736E01_DRCL.jpg,0319ML0013070090107736E01_DRCL,319,mastcam_left,Nearby surface
0674MH0002910010203949C00_DRCL.jpg,4,train,0674MH0002910010203949C00_DRCL,True,data/msl/extracted/msl-labeled-data-set-v2.1/images/0674MH0002910010203949C00_DRCL.jpg,0674MH0002910010203949C00_DRCL,674,mahli,Close-up rock
0905MH0001900010302815I01_DRCL.jpg,4,train,0905MH0001900010302815I01_DRCL,True,data/msl/extracted/msl-labeled-data-set-v2.1/images/0905MH0001900010302815I01_DRCL.jpg,0905MH0001900010302815I01_DRCL,905,mahli,Close-up rock
0628MH0004100020203658I01_DRCL.jpg,8,train,0628MH0004100020203658I01_DRCL,True,data/msl/extracted/msl-labeled-data-set-v2.1/images/0628MH0004100020203658I01_DRCL.jpg,0628MH0004100020203658I01_DRCL,628,mahli,Drill hole
0292MH0002870060103498I01_DRCL.jpg,4,train,0292MH0002870060103498I01_DRCL,True,data/msl/extracted/msl-labeled-data-set-v2.1/images/0292MH0002870060103498I01_DRCL.jpg,0292MH0002870060103498I01_DRCL,292,mahli,Close-up rock
0108ML0006830410103285E01_DRCL.jpg,3,train,0108ML0006830410103285E01_DRCL,True,data/msl/extracted/msl-labeled-data-set-v2.1/images/0108ML0006830410103285E01_DRCL.jpg,0108ML0006830410103285E01_DRCL,108,mastcam_left,Nearby surface
0530ML0021050520203371E01_DRCL.jpg,3,train,0530ML0021050520203371E01_DRCL,True,data/msl/extracted/msl-labeled-data-set-v2.1/images/0530ML0021050520203371E01_DRCL.jpg,0530ML0021050520203371E01_DRCL,530,mastcam_left,Nearby surface
0751MR0032280400403632E01_DRCL.jpg,3,train,0751MR0032280400403632E01_DRCL,True,data/msl/extracted/msl-labeled-data-set-v2.1/images/0751MR0032280400403632E01_DRCL.jpg,0751MR0032280400403632E01_DRCL,751,mastcam_right,Nearby surface
0531MH0003470020201216I01_DRCL.jpg,4,train,0531MH0003470020201216I01_DRCL,True,data/msl/extracted/msl-labeled-data-set-v2.1/images/0531MH0003470020201216I01_DRCL.jpg,0531MH0003470020201216I01_DRCL,531,mahli,Close-up rock
0437ML0017810910201576E01_DRCL.jpg,3,train,0437ML0017810910201576E01_DRCL,True,data/msl/extracted/msl-labeled-data-set-v2.1/images/0437ML0017810910201576E01_DRCL.jpg,0437ML0017810910201576E01_DRCL,437,mastcam_left,Nearby surface
0186ML0009271340105615E01_DRCL.jpg,3,train,0186ML0009271340105615E01_DRCL,True,data/msl/extracted/msl-labeled-data-set-v2.1/images/0186ML0009271340105615E01_DRCL.jpg,0186ML0009271340105615E01_DRCL,186,mastcam_left,Nearby surface
0790ML0034450010400551E01_DRCL.jpg,3,train,0790ML0034450010400551E01_DRCL,True,data/msl/extracted/msl-labeled-data-set-v2.1/images/0790ML0034450010400551E01_DRCL.jpg,0790ML0034450010400551E01_DRCL,790,mastcam_left,Nearby surface
0301MR0012560130203775D01_DRCL.jpg,3,train,0301MR0012560130203775D01_DRCL,True,data/msl/extracted/msl-labeled-data-set-v2.1/images/0301MR0012560130203775D01_DRCL.jpg,0301MR0012560130203775D01_DRCL,301,mastcam_right,Nearby surface
0585MH0001730020202672I01_DRCL.jpg,4,train,0585MH0001730020202672I01_DRCL,True,data/msl/extracted/msl-labeled-data-set-v2.1/images/0585MH0001730020202672I01_DRCL.jpg,0585MH0001730020202672I01_DRCL,585,mahli,Close-up rock
0620MR0026030630401552E01_DRCL.jpg,3,train,0620MR0026030630401552E01_DRCL,True,data/msl/extracted/msl-labeled-data-set-v2.1/images/0620MR0026030630401552E01_DRCL.jpg,0620MR0026030630401552E01_DRCL,620,mastcam_right,Nearby surface
0141MR0008200300201126E01_DRCL.jpg,3,train,0141MR0008200300201126E01_DRCL,True,data/msl/extracted/msl-labeled-data-set-v2.1/images/0141MR0008200300201126E01_DRCL.jpg,0141MR0008200300201126E01_DRCL,141,mastcam_right,Nearby surface
0872ML0038230020401748D01_DRCL.jpg,3,train,0872ML0038230020401748D01_DRCL,True,data/msl/extracted/msl-labeled-data-set-v2.1/images/0872ML0038230020401748D01_DRCL.jpg,0872ML0038230020401748D01_DRCL,872,mastcam_left,Nearby surface
0186ML0009270970105578E01_DRCL.jpg,3,train,0186ML0009270970105578E01_DRCL,True,data/msl/extracted/msl-labeled-data-set-v2.1/images/0186ML0009270970105578E01_DRCL.jpg,0186ML0009270970105578E01_DRCL,186,mastcam_left,Nearby surface
0344ML0013960230108162E01_DRCL.jpg,7,train,0344ML0013960230108162E01_DRCL,True,data/msl/extracted/msl-labeled-data-set-v2.1/images/0344ML0013960230108162E01_DRCL.jpg,0344ML0013960230108162E01_DRCL,344,mastcam_left,Distant landscape
0052MR0002390010102984E01_DRCL.jpg,3,train,0052MR0002390010102984E01_DRCL,True,data/msl/extracted/msl-labeled-data-set-v2.1/images/0052MR0002390010102984E01_DRCL.jpg,0052MR0002390010102984E01_DRCL,52,mastcam_right,Nearby surface
0883ML0038510050401803I01_DRCL.jpg,2,train,0883ML0038510050401803I01_DRCL,True,data/msl/extracted/msl-labeled-data-set-v2.1/images/0883ML0038510050401803I01_DRCL.jpg,0883ML0038510050401803I01_DRCL,883,mastcam_left,Artifact
0530ML0021050330203352E01_DRCL.jpg,7,train,0530ML0021050330203352E01_DRCL,True,data/msl/extracted/msl-labeled-data-set-v2.1/images/0530ML0021050330203352E01_DRCL.jpg,0530ML0021050330203352E01_DRCL,530,mastcam_left,Distant landscape
0619MR0026020720401465E01_DRCL.jpg,3,train,0619MR0026020720401465E01_DRCL,True,data/msl/extracted/msl-labeled-data-set-v2.1/images/0619MR0026020720401465E01_DRCL.jpg,0619MR0026020720401465E01_DRCL,619,mastcam_right,Nearby surface
0489MR0019440000303037E01_DRCL.jpg,3,train,0489MR0019440000303037E01_DRCL,True,data/msl/extracted/msl-labeled-data-set-v2.1/images/0489MR0019440000303037E01_DRCL.jpg,0489MR0019440000303037E01_DRCL,489,mastcam_right,Nearby surface
0590ML0024810130300642E01_DRCL.jpg,3,train,0590ML0024810130300642E01_DRCL,True,data/msl/extracted/msl-labeled-data-set-v2.1/images/0590ML0024810130300642E01_DRCL.jpg,0590ML0024810130300642E01_DRCL,590,mastcam_left,Nearby surface
0323MH0001680020104047I01_DRCL.jpg,4,train,0323MH0001680020104047I01_DRCL,True,data/msl/extracted/msl-labeled-data-set-v2.1/images/0323MH0001680020104047I01_DRCL.jpg,0323MH0001680020104047I01_DRCL,323,mahli,Close-up rock
0537MH0002240020201354I01_DRCL.jpg,4,train,0537MH0002240020201354I01_DRCL,True,data/msl/extracted/msl-labeled-data-set-v2.1/images/0537MH0002240020201354I01_DRCL.jpg,0537MH0002240020201354I01_DRCL,537,mahli,Close-up rock
0910MH0004110020302928I01_DRCL.jpg,8,train,0910MH0004110020302928I01_DRCL,True,data/msl/extracted/msl-labeled-data-set-v2.1/images/0910MH0004110020302928I01_DRCL.jpg,0910MH0004110020302928I01_DRCL,910,mahli,Drill hole
0314ML0012871070107100E01_DRCL.jpg,14,train,0314ML0012871070107100E01_DRCL,True,data/msl/extracted/msl-labeled-data-set-v2.1/images/0314ML0012871070107100E01_DRCL.jpg,0314ML0012871070107100E01_DRCL,314,mastcam_left,Sand
0045MR0002080080102590E01_DRCL.jpg,7,train,0045MR0002080080102590E01_DRCL,True,data/msl/extracted/msl-labeled-data-set-v2.1/images/0045MR0002080080102590E01_DRCL.jpg,0045MR0002080080102590E01_DRCL,45,mastcam_right,Distant landscape
0731MR0031310000402985E01_DRCL.jpg,3,train,0731MR0031310000402985E01_DRCL,True,data/msl/extracted/msl-labeled-data-set-v2.1/images/0731MR0031310000402985E01_DRCL.jpg,0731MR0031310000402985E01_DRCL,731,mastcam_right,Nearby surface
0813MH0002970020301097I01_DRCL.jpg,4,train,0813MH0002970020301097I01_DRCL,True,data/msl/extracted/msl-labeled-data-set-v2.1/images/0813MH0002970020301097I01_DRCL.jpg,0813MH0002970020301097I01_DRCL,813,mahli,Close-up rock
0938ML0041190150402953I01_DRCL.jpg,3,train,0938ML0041190150402953I01_DRCL,True,data/msl/extracted/msl-labeled-data-set-v2.1/images/0938ML0041190150402953I01_DRCL.jpg,0938ML0041190150402953I01_DRCL,938,mastcam_left,Nearby surface
0566MR0022970170303983E01_DRCL.jpg,3,train,0566MR0022970170303983E01_DRCL,True,data/msl/extracted/msl-labeled-data-set-v2.1/images/0566MR0022970170303983E01_DRCL.jpg,0566MR0022970170303983E01_DRCL,566,mastcam_right,Nearby surface
0614ML0025950000301805D01_DRCL.jpg,13,train,0614ML0025950000301805D01_DRCL,True,data/msl/extracted/msl-labeled-data-set-v2.1/images/0614ML0025950000301805D01_DRCL.jpg,0614ML0025950000301805D01_DRCL,614,mastcam_left,Mastcam cal target
0821MR0036170040500526C00_DRCL.jpg,11,train,0821MR0036170040500526C00_DRCL,True,data/msl/extracted/msl-labeled-data-set-v2.1/images/0821MR0036170040500526C00_DRCL.jpg,0821MR0036170040500526C00_DRCL,821,mastcam_right,Layers
0161MH0001940020101833I01_DRCL.jpg,4,train,0161MH0001940020101833I01_DRCL,True,data/msl/extracted/msl-labeled-data-set-v2.1/images/0161MH0001940020101833I01_DRCL.jpg,0161MH0001940020101833I01_DRCL,161,mahli,Close-up rock
0837ML0036750060401312D01_DRCL.jpg,3,train,0837ML0036750060401312D01_DRCL,True,data/msl/extracted/msl-labeled-data-set-v2.1/images/0837ML0036750060401312D01_DRCL.jpg,0837ML0036750060401312D01_DRCL,837,mastcam_left,Nearby surface
0656ML0027810020303144E01_DRCL.jpg,7,train,0656ML0027810020303144E01_DRCL,True,data/msl/extracted/msl-labeled-data-set-v2.1/images/0656ML0027810020303144E01_DRCL.jpg,0656ML0027810020303144E01_DRCL,656,mastcam_left,Distant landscape
0154MH0001730020101474I01_DRCL.jpg,4,train,0154MH0001730020101474I01_DRCL,True,data/msl/extracted/msl-labeled-data-set-v2.1/images/0154MH0001730020101474I01_DRCL.jpg,0154MH0001730020101474I01_DRCL,154,mahli,Close-up rock
0537MH0001730020201396I01_DRCL.jpg,4,train,0537MH0001730020201396I01_DRCL,True,data/msl/extracted/msl-labeled-data-set-v2.1/images/0537MH0001730020201396I01_DRCL.jpg,0537MH0001730020201396I01_DRCL,537,mahli,Close-up rock
0528MR0020860070303303E01_DRCL.jpg,14,train,0528MR0020860070303303E01_DRCL,True,data/msl/extracted/msl-labeled-data-set-v2.1/images/0528MR0020860070303303E01_DRCL.jpg,0528MR0020860070303303E01_DRCL,528,mastcam_right,Sand
0512MH0003410020200838I01_DRCL.jpg,4,train,0512MH0003410020200838I01_DRCL,True,data/msl/extracted/msl-labeled-data-set-v2.1/images/0512MH0003410020200838I01_DRCL.jpg,0512MH0003410020200838I01_DRCL,512,mahli,Close-up rock
0468ML0018660100202013C00_DRCL.jpg,7,train,0468ML0018660100202013C00_DRCL,True,data/msl/extracted/msl-labeled-data-set-v2.1/images/0468ML0018660100202013C00_DRCL.jpg,0468ML0018660100202013C00_DRCL,468,mastcam_left,Distant landscape
0587ML0024500000300452D01_DRCL.jpg,13,train,0587ML0024500000300452D01_DRCL,True,data/msl/extracted/msl-labeled-data-set-v2.1/images/0587ML0024500000300452D01_DRCL.jpg,0587ML0024500000300452D01_DRCL,587,mastcam_left,Mastcam cal target
0441MR0018130110302736E01_DRCL.jpg,3,train,0441MR0018130110302736E01_DRCL,True,data/msl/extracted/msl-labeled-data-set-v2.1/images/0441MR0018130110302736E01_DRCL.jpg,0441MR0018130110302736E01_DRCL,441,mastcam_right,Nearby surface
0172MR0009240130201694E01_DRCL.jpg,3,train,0172MR0009240130201694E01_DRCL,True,data/msl/extracted/msl-labeled-data-set-v2.1/images/0172MR0009240130201694E01_DRCL.jpg,0172MR0009240130201694E01_DRCL,172,mastcam_right,Nearby surface
0159MR0008640210201376E01_DRCL.jpg,3,train,0159MR0008640210201376E01_DRCL,True,data/msl/extracted/msl-labeled-data-set-v2.1/images/0159MR0008640210201376E01_DRCL.jpg,0159MR0008640210201376E01_DRCL,159,mastcam_right,Nearby surface
0591MH0003760030203076I01_DRCL.jpg,4,train,0591MH0003760030203076I01_DRCL,True,data/msl/extracted/msl-labeled-data-set-v2.1/images/0591MH0003760030203076I01_DRCL.jpg,0591MH0003760030203076I01_DRCL,591,mahli,Close-up rock
0319ML0013050070107682E01_DRCL.jpg,3,train,0319ML0013050070107682E01_DRCL,True,data/msl/extracted/msl-labeled-data-set-v2.1/images/0319ML0013050070107682E01_DRCL.jpg,0319ML0013050070107682E01_DRCL,319,mastcam_left,Nearby surface
0303ML0012610060106480I01_DRCL.jpg,3,train,0303ML0012610060106480I01_DRCL,True,data/msl/extracted/msl-labeled-data-set-v2.1/images/0303ML0012610060106480I01_DRCL.jpg,0303ML0012610060106480I01_DRCL,303,mastcam_left,Nearby surface
0056ML0002590050102285D01_DRCL.jpg,15,train,0056ML0002590050102285D01_DRCL,True,data/msl/extracted/msl-labeled-data-set-v2.1/images/0056ML0002590050102285D01_DRCL.jpg,0056ML0002590050102285D01_DRCL,56,mastcam_left,Sun
0590ML0024830230300676E01_DRCL.jpg,3,train,0590ML0024830230300676E01_DRCL,True,data/msl/extracted/msl-labeled-data-set-v2.1/images/0590ML0024830230300676E01_DRCL.jpg,0590ML0024830230300676E01_DRCL,590,mastcam_left,Nearby surface
0316MR0012970060300490E01_DRCL.jpg,3,train,0316MR0012970060300490E01_DRCL,True,data/msl/extracted/msl-labeled-data-set-v2.1/images/0316MR0012970060300490E01_DRCL.jpg,0316MR0012970060300490E01_DRCL,316,mastcam_right,Nearby surface
0587MR0024500140400390E01_DRCL.jpg,13,train,0587MR0024500140400390E01_DRCL,True,data/msl/extracted/msl-labeled-data-set-v2.1/images/0587MR0024500140400390E01_DRCL.jpg,0587MR0024500140400390E01_DRCL,587,mastcam_right,Mastcam cal target
0766MR0032950050403846C00_DRCL.jpg,14,train,0766MR0032950050403846C00_DRCL,True,data/msl/extracted/msl-labeled-data-set-v2.1/images/0766MR0032950050403846C00_DRCL.jpg,0766MR0032950050403846C00_DRCL,766,mastcam_right,Sand
0882MH0003900000302464E01_DRCL.jpg,3,train,0882MH0003900000302464E01_DRCL,True,data/msl/extracted/msl-labeled-data-set-v2.1/images/0882MH0003900000302464E01_DRCL.jpg,0882MH0003900000302464E01_DRCL,882,mahli,Nearby surface
0234MR0011140560203187D01_DRCL.jpg,3,train,0234MR0011140560203187D01_DRCL,True,data/msl/extracted/msl-labeled-data-set-v2.1/images/0234MR0011140560203187D01_DRCL.jpg,0234MR0011140560203187D01_DRCL,234,mastcam_right,Nearby surface
0868MH0003900000302241E01_DRCL.jpg,3,train,0868MH0003900000302241E01_DRCL,True,data/msl/extracted/msl-labeled-data-set-v2.1/images/0868MH0003900000302241E01_DRCL.jpg,0868MH0003900000302241E01_DRCL,868,mahli,Nearby surface
0017MR0000510080100114C00_DRCL.jpg,3,train,0017MR0000510080100114C00_DRCL,True,data/msl/extracted/msl-labeled-data-set-v2.1/images/0017MR0000510080100114C00_DRCL.jpg,0017MR0000510080100114C00_DRCL,17,mastcam_right,Nearby surface
0128MR0007900010200820E01_DRCL.jpg,3,train,0128MR0007900010200820E01_DRCL,True,data/msl/extracted/msl-labeled-data-set-v2.1/images/0128MR0007900010200820E01_DRCL.jpg,0128MR0007900010200820E01_DRCL,128,mastcam_right,Nearby surface
0782MR0033730050404150I01_DRCL.jpg,2,train,0782MR0033730050404150I01_DRCL,True,data/msl/extracted/msl-labeled-data-set-v2.1/images/0782MR0033730050404150I01_DRCL.jpg,0782MR0033730050404150I01_DRCL,782,mastcam_right,Artifact
0618ML0026010340302082E01_DRCL.jpg,3,train,0618ML0026010340302082E01_DRCL,True,data/msl/extracted/msl-labeled-data-set-v2.1/images/0618ML0026010340302082E01_DRCL.jpg,0618ML0026010340302082E01_DRCL,618,mastcam_left,Nearby surface
0584MH0003620020202207I01_DRCL.jpg,4,train,0584MH0003620020202207I01_DRCL,True,data/msl/extracted/msl-labeled-data-set-v2.1/images/0584MH0003620020202207I01_DRCL.jpg,0584MH0003620020202207I01_DRCL,584,mahli,Close-up rock
0603ML0025440100301358E01_DRCL.jpg,7,train,0603ML0025440100301358E01_DRCL,True,data/msl/extracted/msl-labeled-data-set-v2.1/images/0603ML0025440100301358E01_DRCL.jpg,0603ML0025440100301358E01_DRCL,603,mastcam_left,Distant landscape
0177MH0001110020102435I01_DRCL.jpg,2,train,0177MH0001110020102435I01_DRCL,True,data/msl/extracted/msl-labeled-data-set-v2.1/images/0177MH0001110020102435I01_DRCL.jpg,0177MH0001110020102435I01_DRCL,177,mahli,Artifact
0815MH0002970020301422I01_DRCL.jpg,6,train,0815MH0002970020301422I01_DRCL,True,data/msl/extracted/msl-labeled-data-set-v2.1/images/0815MH0002970020301422I01_DRCL.jpg,0815MH0002970020301422I01_DRCL,815,mahli,DRT spot
0888MH0001520020302657I01_DRCL.jpg,4,train,0888MH0001520020302657I01_DRCL,True,data/msl/extracted/msl-labeled-data-set-v2.1/images/0888MH0001520020302657I01_DRCL.jpg,0888MH0001520020302657I01_DRCL,888,mahli,Close-up rock
0486ML0019180010202264C00_DRCL.jpg,3,train,0486ML0019180010202264C00_DRCL,True,data/msl/extracted/msl-labeled-data-set-v2.1/images/0486ML0019180010202264C00_DRCL.jpg,0486ML0019180010202264C00_DRCL,486,mastcam_left,Nearby surface
0558MH0003350000201682I01_DRCL.jpg,4,train,0558MH0003350000201682I01_DRCL,True,data/msl/extracted/msl-labeled-data-set-v2.1/images/0558MH0003350000201682I01_DRCL.jpg,0558MH0003350000201682I01_DRCL,558,mahli,Close-up rock
0315MR0012910680300384E01_DRCL.jpg,3,train,0315MR0012910680300384E01_DRCL,True,data/msl/extracted/msl-labeled-data-set-v2.1/images/0315MR0012910680300384E01_DRCL.jpg,0315MR0012910680300384E01_DRCL,315,mastcam_right,Nearby surface
0398MH0001480010104528C00_DRCL.jpg,4,train,0398MH0001480010104528C00_DRCL,True,data/msl/extracted/msl-labeled-data-set-v2.1/images/0398MH0001480010104528C00_DRCL.jpg,0398MH0001480010104528C00_DRCL,398,mahli,Close-up rock
0746ML0032080280205811E01_DRCL.jpg,11,train,0746ML0032080280205811E01_DRCL,True,data/msl/extracted/msl-labeled-data-set-v2.1/images/0746ML0032080280205811E01_DRCL.jpg,0746ML0032080280205811E01_DRCL,746,mastcam_left,Layers
0540MR0021310750303539E01_DRCL.jpg,3,train,0540MR0021310750303539E01_DRCL,True,data/msl/extracted/msl-labeled-data-set-v2.1/images/0540MR0021310750303539E01_DRCL.jpg,0540MR0021310750303539E01_DRCL,540,mastcam_right,Nearby surface
0551ML0022300210204333E01_DRCL.jpg,11,train,0551ML0022300210204333E01_DRCL,True,data/msl/extracted/msl-labeled-data-set-v2.1/images/0551ML0022300210204333E01_DRCL.jpg,0551ML0022300210204333E01_DRCL,551,mastcam_left,Layers
0843ML0037520340401534C00_DRCL.jpg,10,train,0843ML0037520340401534C00_DRCL,True,data/msl/extracted/msl-labeled-data-set-v2.1/images/0843ML0037520340401534C00_DRCL.jpg,0843ML0037520340401534C00_DRCL,843,mastcam_left,Float
0416MR0017120080302380E01_DRCL.jpg,10,train,0416MR0017120080302380E01_DRCL,True,data/msl/extracted/msl-labeled-data-set-v2.1/images/0416MR0017120080302380E01_DRCL.jpg,0416MR0017120080302380E01_DRCL,416,mastcam_right,Float
0710ML0030160030304672E01_DRCL.jpg,7,train,0710ML0030160030304672E01_DRCL,True,data/msl/extracted/msl-labeled-data-set-v2.1/images/0710ML0030160030304672E01_DRCL.jpg,0710ML0030160030304672E01_DRCL,710,mastcam_left,Distant landscape
0797ML0034870020400772E01_DRCL.jpg,14,train,0797ML0034870020400772E01_DRCL,True,data/msl/extracted/msl-labeled-data-set-v2.1/images/0797ML0034870020400772E01_DRCL.jpg,0797ML0034870020400772E01_DRCL,797,mastcam_left,Sand
0054MR0002480150103048E01_DRCL.jpg,10,train,0054MR0002480150103048E01_DRCL,True,data/msl/extracted/msl-labeled-data-set-v2.1/images/0054MR0002480150103048E01_DRCL.jpg,0054MR0002480150103048E01_DRCL,54,mastcam_right,Float
0751MR0032280650403657E01_DRCL.jpg,3,train,0751MR0032280650403657E01_DRCL,True,data/msl/extracted/msl-labeled-data-set-v2.1/images/0751MR0032280650403657E01_DRCL.jpg,0751MR0032280650403657E01_DRCL,751,mastcam_right,Nearby surface
0619MR0026020580401451E01_DRCL.jpg,10,train,0619MR0026020580401451E01_DRCL,True,data/msl/extracted/msl-labeled-data-set-v2.1/images/0619MR0026020580401451E01_DRCL.jpg,0619MR0026020580401451E01_DRCL,619,mastcam_right,Float
0161MH0001680020101826I01_DRCL.jpg,4,train,0161MH0001680020101826I01_DRCL,True,data/msl/extracted/msl-labeled-data-set-v2.1/images/0161MH0001680020101826I01_DRCL.jpg,0161MH0001680020101826I01_DRCL,161,mahli,Close-up rock
0595ML0025090260301124E01_DRCL.jpg,3,train,0595ML0025090260301124E01_DRCL,True,data/msl/extracted/msl-labeled-data-set-v2.1/images/0595ML0025090260301124E01_DRCL.jpg,0595ML0025090260301124E01_DRCL,595,mastcam_left,Nearby surface
0767MR0033080010403854E01_DRCL.jpg,3,train,0767MR0033080010403854E01_DRCL,True,data/msl/extracted/msl-labeled-data-set-v2.1/images/0767MR0033080010403854E01_DRCL.jpg,0767MR0033080010403854E01_DRCL,767,mastcam_right,Nearby surface
0487MH0001820020200429C00_DRCL.jpg,14,train,0487MH0001820020200429C00_DRCL,True,data/msl/extracted/msl-labeled-data-set-v2.1/images/0487MH0001820020200429C00_DRCL.jpg,0487MH0001820020200429C00_DRCL,487,mahli,Sand
0270MH0002240000102897I01_DRCL.jpg,4,train,0270MH0002240000102897I01_DRCL,True,data/msl/extracted/msl-labeled-data-set-v2.1/images/0270MH0002240000102897I01_DRCL.jpg,0270MH0002240000102897I01_DRCL,270,mahli,Close-up rock
0620ML0026500010302256D01_DRCL.jpg,13,train,0620ML0026500010302256D01_DRCL,True,data/msl/extracted/msl-labeled-data-set-v2.1/images/0620ML0026500010302256D01_DRCL.jpg,0620ML0026500010302256D01_DRCL,620,mastcam_left,Mastcam cal target
0393ML0016230000200591I01_DRCL.jpg,3,train,0393ML0016230000200591I01_DRCL,True,data/msl/extracted/msl-labeled-data-set-v2.1/images/0393ML0016230000200591I01_DRCL.jpg,0393ML0016230000200591I01_DRCL,393,mastcam_left,Nearby surface
0192MR0010170790202563E01_DRCL.jpg,3,train,0192MR0010170790202563E01_DRCL,True,data/msl/extracted/msl-labeled-data-set-v2.1/images/0192MR0010170790202563E01_DRCL.jpg,0192MR0010170790202563E01_DRCL,192,mastcam_right,Nearby surface
0270MR0011860280203251D01_DRCL.jpg,12,train,0270MR0011860280203251D01_DRCL,True,data/msl/extracted/msl-labeled-data-set-v2.1/images/0270MR0011860280203251D01_DRCL.jpg,0270MR0011860280203251D01_DRCL,270,mastcam_right,Light-toned veins
0172ML0009230030104860D01_DRCL.jpg,3,train,0172ML0009230030104860D01_DRCL,True,data/msl/extracted/msl-labeled-data-set-v2.1/images/0172ML0009230030104860D01_DRCL.jpg,0172ML0009230030104860D01_DRCL,172,mastcam_left,Nearby surface
0516MH0002910020200979I01_DRCL.jpg,4,train,0516MH0002910020200979I01_DRCL,True,data/msl/extracted/msl-labeled-data-set-v2.1/images/0516MH0002910020200979I01_DRCL.jpg,0516MH0002910020200979I01_DRCL,516,mahli,Close-up rock
0275ML0011970030106206I01_DRCL.jpg,15,train,0275ML0011970030106206I01_DRCL,True,data/msl/extracted/msl-labeled-data-set-v2.1/images/0275ML0011970030106206I01_DRCL.jpg,0275ML0011970030106206I01_DRCL,275,mastcam_left,Sun
0309MR0012750570204083E01_DRCL.jpg,3,train,0309MR0012750570204083E01_DRCL,True,data/msl/extracted/msl-labeled-data-set-v2.1/images/0309MR0012750570204083E01_DRCL.jpg,0309MR0012750570204083E01_DRCL,309,mastcam_right,Nearby surface
0712ML0030300130304711E01_DRCL.jpg,3,train,0712ML0030300130304711E01_DRCL,True,data/msl/extracted/msl-labeled-data-set-v2.1/images/0712ML0030300130304711E01_DRCL.jpg,0712ML0030300130304711E01_DRCL,712,mastcam_left,Nearby surface
0137ML0008180150104160E01_DRCL.jpg,7,train,0137ML0008180150104160E01_DRCL,True,data/msl/extracted/msl-labeled-data-set-v2.1/images/0137ML0008180150104160E01_DRCL.jpg,0137ML0008180150104160E01_DRCL,137,mastcam_left,Distant landscape
0939MR0041210010501909I01_DRCL.jpg,2,train,0939MR0041210010501909I01_DRCL,True,data/msl/extracted/msl-labeled-data-set-v2.1/images/0939MR0041210010501909I01_DRCL.jpg,0939MR0041210010501909I01_DRCL,939,mastcam_right,Artifact
0741MR0031820100403179E01_DRCL.jpg,11,train,0741MR0031820100403179E01_DRCL,True,data/msl/extracted/msl-labeled-data-set-v2.1/images/0741MR0031820100403179E01_DRCL.jpg,0741MR0031820100403179E01_DRCL,741,mastcam_right,Layers
0403MH0003050000105073E01_DRCL.jpg,7,train,0403MH0003050000105073E01_DRCL,True,data/msl/extracted/msl-labeled-data-set-v2.1/images/0403MH0003050000105073E01_DRCL.jpg,0403MH0003050000105073E01_DRCL,403,mahli,Distant landscape
0930MH0004770060303088I01_DRCL.jpg,4,train,0930MH0004770060303088I01_DRCL,True,data/msl/extracted/msl-labeled-data-set-v2.1/images/0930MH0004770060303088I01_DRCL.jpg,0930MH0004770060303088I01_DRCL,930,mahli,Close-up rock
0395ML0016260200200638E01_DRCL.jpg,3,train,0395ML0016260200200638E01_DRCL,True,data/msl/extracted/msl-labeled-data-set-v2.1/images/0395ML0016260200200638E01_DRCL.jpg,0395ML0016260200200638E01_DRCL,395,mastcam_left,Nearby surface
0590ML0024830120300665E01_DRCL.jpg,7,train,0590ML0024830120300665E01_DRCL,True,data/msl/extracted/msl-labeled-data-set-v2.1/images/0590ML0024830120300665E01_DRCL.jpg,0590ML0024830120300665E01_DRCL,590,mastcam_left,Distant landscape
0513ML0020180040202898E01_DRCL.jpg,3,train,0513ML0020180040202898E01_DRCL,True,data/msl/extracted/msl-labeled-data-set-v2.1/images/0513ML0020180040202898E01_DRCL.jpg,0513ML0020180040202898E01_DRCL,513,mastcam_left,Nearby surface
0233MR0011050560203096D01_DRCL.jpg,3,train,0233MR0011050560203096D01_DRCL,True,data/msl/extracted/msl-labeled-data-set-v2.1/images/0233MR0011050560203096D01_DRCL.jpg,0233MR0011050560203096D01_DRCL,233,mastcam_right,Nearby surface
0108MR0006830550200154E01_DRCL.jpg,3,train,0108MR0006830550200154E01_DRCL,True,data/msl/extracted/msl-labeled-data-set-v2.1/images/0108MR0006830550200154E01_DRCL.jpg,0108MR0006830550200154E01_DRCL,108,mastcam_right,Nearby surface
0111MR0006870910200513E01_DRCL.jpg,3,train,0111MR0006870910200513E01_DRCL,True,data/msl/extracted/msl-labeled-data-set-v2.1/images/0111MR0006870910200513E01_DRCL.jpg,0111MR0006870910200513E01_DRCL,111,mastcam_right,Nearby surface
0077ML0005750630102725E01_DRCL.jpg,3,train,0077ML0005750630102725E01_DRCL,True,data/msl/extracted/msl-labeled-data-set-v2.1/images/0077ML0005750630102725E01_DRCL.jpg,0077ML0005750630102725E01_DRCL,77,mastcam_left,Nearby surface
0936MH0004830060303410I01_DRCL.jpg,4,train,0936MH0004830060303410I01_DRCL,True,data/msl/extracted/msl-labeled-data-set-v2.1/images/0936MH0004830060303410I01_DRCL.jpg,0936MH0004830060303410I01_DRCL,936,mahli,Close-up rock
0077MR0005750440103819E01_DRCL.jpg,3,train,0077MR0005750440103819E01_DRCL,True,data/msl/extracted/msl-labeled-data-set-v2.1/images/0077MR0005750440103819E01_DRCL.jpg,0077MR0005750440103819E01_DRCL,77,mastcam_right,Nearby surface
0066ML0002940050102440D01_DRCL.jpg,15,train,0066ML0002940050102440D01_DRCL,True,data/msl/extracted/msl-labeled-data-set-v2.1/images/0066ML0002940050102440D01_DRCL.jpg,0066ML0002940050102440D01_DRCL,66,mastcam_left,Sun
0777ML0033670030400202E01_DRCL.jpg,9,train,0777ML0033670030400202E01_DRCL,True,data/msl/extracted/msl-labeled-data-set-v2.1/images/0777ML0033670030400202E01_DRCL.jpg,0777ML0033670030400202E01_DRCL,777,mastcam_left,Night sky
0316ML0012980130107393E01_DRCL.jpg,3,train,0316ML0012980130107393E01_DRCL,True,data/msl/extracted/msl-labeled-data-set-v2.1/images/0316ML0012980130107393E01_DRCL.jpg,0316ML0012980130107393E01_DRCL,316,mastcam_left,Nearby surface
0352ML0014380960108474I01_DRCL.jpg,3,train,0352ML0014380960108474I01_DRCL,True,data/msl/extracted/msl-labeled-data-set-v2.1/images/0352ML0014380960108474I01_DRCL.jpg,0352ML0014380960108474I01_DRCL,352,mastcam_left,Nearby surface
0314MR0012870630300248E01_DRCL.jpg,14,train,0314MR0012870630300248E01_DRCL,True,data/msl/extracted/msl-labeled-data-set-v2.1/images/0314MR0012870630300248E01_DRCL.jpg,0314MR0012870630300248E01_DRCL,314,mastcam_right,Sand
0078MR0005760190103854I01_DRCL.jpg,3,train,0078MR0005760190103854I01_DRCL,True,data/msl/extracted/msl-labeled-data-set-v2.1/images/0078MR0005760190103854I01_DRCL.jpg,0078MR0005760190103854I01_DRCL,78,mastcam_right,Nearby surface
0472ML0018750080202157E01_DRCL.jpg,3,train,0472ML0018750080202157E01_DRCL,True,data/msl/extracted/msl-labeled-data-set-v2.1/images/0472ML0018750080202157E01_DRCL.jpg,0472ML0018750080202157E01_DRCL,472,mastcam_left,Nearby surface
0721MR0030850110402812D01_DRCL.jpg,13,train,0721MR0030850110402812D01_DRCL,True,data/msl/extracted/msl-labeled-data-set-v2.1/images/0721MR0030850110402812D01_DRCL.jpg,0721MR0030850110402812D01_DRCL,721,mastcam_right,Mastcam cal target
0540ML0021310030203568E01_DRCL.jpg,7,train,0540ML0021310030203568E01_DRCL,True,data/msl/extracted/msl-labeled-data-set-v2.1/images/0540ML0021310030203568E01_DRCL.jpg,0540ML0021310030203568E01_DRCL,540,mastcam_left,Distant landscape
0308MR0012730330203999E01_DRCL.jpg,3,train,0308MR0012730330203999E01_DRCL,True,data/msl/extracted/msl-labeled-data-set-v2.1/images/0308MR0012730330203999E01_DRCL.jpg,0308MR0012730330203999E01_DRCL,308,mastcam_right,Nearby surface
0087MR0006090210104194I01_DRCL.jpg,2,train,0087MR0006090210104194I01_DRCL,True,data/msl/extracted/msl-labeled-data-set-v2.1/images/0087MR0006090210104194I01_DRCL.jpg,0087MR0006090210104194I01_DRCL,87,mastcam_right,Artifact
0318MR0013020480300655E01_DRCL.jpg,3,train,0318MR0013020480300655E01_DRCL,True,data/msl/extracted/msl-labeled-data-set-v2.1/images/0318MR0013020480300655E01_DRCL.jpg,0318MR0013020480300655E01_DRCL,318,mastcam_right,Nearby surface
0168MH0002080020102083I01_DRCL.jpg,4,train,0168MH0002080020102083I01_DRCL,True,data/msl/extracted/msl-labeled-data-set-v2.1/images/0168MH0002080020102083I01_DRCL.jpg,0168MH0002080020102083I01_DRCL,168,mahli,Close-up rock
0198ML0010070430106007E01_DRCL.jpg,3,train,0198ML0010070430106007E01_DRCL,True,data/msl/extracted/msl-labeled-data-set-v2.1/images/0198ML0010070430106007E01_DRCL.jpg,0198ML0010070430106007E01_DRCL,198,mastcam_left,Nearby surface
0111ML0006870820103649E01_DRCL.jpg,3,train,0111ML0006870820103649E01_DRCL,True,data/msl/extracted/msl-labeled-data-set-v2.1/images/0111ML0006870820103649E01_DRCL.jpg,0111ML0006870820103649E01_DRCL,111,mastcam_left,Nearby surface
0595ML0025060080301083E01_DRCL.jpg,3,train,0595ML0025060080301083E01_DRCL,True,data/msl/extracted/msl-labeled-data-set-v2.1/images/0595ML0025060080301083E01_DRCL.jpg,0595ML0025060080301083E01_DRCL,595,mastcam_left,Nearby surface
0071MR0004970190103525D01_DRCL.jpg,3,train,0071MR0004970190103525D01_DRCL,True,data/msl/extracted/msl-labeled-data-set-v2.1/images/0071MR0004970190103525D01_DRCL.jpg,0071MR0004970190103525D01_DRCL,71,mastcam_right,Nearby surface
0395MR0016260480302223E01_DRCL.jpg,3,train,0395MR0016260480302223E01_DRCL,True,data/msl/extracted/msl-labeled-data-set-v2.1/images/0395MR0016260480302223E01_DRCL.jpg,0395MR0016260480302223E01_DRCL,395,mastcam_right,Nearby surface
0429ML0017480100201411E01_DRCL.jpg,3,train,0429ML0017480100201411E01_DRCL,True,data/msl/extracted/msl-labeled-data-set-v2.1/images/0429ML0017480100201411E01_DRCL.jpg,0429ML0017480100201411E01_DRCL,429,mastcam_left,Nearby surface
0580ML0024072610300272I01_DRCL.jpg,3,train,0580ML0024072610300272I01_DRCL,True,data/msl/extracted/msl-labeled-data-set-v2.1/images/0580ML0024072610300272I01_DRCL.jpg,0580ML0024072610300272I01_DRCL,580,mastcam_left,Nearby surface
0591MH0003760030203098I01_DRCL.jpg,4,train,0591MH0003760030203098I01_DRCL,True,data/msl/extracted/msl-labeled-data-set-v2.1/images/0591MH0003760030203098I01_DRCL.jpg,0591MH0003760030203098I01_DRCL,591,mahli,Close-up rock
0717ML0030420450304854E01_DRCL.jpg,3,train,0717ML0030420450304854E01_DRCL,True,data/msl/extracted/msl-labeled-data-set-v2.1/images/0717ML0030420450304854E01_DRCL.jpg,0717ML0030420450304854E01_DRCL,717,mastcam_left,Nearby surface
0717ML0030450000304864E01_DRCL.jpg,18,train,0717ML0030450000304864E01_DRCL,True,data/msl/extracted/msl-labeled-data-set-v2.1/images/0717ML0030450000304864E01_DRCL.jpg,0717ML0030450000304864E01_DRCL,717,mastcam_left,Wheel tracks
0845MR0037620080501012D01_DRCL.jpg,8,train,0845MR0037620080501012D01_DRCL,True,data/msl/extracted/msl-labeled-data-set-v2.1/images/0845MR0037620080501012D01_DRCL.jpg,0845MR0037620080501012D01_DRCL,845,mastcam_right,Drill hole
0707ML0030040170304596I01_DRCL.jpg,3,train,0707ML0030040170304596I01_DRCL,True,data/msl/extracted/msl-labeled-data-set-v2.1/images/0707ML0030040170304596I01_DRCL.jpg,0707ML0030040170304596I01_DRCL,707,mastcam_left,Nearby surface
0679MR0028830040402136E01_DRCL.jpg,14,train,0679MR0028830040402136E01_DRCL,True,data/msl/extracted/msl-labeled-data-set-v2.1/images/0679MR0028830040402136E01_DRCL.jpg,0679MR0028830040402136E01_DRCL,679,mastcam_right,Sand
0138ML0008190090104265E01_DRCL.jpg,3,train,0138ML0008190090104265E01_DRCL,True,data/msl/extracted/msl-labeled-data-set-v2.1/images/0138ML0008190090104265E01_DRCL.jpg,0138ML0008190090104265E01_DRCL,138,mastcam_left,Nearby surface
0042MR0001830110101553D01_DRCL.jpg,15,train,0042MR0001830110101553D01_DRCL,True,data/msl/extracted/msl-labeled-data-set-v2.1/images/0042MR0001830110101553D01_DRCL.jpg,0042MR0001830110101553D01_DRCL,42,mastcam_right,Sun
0551MR0022320030303830E01_DRCL.jpg,3,train,0551MR0022320030303830E01_DRCL,True,data/msl/extracted/msl-labeled-data-set-v2.1/images/0551MR0022320030303830E01_DRCL.jpg,0551MR0022320030303830E01_DRCL,551,mastcam_right,Nearby surface
0696MH0003630020204100I01_DRCL.jpg,4,train,0696MH0003630020204100I01_DRCL,True,data/msl/extracted/msl-labeled-data-set-v2.1/images/0696MH0003630020204100I01_DRCL.jpg,0696MH0003630020204100I01_DRCL,696,mahli,Close-up rock
0502ML0019770040202689D01_DRCL.jpg,2,train,0502ML0019770040202689D01_DRCL,True,data/msl/extracted/msl-labeled-data-set-v2.1/images/0502ML0019770040202689D01_DRCL.jpg,0502ML0019770040202689D01_DRCL,502,mastcam_left,Artifact
0824MH0003070010301577C00_DRCL.jpg,4,train,0824MH0003070010301577C00_DRCL,True,data/msl/extracted/msl-labeled-data-set-v2.1/images/0824MH0003070010301577C00_DRCL.jpg,0824MH0003070010301577C00_DRCL,824,mahli,Close-up rock
0627MH0002770020203498I01_DRCL.jpg,4,train,0627MH0002770020203498I01_DRCL,True,data/msl/extracted/msl-labeled-data-set-v2.1/images/0627MH0002770020203498I01_DRCL.jpg,0627MH0002770020203498I01_DRCL,627,mahli,Close-up rock
0752ML0032321200206228E01_DRCL.jpg,3,train,0752ML0032321200206228E01_DRCL,True,data/msl/extracted/msl-labeled-data-set-v2.1/images/0752ML0032321200206228E01_DRCL.jpg,0752ML0032321200206228E01_DRCL,752,mastcam_left,Nearby surface
0585MH0001730020202683I01_DRCL.jpg,4,train,0585MH0001730020202683I01_DRCL,True,data/msl/extracted/msl-labeled-data-set-v2.1/images/0585MH0001730020202683I01_DRCL.jpg,0585MH0001730020202683I01_DRCL,585,mahli,Close-up rock
0787ML0034300010400484E01_DRCL.jpg,3,train,0787ML0034300010400484E01_DRCL,True,data/msl/extracted/msl-labeled-data-set-v2.1/images/0787ML0034300010400484E01_DRCL.jpg,0787ML0034300010400484E01_DRCL,787,mastcam_left,Nearby surface
0283MH0001680020103277I01_DRCL.jpg,4,train,0283MH0001680020103277I01_DRCL,True,data/msl/extracted/msl-labeled-data-set-v2.1/images/0283MH0001680020103277I01_DRCL.jpg,0283MH0001680020103277I01_DRCL,283,mahli,Close-up rock
0399MH0003170020104689I01_DRCL.jpg,4,train,0399MH0003170020104689I01_DRCL,True,data/msl/extracted/msl-labeled-data-set-v2.1/images/0399MH0003170020104689I01_DRCL.jpg,0399MH0003170020104689I01_DRCL,399,mahli,Close-up rock
0109MR0006850030200212E01_DRCL.jpg,7,train,0109MR0006850030200212E01_DRCL,True,data/msl/extracted/msl-labeled-data-set-v2.1/images/0109MR0006850030200212E01_DRCL.jpg,0109MR0006850030200212E01_DRCL,109,mastcam_right,Distant landscape
0056MR0002620050103097E01_DRCL.jpg,14,train,0056MR0002620050103097E01_DRCL,True,data/msl/extracted/msl-labeled-data-set-v2.1/images/0056MR0002620050103097E01_DRCL.jpg,0056MR0002620050103097E01_DRCL,56,mastcam_right,Sand
0585MH0001730020202705I01_DRCL.jpg,4,train,0585MH0001730020202705I01_DRCL,True,data/msl/extracted/msl-labeled-data-set-v2.1/images/0585MH0001730020202705I01_DRCL.jpg,0585MH0001730020202705I01_DRCL,585,mahli,Close-up rock
0351MR0014290000301260E01_DRCL.jpg,3,train,0351MR0014290000301260E01_DRCL,True,data/msl/extracted/msl-labeled-data-set-v2.1/images/0351MR0014290000301260E01_DRCL.jpg,0351MR0014290000301260E01_DRCL,351,mastcam_right,Nearby surface
0122MR0007640130200767D01_DRCL.jpg,3,train,0122MR0007640130200767D01_DRCL,True,data/msl/extracted/msl-labeled-data-set-v2.1/images/0122MR0007640130200767D01_DRCL.jpg,0122MR0007640130200767D01_DRCL,122,mastcam_right,Nearby surface
0017MR0000550120100134C00_DRCL.jpg,3,train,0017MR0000550120100134C00_DRCL,True,data/msl/extracted/msl-labeled-data-set-v2.1/images/0017MR0000550120100134C00_DRCL.jpg,0017MR0000550120100134C00_DRCL,17,mastcam_right,Nearby surface
0045MR0002080600102642E01_DRCL.jpg,7,train,0045MR0002080600102642E01_DRCL,True,data/msl/extracted/msl-labeled-data-set-v2.1/images/0045MR0002080600102642E01_DRCL.jpg,0045MR0002080600102642E01_DRCL,45,mastcam_right,Distant landscape
0618ML0026010190302067E01_DRCL.jpg,7,train,0618ML0026010190302067E01_DRCL,True,data/msl/extracted/msl-labeled-data-set-v2.1/images/0618ML0026010190302067E01_DRCL.jpg,0618ML0026010190302067E01_DRCL,618,mastcam_left,Distant landscape
0486ML0019190010202266E01_DRCL.jpg,3,train,0486ML0019190010202266E01_DRCL,True,data/msl/extracted/msl-labeled-data-set-v2.1/images/0486ML0019190010202266E01_DRCL.jpg,0486ML0019190010202266E01_DRCL,486,mastcam_left,Nearby surface
0047MH0000100020100204E01_DRCL.jpg,4,train,0047MH0000100020100204E01_DRCL,True,data/msl/extracted/msl-labeled-data-set-v2.1/images/0047MH0000100020100204E01_DRCL.jpg,0047MH0000100020100204E01_DRCL,47,mahli,Close-up rock
0441ML0018110000201808D01_DRCL.jpg,3,train,0441ML0018110000201808D01_DRCL,True,data/msl/extracted/msl-labeled-data-set-v2.1/images/0441ML0018110000201808D01_DRCL.jpg,0441ML0018110000201808D01_DRCL,441,mastcam_left,Nearby surface
0410ML0016840350200944E01_DRCL.jpg,7,train,0410ML0016840350200944E01_DRCL,True,data/msl/extracted/msl-labeled-data-set-v2.1/images/0410ML0016840350200944E01_DRCL.jpg,0410ML0016840350200944E01_DRCL,410,mastcam_left,Distant landscape
0895MH0000000000302754I01_DRCL.jpg,4,train,0895MH0000000000302754I01_DRCL,True,data/msl/extracted/msl-labeled-data-set-v2.1/images/0895MH0000000000302754I01_DRCL.jpg,0895MH0000000000302754I01_DRCL,895,mahli,Close-up rock
0503MH0001900000200551I01_DRCL.jpg,2,train,0503MH0001900000200551I01_DRCL,True,data/msl/extracted/msl-labeled-data-set-v2.1/images/0503MH0001900000200551I01_DRCL.jpg,0503MH0001900000200551I01_DRCL,503,mahli,Artifact
0319ML0013050120107687E01_DRCL.jpg,3,train,0319ML0013050120107687E01_DRCL,True,data/msl/extracted/msl-labeled-data-set-v2.1/images/0319ML0013050120107687E01_DRCL.jpg,0319ML0013050120107687E01_DRCL,319,mastcam_left,Nearby surface
0529ML0020920180203264E01_DRCL.jpg,3,train,0529ML0020920180203264E01_DRCL,True,data/msl/extracted/msl-labeled-data-set-v2.1/images/0529ML0020920180203264E01_DRCL.jpg,0529ML0020920180203264E01_DRCL,529,mastcam_left,Nearby surface
0400MH0003210000104948I01_DRCL.jpg,4,train,0400MH0003210000104948I01_DRCL,True,data/msl/extracted/msl-labeled-data-set-v2.1/images/0400MH0003210000104948I01_DRCL.jpg,0400MH0003210000104948I01_DRCL,400,mahli,Close-up rock
0751ML0032280220206050E01_DRCL.jpg,10,train,0751ML0032280220206050E01_DRCL,True,data/msl/extracted/msl-labeled-data-set-v2.1/images/0751ML0032280220206050E01_DRCL.jpg,0751ML0032280220206050E01_DRCL,751,mastcam_left,Float
0590ML0024840210300734E01_DRCL.jpg,11,train,0590ML0024840210300734E01_DRCL,True,data/msl/extracted/msl-labeled-data-set-v2.1/images/0590ML0024840210300734E01_DRCL.jpg,0590ML0024840210300734E01_DRCL,590,mastcam_left,Layers
0619MR0026020240401417E01_DRCL.jpg,3,train,0619MR0026020240401417E01_DRCL,True,data/msl/extracted/msl-labeled-data-set-v2.1/images/0619MR0026020240401417E01_DRCL.jpg,0619MR0026020240401417E01_DRCL,619,mastcam_right,Nearby surface
0488MR0019340000303010C00_DRCL.jpg,14,train,0488MR0019340000303010C00_DRCL,True,data/msl/extracted/msl-labeled-data-set-v2.1/images/0488MR0019340000303010C00_DRCL.jpg,0488MR0019340000303010C00_DRCL,488,mastcam_right,Sand
0318MR0013040310300737E01_DRCL.jpg,3,train,0318MR0013040310300737E01_DRCL,True,data/msl/extracted/msl-labeled-data-set-v2.1/images/0318MR0013040310300737E01_DRCL.jpg,0318MR0013040310300737E01_DRCL,318,mastcam_right,Nearby surface
0627MH0003990000203517I01_DRCL.jpg,2,train,0627MH0003990000203517I01_DRCL,True,data/msl/extracted/msl-labeled-data-set-v2.1/images/0627MH0003990000203517I01_DRCL.jpg,0627MH0003990000203517I01_DRCL,627,mahli,Artifact
0620MR0026030330401522E01_DRCL.jpg,11,train,0620MR0026030330401522E01_DRCL,True,data/msl/extracted/msl-labeled-data-set-v2.1/images/0620MR0026030330401522E01_DRCL.jpg,0620MR0026030330401522E01_DRCL,620,mastcam_right,Layers
0351ML0014280000108355E01_DRCL.jpg,3,train,0351ML0014280000108355E01_DRCL,True,data/msl/extracted/msl-labeled-data-set-v2.1/images/0351ML0014280000108355E01_DRCL.jpg,0351ML0014280000108355E01_DRCL,351,mastcam_left,Nearby surface
0313MR0012860410300043E01_DRCL.jpg,3,train,0313MR0012860410300043E01_DRCL,True,data/msl/extracted/msl-labeled-data-set-v2.1/images/0313MR0012860410300043E01_DRCL.jpg,0313MR0012860410300043E01_DRCL,313,mastcam_right,Nearby surface
0901ML0039490070402157C00_DRCL.jpg,7,train,0901ML0039490070402157C00_DRCL,True,data/msl/extracted/msl-labeled-data-set-v2.1/images/0901ML0039490070402157C00_DRCL.jpg,0901ML0039490070402157C00_DRCL,901,mastcam_left,Distant landscape
0120ML0007520290103795E01_DRCL.jpg,3,train,0120ML0007520290103795E01_DRCL,True,data/msl/extracted/msl-labeled-data-set-v2.1/images/0120ML0007520290103795E01_DRCL.jpg,0120ML0007520290103795E01_DRCL,120,mastcam_left,Nearby surface
0058MH0000310030100484I01_DRCL.jpg,4,train,0058MH0000310030100484I01_DRCL,True,data/msl/extracted/msl-labeled-data-set-v2.1/images/0058MH0000310030100484I01_DRCL.jpg,0058MH0000310030100484I01_DRCL,58,mahli,Close-up rock
0309MR0012750470204073E01_DRCL.jpg,3,train,0309MR0012750470204073E01_DRCL,True,data/msl/extracted/msl-labeled-data-set-v2.1/images/0309MR0012750470204073E01_DRCL.jpg,0309MR0012750470204073E01_DRCL,309,mastcam_right,Nearby surface
0568MR0023040010304019E01_DRCL.jpg,10,train,0568MR0023040010304019E01_DRCL,True,data/msl/extracted/msl-labeled-data-set-v2.1/images/0568MR0023040010304019E01_DRCL.jpg,0568MR0023040010304019E01_DRCL,568,mastcam_right,Float
0542MR0021520070303608E01_DRCL.jpg,10,train,0542MR0021520070303608E01_DRCL,True,data/msl/extracted/msl-labeled-data-set-v2.1/images/0542MR0021520070303608E01_DRCL.jpg,0542MR0021520070303608E01_DRCL,542,mastcam_right,Float
0772MR0033170000403907E01_DRCL.jpg,9,train,0772MR0033170000403907E01_DRCL,True,data/msl/extracted/msl-labeled-data-set-v2.1/images/0772MR0033170000403907E01_DRCL.jpg,0772MR0033170000403907E01_DRCL,772,mastcam_right,Night sky
0888MH0001900000302649I01_DRCL.jpg,4,train,0888MH0001900000302649I01_DRCL,True,data/msl/extracted/msl-labeled-data-set-v2.1/images/0888MH0001900000302649I01_DRCL.jpg,0888MH0001900000302649I01_DRCL,888,mahli,Close-up rock
0054MH0000160020100239I01_DRCL.jpg,4,train,0054MH0000160020100239I01_DRCL,True,data/msl/extracted/msl-labeled-data-set-v2.1/images/0054MH0000160020100239I01_DRCL.jpg,0054MH0000160020100239I01_DRCL,54,mahli,Close-up rock
0640ML0027190030302748D01_DRCL.jpg,13,train,0640ML0027190030302748D01_DRCL,True,data/msl/extracted/msl-labeled-data-set-v2.1/images/0640ML0027190030302748D01_DRCL.jpg,0640ML0027190030302748D01_DRCL,640,mastcam_left,Mastcam cal target
0924MR0040570100501671E01_DRCL.jpg,3,train,0924MR0040570100501671E01_DRCL,True,data/msl/extracted/msl-labeled-data-set-v2.1/images/0924MR0040570100501671E01_DRCL.jpg,0924MR0040570100501671E01_DRCL,924,mastcam_right,Nearby surface
0901ML0039490390402189C00_DRCL.jpg,3,train,0901ML0039490390402189C00_DRCL,True,data/msl/extracted/msl-labeled-data-set-v2.1/images/0901ML0039490390402189C00_DRCL.jpg,0901ML0039490390402189C00_DRCL,901,mastcam_left,Nearby surface
0725MR0030950010402846E01_DRCL.jpg,11,train,0725MR0030950010402846E01_DRCL,True,data/msl/extracted/msl-labeled-data-set-v2.1/images/0725MR0030950010402846E01_DRCL.jpg,0725MR0030950010402846E01_DRCL,725,mastcam_right,Layers
0050ML0002300020102150E01_DRCL.jpg,7,train,0050ML0002300020102150E01_DRCL,True,data/msl/extracted/msl-labeled-data-set-v2.1/images/0050ML0002300020102150E01_DRCL.jpg,0050ML0002300020102150E01_DRCL,50,mastcam_left,Distant landscape
0172ML0009240710104950E01_DRCL.jpg,3,train,0172ML0009240710104950E01_DRCL,True,data/msl/extracted/msl-labeled-data-set-v2.1/images/0172ML0009240710104950E01_DRCL.jpg,0172ML0009240710104950E01_DRCL,172,mastcam_left,Nearby surface
0042MR0006330000102180I01_DRCL.jpg,2,train,0042MR0006330000102180I01_DRCL,True,data/msl/extracted/msl-labeled-data-set-v2.1/images/0042MR0006330000102180I01_DRCL.jpg,0042MR0006330000102180I01_DRCL,42,mastcam_right,Artifact
0400MH0003210020104976I01_DRCL.jpg,4,train,0400MH0003210020104976I01_DRCL,True,data/msl/extracted/msl-labeled-data-set-v2.1/images/0400MH0003210020104976I01_DRCL.jpg,0400MH0003210020104976I01_DRCL,400,mahli,Close-up rock
0585MH0002970020202743I01_DRCL.jpg,4,train,0585MH0002970020202743I01_DRCL,True,data/msl/extracted/msl-labeled-data-set-v2.1/images/0585MH0002970020202743I01_DRCL.jpg,0585MH0002970020202743I01_DRCL,585,mahli,Close-up rock
0315MR0012920680300474E01_DRCL.jpg,3,train,0315MR0012920680300474E01_DRCL,True,data/msl/extracted/msl-labeled-data-set-v2.1/images/0315MR0012920680300474E01_DRCL.jpg,0315MR0012920680300474E01_DRCL,315,mastcam_right,Nearby surface
0272ML0011940050106204E01_DRCL.jpg,3,train,0272ML0011940050106204E01_DRCL,True,data/msl/extracted/msl-labeled-data-set-v2.1/images/0272ML0011940050106204E01_DRCL.jpg,0272ML0011940050106204E01_DRCL,272,mastcam_left,Nearby surface
0813MH0004480000301113I01_DRCL.jpg,2,train,0813MH0004480000301113I01_DRCL,True,data/msl/extracted/msl-labeled-data-set-v2.1/images/0813MH0004480000301113I01_DRCL.jpg,0813MH0004480000301113I01_DRCL,813,mahli,Artifact
0563ML0022780040204661E01_DRCL.jpg,7,train,0563ML0022780040204661E01_DRCL,True,data/msl/extracted/msl-labeled-data-set-v2.1/images/0563ML0022780040204661E01_DRCL.jpg,0563ML0022780040204661E01_DRCL,563,mastcam_left,Distant landscape
0439ML0017900010201668E01_DRCL.jpg,11,train,0439ML0017900010201668E01_DRCL,True,data/msl/extracted/msl-labeled-data-set-v2.1/images/0439ML0017900010201668E01_DRCL.jpg,0439ML0017900010201668E01_DRCL,439,mastcam_left,Layers
0510MH0001520020200781I01_DRCL.jpg,4,train,0510MH0001520020200781I01_DRCL,True,data/msl/extracted/msl-labeled-data-set-v2.1/images/0510MH0001520020200781I01_DRCL.jpg,0510MH0001520020200781I01_DRCL,510,mahli,Close-up rock
0585MH0002970020202826I01_DRCL.jpg,4,train,0585MH0002970020202826I01_DRCL,True,data/msl/extracted/msl-labeled-data-set-v2.1/images/0585MH0002970020202826I01_DRCL.jpg,0585MH0002970020202826I01_DRCL,585,mahli,Close-up rock
0042MR0001940080102223E01_DRCL.jpg,7,train,0042MR0001940080102223E01_DRCL,True,data/msl/extracted/msl-labeled-data-set-v2.1/images/0042MR0001940080102223E01_DRCL.jpg,0042MR0001940080102223E01_DRCL,42,mastcam_right,Distant landscape
0017MR0000500290100101C00_DRCL.jpg,3,train,0017MR0000500290100101C00_DRCL,True,data/msl/extracted/msl-labeled-data-set-v2.1/images/0017MR0000500290100101C00_DRCL.jpg,0017MR0000500290100101C00_DRCL,17,mastcam_right,Nearby surface
0277MH0001680020103030I01_DRCL.jpg,4,train,0277MH0001680020103030I01_DRCL,True,data/msl/extracted/msl-labeled-data-set-v2.1/images/0277MH0001680020103030I01_DRCL.jpg,0277MH0001680020103030I01_DRCL,277,mahli,Close-up rock
0042MR0001810030101274Q01_DRCL.jpg,2,train,0042MR0001810030101274Q01_DRCL,True,data/msl/extracted/msl-labeled-data-set-v2.1/images/0042MR0001810030101274Q01_DRCL.jpg,0042MR0001810030101274Q01_DRCL,42,mastcam_right,Artifact
0830MH0003070020301802I01_DRCL.jpg,4,train,0830MH0003070020301802I01_DRCL,True,data/msl/extracted/msl-labeled-data-set-v2.1/images/0830MH0003070020301802I01_DRCL.jpg,0830MH0003070020301802I01_DRCL,830,mahli,Close-up rock
0646MR0027470280401913E01_DRCL.jpg,3,train,0646MR0027470280401913E01_DRCL,True,data/msl/extracted/msl-labeled-data-set-v2.1/images/0646MR0027470280401913E01_DRCL.jpg,0646MR0027470280401913E01_DRCL,646,mastcam_right,Nearby surface
0185MR0010040060202211E01_DRCL.jpg,3,train,0185MR0010040060202211E01_DRCL,True,data/msl/extracted/msl-labeled-data-set-v2.1/images/0185MR0010040060202211E01_DRCL.jpg,0185MR0010040060202211E01_DRCL,185,mastcam_right,Nearby surface
0710ML0030150170304662C00_DRCL.jpg,7,train,0710ML0030150170304662C00_DRCL,True,data/msl/extracted/msl-labeled-data-set-v2.1/images/0710ML0030150170304662C00_DRCL.jpg,0710ML0030150170304662C00_DRCL,710,mastcam_left,Distant landscape
0138ML0008190440104300E01_DRCL.jpg,3,train,0138ML0008190440104300E01_DRCL,True,data/msl/extracted/msl-labeled-data-set-v2.1/images/0138ML0008190440104300E01_DRCL.jpg,0138ML0008190440104300E01_DRCL,138,mastcam_left,Nearby surface
0895ML0039330010401936I01_DRCL.jpg,2,train,0895ML0039330010401936I01_DRCL,True,data/msl/extracted/msl-labeled-data-set-v2.1/images/0895ML0039330010401936I01_DRCL.jpg,0895ML0039330010401936I01_DRCL,895,mastcam_left,Artifact
0601ML0025370410301249E01_DRCL.jpg,14,train,0601ML0025370410301249E01_DRCL,True,data/msl/extracted/msl-labeled-data-set-v2.1/images/0601ML0025370410301249E01_DRCL.jpg,0601ML0025370410301249E01_DRCL,601,mastcam_left,Sand
0437ML0017810320201517E01_DRCL.jpg,7,train,0437ML0017810320201517E01_DRCL,True,data/msl/extracted/msl-labeled-data-set-v2.1/images/0437ML0017810320201517E01_DRCL.jpg,0437ML0017810320201517E01_DRCL,437,mastcam_left,Distant landscape
0200MR0000470000202858E01_DRCL.jpg,3,train,0200MR0000470000202858E01_DRCL,True,data/msl/extracted/msl-labeled-data-set-v2.1/images/0200MR0000470000202858E01_DRCL.jpg,0200MR0000470000202858E01_DRCL,200,mastcam_right,Nearby surface
0585MH0002970020202851I01_DRCL.jpg,4,train,0585MH0002970020202851I01_DRCL,True,data/msl/extracted/msl-labeled-data-set-v2.1/images/0585MH0002970020202851I01_DRCL.jpg,0585MH0002970020202851I01_DRCL,585,mahli,Close-up rock
0044MR0002010550102434D01_DRCL.jpg,7,train,0044MR0002010550102434D01_DRCL,True,data/msl/extracted/msl-labeled-data-set-v2.1/images/0044MR0002010550102434D01_DRCL.jpg,0044MR0002010550102434D01_DRCL,44,mastcam_right,Distant landscape
0400MH0003070020104751I01_DRCL.jpg,4,train,0400MH0003070020104751I01_DRCL,True,data/msl/extracted/msl-labeled-data-set-v2.1/images/0400MH0003070020104751I01_DRCL.jpg,0400MH0003070020104751I01_DRCL,400,mahli,Close-up rock
0530ML0021050630203382E01_DRCL.jpg,3,train,0530ML0021050630203382E01_DRCL,True,data/msl/extracted/msl-labeled-data-set-v2.1/images/0530ML0021050630203382E01_DRCL.jpg,0530ML0021050630203382E01_DRCL,530,mastcam_left,Nearby surface
0184MR0009250980202160E01_DRCL.jpg,3,train,0184MR0009250980202160E01_DRCL,True,data/msl/extracted/msl-labeled-data-set-v2.1/images/0184MR0009250980202160E01_DRCL.jpg,0184MR0009250980202160E01_DRCL,184,mastcam_right,Nearby surface
0185MR0010050000202232E01_DRCL.jpg,3,train,0185MR0010050000202232E01_DRCL,True,data/msl/extracted/msl-labeled-data-set-v2.1/images/0185MR0010050000202232E01_DRCL.jpg,0185MR0010050000202232E01_DRCL,185,mastcam_right,Nearby surface
0580ML0024072280300239I01_DRCL.jpg,3,train,0580ML0024072280300239I01_DRCL,True,data/msl/extracted/msl-labeled-data-set-v2.1/images/0580ML0024072280300239I01_DRCL.jpg,0580ML0024072280300239I01_DRCL,580,mastcam_left,Nearby surface
0583MH0001730010201914I01_DRCL.jpg,4,train,0583MH0001730010201914I01_DRCL,True,data/msl/extracted/msl-labeled-data-set-v2.1/images/0583MH0001730010201914I01_DRCL.jpg,0583MH0001730010201914I01_DRCL,583,mahli,Close-up rock
0399MH0003080010104671C00_DRCL.jpg,4,train,0399MH0003080010104671C00_DRCL,True,data/msl/extracted/msl-labeled-data-set-v2.1/images/0399MH0003080010104671C00_DRCL.jpg,0399MH0003080010104671C00_DRCL,399,mahli,Close-up rock
0346ML0014050060108276D01_DRCL.jpg,3,train,0346ML0014050060108276D01_DRCL,True,data/msl/extracted/msl-labeled-data-set-v2.1/images/0346ML0014050060108276D01_DRCL.jpg,0346ML0014050060108276D01_DRCL,346,mastcam_left,Nearby surface
0647ML0027510300302946E01_DRCL.jpg,7,train,0647ML0027510300302946E01_DRCL,True,data/msl/extracted/msl-labeled-data-set-v2.1/images/0647ML0027510300302946E01_DRCL.jpg,0647ML0027510300302946E01_DRCL,647,mastcam_left,Distant landscape
0392MR0016150000302100E01_DRCL.jpg,3,train,0392MR0016150000302100E01_DRCL,True,data/msl/extracted/msl-labeled-data-set-v2.1/images/0392MR0016150000302100E01_DRCL.jpg,0392MR0016150000302100E01_DRCL,392,mastcam_right,Nearby surface
0506MH0002240020200645I01_DRCL.jpg,4,train,0506MH0002240020200645I01_DRCL,True,data/msl/extracted/msl-labeled-data-set-v2.1/images/0506MH0002240020200645I01_DRCL.jpg,0506MH0002240020200645I01_DRCL,506,mahli,Close-up rock
0188ML0010090320105670E01_DRCL.jpg,3,train,0188ML0010090320105670E01_DRCL,True,data/msl/extracted/msl-labeled-data-set-v2.1/images/0188ML0010090320105670E01_DRCL.jpg,0188ML0010090320105670E01_DRCL,188,mastcam_left,Nearby surface
0274MH0002550000102942I01_DRCL.jpg,7,train,0274MH0002550000102942I01_DRCL,True,data/msl/extracted/msl-labeled-data-set-v2.1/images/0274MH0002550000102942I01_DRCL.jpg,0274MH0002550000102942I01_DRCL,274,mahli,Distant landscape
0168MH0002080020102143I01_DRCL.jpg,4,train,0168MH0002080020102143I01_DRCL,True,data/msl/extracted/msl-labeled-data-set-v2.1/images/0168MH0002080020102143I01_DRCL.jpg,0168MH0002080020102143I01_DRCL,168,mahli,Close-up rock
0765MH0003060020300124I01_DRCL.jpg,4,train,0765MH0003060020300124I01_DRCL,True,data/msl/extracted/msl-labeled-data-set-v2.1/images/0765MH0003060020300124I01_DRCL.jpg,0765MH0003060020300124I01_DRCL,765,mahli,Close-up rock
0233MR0011050580203098D01_DRCL.jpg,3,train,0233MR0011050580203098D01_DRCL,True,data/msl/extracted/msl-labeled-data-set-v2.1/images/0233MR0011050580203098D01_DRCL.jpg,0233MR0011050580203098D01_DRCL,233,mastcam_right,Nearby surface
0541ML0021340240203746E01_DRCL.jpg,7,train,0541ML0021340240203746E01_DRCL,True,data/msl/extracted/msl-labeled-data-set-v2.1/images/0541ML0021340240203746E01_DRCL.jpg,0541ML0021340240203746E01_DRCL,541,mastcam_left,Distant landscape
0585MH0002970000202767I01_DRCL.jpg,2,train,0585MH0002970000202767I01_DRCL,True,data/msl/extracted/msl-labeled-data-set-v2.1/images/0585MH0002970000202767I01_DRCL.jpg,0585MH0002970000202767I01_DRCL,585,mahli,Artifact
0050MR0002290250102790E01_DRCL.jpg,10,train,0050MR0002290250102790E01_DRCL,True,data/msl/extracted/msl-labeled-data-set-v2.1/images/0050MR0002290250102790E01_DRCL.jpg,0050MR0002290250102790E01_DRCL,50,mastcam_right,Float
0138MR0008190590201073E01_DRCL.jpg,3,train,0138MR0008190590201073E01_DRCL,True,data/msl/extracted/msl-labeled-data-set-v2.1/images/0138MR0008190590201073E01_DRCL.jpg,0138MR0008190590201073E01_DRCL,138,mastcam_right,Nearby surface
0595ML0025090540301152E01_DRCL.jpg,7,train,0595ML0025090540301152E01_DRCL,True,data/msl/extracted/msl-labeled-data-set-v2.1/images/0595ML0025090540301152E01_DRCL.jpg,0595ML0025090540301152E01_DRCL,595,mastcam_left,Distant landscape
0110ML0006860510103499E01_DRCL.jpg,3,train,0110ML0006860510103499E01_DRCL,True,data/msl/extracted/msl-labeled-data-set-v2.1/images/0110ML0006860510103499E01_DRCL.jpg,0110ML0006860510103499E01_DRCL,110,mastcam_left,Nearby surface
0889ML0038740020401882D01_DRCL.jpg,13,train,0889ML0038740020401882D01_DRCL,True,data/msl/extracted/msl-labeled-data-set-v2.1/images/0889ML0038740020401882D01_DRCL.jpg,0889ML0038740020401882D01_DRCL,889,mastcam_left,Mastcam cal target
0691MR0029260000402214E01_DRCL.jpg,3,train,0691MR0029260000402214E01_DRCL,True,data/msl/extracted/msl-labeled-data-set-v2.1/images/0691MR0029260000402214E01_DRCL.jpg,0691MR0029260000402214E01_DRCL,691,mastcam_right,Nearby surface
0435MR0017760090302546E01_DRCL.jpg,3,train,0435MR0017760090302546E01_DRCL,True,data/msl/extracted/msl-labeled-data-set-v2.1/images/0435MR0017760090302546E01_DRCL.jpg,0435MR0017760090302546E01_DRCL,435,mastcam_right,Nearby surface
0860MH0003860020302046I01_DRCL.jpg,8,train,0860MH0003860020302046I01_DRCL,True,data/msl/extracted/msl-labeled-data-set-v2.1/images/0860MH0003860020302046I01_DRCL.jpg,0860MH0003860020302046I01_DRCL,860,mahli,Drill hole
0583MH0003370020202027I01_DRCL.jpg,4,train,0583MH0003370020202027I01_DRCL,True,data/msl/extracted/msl-labeled-data-set-v2.1/images/0583MH0003370020202027I01_DRCL.jpg,0583MH0003370020202027I01_DRCL,583,mahli,Close-up rock
0886ML0038630010401833D01_DRCL.jpg,3,train,0886ML0038630010401833D01_DRCL,True,data/msl/extracted/msl-labeled-data-set-v2.1/images/0886ML0038630010401833D01_DRCL.jpg,0886ML0038630010401833D01_DRCL,886,mastcam_left,Nearby surface
0184ML0009250360105336E01_DRCL.jpg,3,train,0184ML0009250360105336E01_DRCL,True,data/msl/extracted/msl-labeled-data-set-v2.1/images/0184ML0009250360105336E01_DRCL.jpg,0184ML0009250360105336E01_DRCL,184,mastcam_left,Nearby surface
0089MR0006300160104254E01_DRCL.jpg,3,train,0089MR0006300160104254E01_DRCL,True,data/msl/extracted/msl-labeled-data-set-v2.1/images/0089MR0006300160104254E01_DRCL.jpg,0089MR0006300160104254E01_DRCL,89,mastcam_right,Nearby surface
0387ML0015860040200353E01_DRCL.jpg,2,train,0387ML0015860040200353E01_DRCL,True,data/msl/extracted/msl-labeled-data-set-v2.1/images/0387ML0015860040200353E01_DRCL.jpg,0387ML0015860040200353E01_DRCL,387,mastcam_left,Artifact
0066MR0002930390103316E01_DRCL.jpg,3,train,0066MR0002930390103316E01_DRCL,True,data/msl/extracted/msl-labeled-data-set-v2.1/images/0066MR0002930390103316E01_DRCL.jpg,0066MR0002930390103316E01_DRCL,66,mastcam_right,Nearby surface
0778MR0033700070404002E01_DRCL.jpg,7,train,0778MR0033700070404002E01_DRCL,True,data/msl/extracted/msl-labeled-data-set-v2.1/images/0778MR0033700070404002E01_DRCL.jpg,0778MR0033700070404002E01_DRCL,778,mastcam_right,Distant landscape
0297MR0012430190203602D01_DRCL.jpg,3,train,0297MR0012430190203602D01_DRCL,True,data/msl/extracted/msl-labeled-data-set-v2.1/images/0297MR0012430190203602D01_DRCL.jpg,0297MR0012430190203602D01_DRCL,297,mastcam_right,Nearby surface
0316ML0012930170107329E01_DRCL.jpg,3,train,0316ML0012930170107329E01_DRCL,True,data/msl/extracted/msl-labeled-data-set-v2.1/images/0316ML0012930170107329E01_DRCL.jpg,0316ML0012930170107329E01_DRCL,316,mastcam_left,Nearby surface
0585MH0002970020202763I01_DRCL.jpg,4,train,0585MH0002970020202763I01_DRCL,True,data/msl/extracted/msl-labeled-data-set-v2.1/images/0585MH0002970020202763I01_DRCL.jpg,0585MH0002970020202763I01_DRCL,585,mahli,Close-up rock
0172MR0009240260201707E01_DRCL.jpg,3,train,0172MR0009240260201707E01_DRCL,True,data/msl/extracted/msl-labeled-data-set-v2.1/images/0172MR0009240260201707E01_DRCL.jpg,0172MR0009240260201707E01_DRCL,172,mastcam_right,Nearby surface
0401MR0016600160302281E01_DRCL.jpg,3,train,0401MR0016600160302281E01_DRCL,True,data/msl/extracted/msl-labeled-data-set-v2.1/images/0401MR0016600160302281E01_DRCL.jpg,0401MR0016600160302281E01_DRCL,401,mastcam_right,Nearby surface
0618MR0026010070401276E01_DRCL.jpg,7,train,0618MR0026010070401276E01_DRCL,True,data/msl/extracted/msl-labeled-data-set-v2.1/images/0618MR0026010070401276E01_DRCL.jpg,0618MR0026010070401276E01_DRCL,618,mastcam_right,Distant landscape
0017ML0000550000100263C00_DRCL.jpg,3,train,0017ML0000550000100263C00_DRCL,True,data/msl/extracted/msl-labeled-data-set-v2.1/images/0017ML0000550000100263C00_DRCL.jpg,0017ML0000550000100263C00_DRCL,17,mastcam_left,Nearby surface
0106ML0006810070103041E01_DRCL.jpg,7,train,0106ML0006810070103041E01_DRCL,True,data/msl/extracted/msl-labeled-data-set-v2.1/images/0106ML0006810070103041E01_DRCL.jpg,0106ML0006810070103041E01_DRCL,106,mastcam_left,Distant landscape
0808MH0004440000300750I01_DRCL.jpg,2,train,0808MH0004440000300750I01_DRCL,True,data/msl/extracted/msl-labeled-data-set-v2.1/images/0808MH0004440000300750I01_DRCL.jpg,0808MH0004440000300750I01_DRCL,808,mahli,Artifact
0194ML0010220080105890E01_DRCL.jpg,7,train,0194ML0010220080105890E01_DRCL,True,data/msl/extracted/msl-labeled-data-set-v2.1/images/0194ML0010220080105890E01_DRCL.jpg,0194ML0010220080105890E01_DRCL,194,mastcam_left,Distant landscape
0319MR0013050180300841E01_DRCL.jpg,3,train,0319MR0013050180300841E01_DRCL,True,data/msl/extracted/msl-labeled-data-set-v2.1/images/0319MR0013050180300841E01_DRCL.jpg,0319MR0013050180300841E01_DRCL,319,mastcam_right,Nearby surface
0132ML0008040050103979E01_DRCL.jpg,3,train,0132ML0008040050103979E01_DRCL,True,data/msl/extracted/msl-labeled-data-set-v2.1/images/0132ML0008040050103979E01_DRCL.jpg,0132ML0008040050103979E01_DRCL,132,mastcam_left,Nearby surface
0783MR0033770010204177C00_DRCL.jpg,2,train,0783MR0033770010204177C00_DRCL,True,data/msl/extracted/msl-labeled-data-set-v2.1/images/0783MR0033770010204177C00_DRCL.jpg,0783MR0033770010204177C00_DRCL,783,mastcam_right,Artifact
0542ML0021570000203928E01_DRCL.jpg,7,train,0542ML0021570000203928E01_DRCL,True,data/msl/extracted/msl-labeled-data-set-v2.1/images/0542ML0021570000203928E01_DRCL.jpg,0542ML0021570000203928E01_DRCL,542,mastcam_left,Distant landscape
0198ML0010070110105975E01_DRCL.jpg,3,train,0198ML0010070110105975E01_DRCL,True,data/msl/extracted/msl-labeled-data-set-v2.1/images/0198ML0010070110105975E01_DRCL.jpg,0198ML0010070110105975E01_DRCL,198,mastcam_left,Nearby surface
0172MR0009240400201721E01_DRCL.jpg,3,train,0172MR0009240400201721E01_DRCL,True,data/msl/extracted/msl-labeled-data-set-v2.1/images/0172MR0009240400201721E01_DRCL.jpg,0172MR0009240400201721E01_DRCL,172,mastcam_right,Nearby surface
0478ML0018970050202235E01_DRCL.jpg,14,train,0478ML0018970050202235E01_DRCL,True,data/msl/extracted/msl-labeled-data-set-v2.1/images/0478ML0018970050202235E01_DRCL.jpg,0478ML0018970050202235E01_DRCL,478,mastcam_left,Sand
0584MH0003620020202191I01_DRCL.jpg,4,train,0584MH0003620020202191I01_DRCL,True,data/msl/extracted/msl-labeled-data-set-v2.1/images/0584MH0003620020202191I01_DRCL.jpg,0584MH0003620020202191I01_DRCL,584,mahli,Close-up rock
0067MH0000780000100668I01_DRCL.jpg,2,train,0067MH0000780000100668I01_DRCL,True,data/msl/extracted/msl-labeled-data-set-v2.1/images/0067MH0000780000100668I01_DRCL.jpg,0067MH0000780000100668I01_DRCL,67,mahli,Artifact
0580ML0024071830300194I01_DRCL.jpg,3,train,0580ML0024071830300194I01_DRCL,True,data/msl/extracted/msl-labeled-data-set-v2.1/images/0580ML0024071830300194I01_DRCL.jpg,0580ML0024071830300194I01_DRCL,580,mastcam_left,Nearby surface
0901ML0039491080402258C00_DRCL.jpg,3,train,0901ML0039491080402258C00_DRCL,True,data/msl/extracted/msl-labeled-data-set-v2.1/images/0901ML0039491080402258C00_DRCL.jpg,0901ML0039491080402258C00_DRCL,901,mastcam_left,Nearby surface
0584MH0003620020202175I01_DRCL.jpg,4,train,0584MH0003620020202175I01_DRCL,True,data/msl/extracted/msl-labeled-data-set-v2.1/images/0584MH0003620020202175I01_DRCL.jpg,0584MH0003620020202175I01_DRCL,584,mahli,Close-up rock
0020ML0001080050100540C00_DRCL.jpg,3,train,0020ML0001080050100540C00_DRCL,True,data/msl/extracted/msl-labeled-data-set-v2.1/images/0020ML0001080050100540C00_DRCL.jpg,0020ML0001080050100540C00_DRCL,20,mastcam_left,Nearby surface
0440ML0018030060201751E01_DRCL.jpg,3,train,0440ML0018030060201751E01_DRCL,True,data/msl/extracted/msl-labeled-data-set-v2.1/images/0440ML0018030060201751E01_DRCL.jpg,0440ML0018030060201751E01_DRCL,440,mastcam_left,Nearby surface
0717ML0030420470304856E01_DRCL.jpg,3,train,0717ML0030420470304856E01_DRCL,True,data/msl/extracted/msl-labeled-data-set-v2.1/images/0717ML0030420470304856E01_DRCL.jpg,0717ML0030420470304856E01_DRCL,717,mastcam_left,Nearby surface
0066MR0002930140103292E01_DRCL.jpg,10,train,0066MR0002930140103292E01_DRCL,True,data/msl/extracted/msl-labeled-data-set-v2.1/images/0066MR0002930140103292E01_DRCL.jpg,0066MR0002930140103292E01_DRCL,66,mastcam_right,Float
0137MR0008170100200943E01_DRCL.jpg,3,train,0137MR0008170100200943E01_DRCL,True,data/msl/extracted/msl-labeled-data-set-v2.1/images/0137MR0008170100200943E01_DRCL.jpg,0137MR0008170100200943E01_DRCL,137,mastcam_right,Nearby surface
0395MR0016260130302188E01_DRCL.jpg,3,train,0395MR0016260130302188E01_DRCL,True,data/msl/extracted/msl-labeled-data-set-v2.1/images/0395MR0016260130302188E01_DRCL.jpg,0395MR0016260130302188E01_DRCL,395,mastcam_right,Nearby surface
0060MH0000350010100548E01_DRCL.jpg,14,train,0060MH0000350010100548E01_DRCL,True,data/msl/extracted/msl-labeled-data-set-v2.1/images/0060MH0000350010100548E01_DRCL.jpg,0060MH0000350010100548E01_DRCL,60,mahli,Sand
0740ML0031720010205490E01_DRCL.jpg,3,train,0740ML0031720010205490E01_DRCL,True,data/msl/extracted/msl-labeled-data-set-v2.1/images/0740ML0031720010205490E01_DRCL.jpg,0740ML0031720010205490E01_DRCL,740,mastcam_left,Nearby surface
0813MH0004480040301123I01_DRCL.jpg,6,train,0813MH0004480040301123I01_DRCL,True,data/msl/extracted/msl-labeled-data-set-v2.1/images/0813MH0004480040301123I01_DRCL.jpg,0813MH0004480040301123I01_DRCL,813,mahli,DRT spot
0357ML0014570060108523I01_DRCL.jpg,2,train,0357ML0014570060108523I01_DRCL,True,data/msl/extracted/msl-labeled-data-set-v2.1/images/0357ML0014570060108523I01_DRCL.jpg,0357ML0014570060108523I01_DRCL,357,mastcam_left,Artifact
0580ML0024071570300168I01_DRCL.jpg,14,train,0580ML0024071570300168I01_DRCL,True,data/msl/extracted/msl-labeled-data-set-v2.1/images/0580ML0024071570300168I01_DRCL.jpg,0580ML0024071570300168I01_DRCL,580,mastcam_left,Sand
0569ML0023080050204850E01_DRCL.jpg,10,train,0569ML0023080050204850E01_DRCL,True,data/msl/extracted/msl-labeled-data-set-v2.1/images/0569ML0023080050204850E01_DRCL.jpg,0569ML0023080050204850E01_DRCL,569,mastcam_left,Float
0646MR0027470110401896E01_DRCL.jpg,3,train,0646MR0027470110401896E01_DRCL,True,data/msl/extracted/msl-labeled-data-set-v2.1/images/0646MR0027470110401896E01_DRCL.jpg,0646MR0027470110401896E01_DRCL,646,mastcam_right,Nearby surface
0860MH0002240020302054I01_DRCL.jpg,4,train,0860MH0002240020302054I01_DRCL,True,data/msl/extracted/msl-labeled-data-set-v2.1/images/0860MH0002240020302054I01_DRCL.jpg,0860MH0002240020302054I01_DRCL,860,mahli,Close-up rock
0742MH0001900000204473I01_DRCL.jpg,4,train,0742MH0001900000204473I01_DRCL,True,data/msl/extracted/msl-labeled-data-set-v2.1/images/0742MH0001900000204473I01_DRCL.jpg,0742MH0001900000204473I01_DRCL,742,mahli,Close-up rock
0291MH0002770020103405I01_DRCL.jpg,6,train,0291MH0002770020103405I01_DRCL,True,data/msl/extracted/msl-labeled-data-set-v2.1/images/0291MH0002770020103405I01_DRCL.jpg,0291MH0002770020103405I01_DRCL,291,mahli,DRT spot
0540ML0021310920203657E01_DRCL.jpg,3,train,0540ML0021310920203657E01_DRCL,True,data/msl/extracted/msl-labeled-data-set-v2.1/images/0540ML0021310920203657E01_DRCL.jpg,0540ML0021310920203657E01_DRCL,540,mastcam_left,Nearby surface
0735ML0031500300205271I01_DRCL.jpg,14,train,0735ML0031500300205271I01_DRCL,True,data/msl/extracted/msl-labeled-data-set-v2.1/images/0735ML0031500300205271I01_DRCL.jpg,0735ML0031500300205271I01_DRCL,735,mastcam_left,Sand
0604ML0025500030301404E01_DRCL.jpg,3,train,0604ML0025500030301404E01_DRCL,True,data/msl/extracted/msl-labeled-data-set-v2.1/images/0604ML0025500030301404E01_DRCL.jpg,0604ML0025500030301404E01_DRCL,604,mastcam_left,Nearby surface
0901ML0039490680402218C00_DRCL.jpg,3,train,0901ML0039490680402218C00_DRCL,True,data/msl/extracted/msl-labeled-data-set-v2.1/images/0901ML0039490680402218C00_DRCL.jpg,0901ML0039490680402218C00_DRCL,901,mastcam_left,Nearby surface
0365ML0014880010108666E01_DRCL.jpg,7,train,0365ML0014880010108666E01_DRCL,True,data/msl/extracted/msl-labeled-data-set-v2.1/images/0365ML0014880010108666E01_DRCL.jpg,0365ML0014880010108666E01_DRCL,365,mastcam_left,Distant landscape
0149MH0001670020101317I01_DRCL.jpg,4,train,0149MH0001670020101317I01_DRCL,True,data/msl/extracted/msl-labeled-data-set-v2.1/images/0149MH0001670020101317I01_DRCL.jpg,0149MH0001670020101317I01_DRCL,149,mahli,Close-up rock
0728ML0031230020305121D01_DRCL.jpg,13,train,0728ML0031230020305121D01_DRCL,True,data/msl/extracted/msl-labeled-data-set-v2.1/images/0728ML0031230020305121D01_DRCL.jpg,0728ML0031230020305121D01_DRCL,728,mastcam_left,Mastcam cal target
0425ML0017360220201260E01_DRCL.jpg,7,train,0425ML0017360220201260E01_DRCL,True,data/msl/extracted/msl-labeled-data-set-v2.1/images/0425ML0017360220201260E01_DRCL.jpg,0425ML0017360220201260E01_DRCL,425,mastcam_left,Distant landscape
0054MR0002480120103045E01_DRCL.jpg,3,train,0054MR0002480120103045E01_DRCL,True,data/msl/extracted/msl-labeled-data-set-v2.1/images/0054MR0002480120103045E01_DRCL.jpg,0054MR0002480120103045E01_DRCL,54,mastcam_right,Nearby surface
0590ML0024830390300692E01_DRCL.jpg,3,train,0590ML0024830390300692E01_DRCL,True,data/msl/extracted/msl-labeled-data-set-v2.1/images/0590ML0024830390300692E01_DRCL.jpg,0590ML0024830390300692E01_DRCL,590,mastcam_left,Nearby surface
0322MH0002990020103981I01_DRCL.jpg,4,train,0322MH0002990020103981I01_DRCL,True,data/msl/extracted/msl-labeled-data-set-v2.1/images/0322MH0002990020103981I01_DRCL.jpg,0322MH0002990020103981I01_DRCL,322,mahli,Close-up rock
0425ML0017360420201280E01_DRCL.jpg,3,train,0425ML0017360420201280E01_DRCL,True,data/msl/extracted/msl-labeled-data-set-v2.1/images/0425ML0017360420201280E01_DRCL.jpg,0425ML0017360420201280E01_DRCL,425,mastcam_left,Nearby surface
0343MR0013880040301098E01_DRCL.jpg,7,train,0343MR0013880040301098E01_DRCL,True,data/msl/extracted/msl-labeled-data-set-v2.1/images/0343MR0013880040301098E01_DRCL.jpg,0343MR0013880040301098E01_DRCL,343,mastcam_right,Distant landscape
0802MH0003370020300343I01_DRCL.jpg,4,train,0802MH0003370020300343I01_DRCL,True,data/msl/extracted/msl-labeled-data-set-v2.1/images/0802MH0003370020300343I01_DRCL.jpg,0802MH0003370020300343I01_DRCL,802,mahli,Close-up rock
0666ML0028380100303585E01_DRCL.jpg,7,train,0666ML0028380100303585E01_DRCL,True,data/msl/extracted/msl-labeled-data-set-v2.1/images/0666ML0028380100303585E01_DRCL.jpg,0666ML0028380100303585E01_DRCL,666,mastcam_left,Distant landscape
0919MR0040350140501563C00_DRCL.jpg,3,train,0919MR0040350140501563C00_DRCL,True,data/msl/extracted/msl-labeled-data-set-v2.1/images/0919MR0040350140501563C00_DRCL.jpg,0919MR0040350140501563C00_DRCL,919,mastcam_right,Nearby surface
0174ML0009360290105218C00_DRCL.jpg,2,train,0174ML0009360290105218C00_DRCL,True,data/msl/extracted/msl-labeled-data-set-v2.1/images/0174ML0009360290105218C00_DRCL.jpg,0174ML0009360290105218C00_DRCL,174,mastcam_left,Artifact
0292MH0002810030103600I01_DRCL.jpg,2,train,0292MH0002810030103600I01_DRCL,True,data/msl/extracted/msl-labeled-data-set-v2.1/images/0292MH0002810030103600I01_DRCL.jpg,0292MH0002810030103600I01_DRCL,292,mahli,Artifact
0783ML0033770000400389E01_DRCL.jpg,9,train,0783ML0033770000400389E01_DRCL,True,data/msl/extracted/msl-labeled-data-set-v2.1/images/0783ML0033770000400389E01_DRCL.jpg,0783ML0033770000400389E01_DRCL,783,mastcam_left,Night sky
0074MH0000890000100799I01_DRCL.jpg,2,train,0074MH0000890000100799I01_DRCL,True,data/msl/extracted/msl-labeled-data-set-v2.1/images/0074MH0000890000100799I01_DRCL.jpg,0074MH0000890000100799I01_DRCL,74,mahli,Artifact
0389ML0016000020200444E01_DRCL.jpg,7,train,0389ML0016000020200444E01_DRCL,True,data/msl/extracted/msl-labeled-data-set-v2.1/images/0389ML0016000020200444E01_DRCL.jpg,0389ML0016000020200444E01_DRCL,389,mastcam_left,Distant landscape
0164ML0008820020104613E01_DRCL.jpg,3,train,0164ML0008820020104613E01_DRCL,True,data/msl/extracted/msl-labeled-data-set-v2.1/images/0164ML0008820020104613E01_DRCL.jpg,0164ML0008820020104613E01_DRCL,164,mastcam_left,Nearby surface
0679MR0028830060402138E01_DRCL.jpg,14,train,0679MR0028830060402138E01_DRCL,True,data/msl/extracted/msl-labeled-data-set-v2.1/images/0679MR0028830060402138E01_DRCL.jpg,0679MR0028830060402138E01_DRCL,679,mastcam_right,Sand
0696MH0003630020204112I01_DRCL.jpg,4,train,0696MH0003630020204112I01_DRCL,True,data/msl/extracted/msl-labeled-data-set-v2.1/images/0696MH0003630020204112I01_DRCL.jpg,0696MH0003630020204112I01_DRCL,696,mahli,Close-up rock
0080MR0005940430104050I01_DRCL.jpg,3,train,0080MR0005940430104050I01_DRCL,True,data/msl/extracted/msl-labeled-data-set-v2.1/images/0080MR0005940430104050I01_DRCL.jpg,0080MR0005940430104050I01_DRCL,80,mastcam_right,Nearby surface
0663ML0028210000303364I01_DRCL.jpg,7,train,0663ML0028210000303364I01_DRCL,True,data/msl/extracted/msl-labeled-data-set-v2.1/images/0663ML0028210000303364I01_DRCL.jpg,0663ML0028210000303364I01_DRCL,663,mastcam_left,Distant landscape
0192ML0010180250105810E01_DRCL.jpg,3,train,0192ML0010180250105810E01_DRCL,True,data/msl/extracted/msl-labeled-data-set-v2.1/images/0192ML0010180250105810E01_DRCL.jpg,0192ML0010180250105810E01_DRCL,192,mastcam_left,Nearby surface
0271MR0011910350203352D01_DRCL.jpg,3,train,0271MR0011910350203352D01_DRCL,True,data/msl/extracted/msl-labeled-data-set-v2.1/images/0271MR0011910350203352D01_DRCL.jpg,0271MR0011910350203352D01_DRCL,271,mastcam_right,Nearby surface
0023ML0001140280100661C00_DRCL.jpg,7,train,0023ML0001140280100661C00_DRCL,True,data/msl/extracted/msl-labeled-data-set-v2.1/images/0023ML0001140280100661C00_DRCL.jpg,0023ML0001140280100661C00_DRCL,23,mastcam_left,Distant landscape
0650MR0027900030401937L01_DRCL.jpg,15,train,0650MR0027900030401937L01_DRCL,True,data/msl/extracted/msl-labeled-data-set-v2.1/images/0650MR0027900030401937L01_DRCL.jpg,0650MR0027900030401937L01_DRCL,650,mastcam_right,Sun
0590ML0024830400300693E01_DRCL.jpg,3,train,0590ML0024830400300693E01_DRCL,True,data/msl/extracted/msl-labeled-data-set-v2.1/images/0590ML0024830400300693E01_DRCL.jpg,0590ML0024830400300693E01_DRCL,590,mastcam_left,Nearby surface
0104MR0006780090104502E01_DRCL.jpg,3,train,0104MR0006780090104502E01_DRCL,True,data/msl/extracted/msl-labeled-data-set-v2.1/images/0104MR0006780090104502E01_DRCL.jpg,0104MR0006780090104502E01_DRCL,104,mastcam_right,Nearby surface
0530ML0021050070203326E01_DRCL.jpg,7,train,0530ML0021050070203326E01_DRCL,True,data/msl/extracted/msl-labeled-data-set-v2.1/images/0530ML0021050070203326E01_DRCL.jpg,0530ML0021050070203326E01_DRCL,530,mastcam_left,Distant landscape
0042MR0001830110101687K00_DRCL.jpg,15,train,0042MR0001830110101687K00_DRCL,True,data/msl/extracted/msl-labeled-data-set-v2.1/images/0042MR0001830110101687K00_DRCL.jpg,0042MR0001830110101687K00_DRCL,42,mastcam_right,Sun
0320ML0010520210107769I01_DRCL.jpg,2,train,0320ML0010520210107769I01_DRCL,True,data/msl/extracted/msl-labeled-data-set-v2.1/images/0320ML0010520210107769I01_DRCL.jpg,0320ML0010520210107769I01_DRCL,320,mastcam_left,Artifact
0880MH0002970020302333I01_DRCL.jpg,6,train,0880MH0002970020302333I01_DRCL,True,data/msl/extracted/msl-labeled-data-set-v2.1/images/0880MH0002970020302333I01_DRCL.jpg,0880MH0002970020302333I01_DRCL,880,mahli,DRT spot
0583MH0001730020202016I01_DRCL.jpg,4,train,0583MH0001730020202016I01_DRCL,True,data/msl/extracted/msl-labeled-data-set-v2.1/images/0583MH0001730020202016I01_DRCL.jpg,0583MH0001730020202016I01_DRCL,583,mahli,Close-up rock
0406ML0016830020200864E01_DRCL.jpg,7,train,0406ML0016830020200864E01_DRCL,True,data/msl/extracted/msl-labeled-data-set-v2.1/images/0406ML0016830020200864E01_DRCL.jpg,0406ML0016830020200864E01_DRCL,406,mastcam_left,Distant landscape
0037MR0000990110101104Q01_DRCL.jpg,2,train,0037MR0000990110101104Q01_DRCL,True,data/msl/extracted/msl-labeled-data-set-v2.1/images/0037MR0000990110101104Q01_DRCL.jpg,0037MR0000990110101104Q01_DRCL,37,mastcam_right,Artifact
0356ML0014510010108499I01_DRCL.jpg,3,train,0356ML0014510010108499I01_DRCL,True,data/msl/extracted/msl-labeled-data-set-v2.1/images/0356ML0014510010108499I01_DRCL.jpg,0356ML0014510010108499I01_DRCL,356,mastcam_left,Nearby surface
0741MR0031820300403199E01_DRCL.jpg,3,train,0741MR0031820300403199E01_DRCL,True,data/msl/extracted/msl-labeled-data-set-v2.1/images/0741MR0031820300403199E01_DRCL.jpg,0741MR0031820300403199E01_DRCL,741,mastcam_right,Nearby surface
0398MH0003130010104558C00_DRCL.jpg,4,train,0398MH0003130010104558C00_DRCL,True,data/msl/extracted/msl-labeled-data-set-v2.1/images/0398MH0003130010104558C00_DRCL.jpg,0398MH0003130010104558C00_DRCL,398,mahli,Close-up rock
0898ML0039400950402068C00_DRCL.jpg,14,train,0898ML0039400950402068C00_DRCL,True,data/msl/extracted/msl-labeled-data-set-v2.1/images/0898ML0039400950402068C00_DRCL.jpg,0898ML0039400950402068C00_DRCL,898,mastcam_left,Sand
0905MH0004280020302851I01_DRCL.jpg,4,train,0905MH0004280020302851I01_DRCL,True,data/msl/extracted/msl-labeled-data-set-v2.1/images/0905MH0004280020302851I01_DRCL.jpg,0905MH0004280020302851I01_DRCL,905,mahli,Close-up rock
0425ML0017360340201272E01_DRCL.jpg,7,train,0425ML0017360340201272E01_DRCL,True,data/msl/extracted/msl-labeled-data-set-v2.1/images/0425ML0017360340201272E01_DRCL.jpg,0425ML0017360340201272E01_DRCL,425,mastcam_left,Distant landscape
0137ML0008180350104180E01_DRCL.jpg,3,train,0137ML0008180350104180E01_DRCL,True,data/msl/extracted/msl-labeled-data-set-v2.1/images/0137ML0008180350104180E01_DRCL.jpg,0137ML0008180350104180E01_DRCL,137,mastcam_left,Nearby surface
0283MH0001840020103263I01_DRCL.jpg,4,train,0283MH0001840020103263I01_DRCL,True,data/msl/extracted/msl-labeled-data-set-v2.1/images/0283MH0001840020103263I01_DRCL.jpg,0283MH0001840020103263I01_DRCL,283,mahli,Close-up rock
0037ML0000990110101129D01_DRCL.jpg,15,train,0037ML0000990110101129D01_DRCL,True,data/msl/extracted/msl-labeled-data-set-v2.1/images/0037ML0000990110101129D01_DRCL.jpg,0037ML0000990110101129D01_DRCL,37,mastcam_left,Sun
0109MR0006850500200259E01_DRCL.jpg,3,train,0109MR0006850500200259E01_DRCL,True,data/msl/extracted/msl-labeled-data-set-v2.1/images/0109MR0006850500200259E01_DRCL.jpg,0109MR0006850500200259E01_DRCL,109,mastcam_right,Nearby surface
0111ML0006870920103659E01_DRCL.jpg,3,train,0111ML0006870920103659E01_DRCL,True,data/msl/extracted/msl-labeled-data-set-v2.1/images/0111ML0006870920103659E01_DRCL.jpg,0111ML0006870920103659E01_DRCL,111,mastcam_left,Nearby surface
0443ML0018220020201883D01_DRCL.jpg,3,train,0443ML0018220020201883D01_DRCL,True,data/msl/extracted/msl-labeled-data-set-v2.1/images/0443ML0018220020201883D01_DRCL.jpg,0443ML0018220020201883D01_DRCL,443,mastcam_left,Nearby surface
0323MH0001680020104064I01_DRCL.jpg,4,train,0323MH0001680020104064I01_DRCL,True,data/msl/extracted/msl-labeled-data-set-v2.1/images/0323MH0001680020104064I01_DRCL.jpg,0323MH0001680020104064I01_DRCL,323,mahli,Close-up rock
0584MH0003650010202356C00_DRCL.jpg,14,train,0584MH0003650010202356C00_DRCL,True,data/msl/extracted/msl-labeled-data-set-v2.1/images/0584MH0003650010202356C00_DRCL.jpg,0584MH0003650010202356C00_DRCL,584,mahli,Sand
0090MR0006320140104325E01_DRCL.jpg,3,train,0090MR0006320140104325E01_DRCL,True,data/msl/extracted/msl-labeled-data-set-v2.1/images/0090MR0006320140104325E01_DRCL.jpg,0090MR0006320140104325E01_DRCL,90,mastcam_right,Nearby surface
0137ML0008170020104064E01_DRCL.jpg,3,train,0137ML0008170020104064E01_DRCL,True,data/msl/extracted/msl-labeled-data-set-v2.1/images/0137ML0008170020104064E01_DRCL.jpg,0137ML0008170020104064E01_DRCL,137,mastcam_left,Nearby surface
0494ML0019671000202632E01_DRCL.jpg,3,train,0494ML0019671000202632E01_DRCL,True,data/msl/extracted/msl-labeled-data-set-v2.1/images/0494ML0019671000202632E01_DRCL.jpg,0494ML0019671000202632E01_DRCL,494,mastcam_left,Nearby surface
0555ML0022530010204569E01_DRCL.jpg,3,train,0555ML0022530010204569E01_DRCL,True,data/msl/extracted/msl-labeled-data-set-v2.1/images/0555ML0022530010204569E01_DRCL.jpg,0555ML0022530010204569E01_DRCL,555,mastcam_left,Nearby surface
0147MR0008360110201195D01_DRCL.jpg,3,train,0147MR0008360110201195D01_DRCL,True,data/msl/extracted/msl-labeled-data-set-v2.1/images/0147MR0008360110201195D01_DRCL.jpg,0147MR0008360110201195D01_DRCL,147,mastcam_right,Nearby surface
0585MH0002970020202724I01_DRCL.jpg,4,train,0585MH0002970020202724I01_DRCL,True,data/msl/extracted/msl-labeled-data-set-v2.1/images/0585MH0002970020202724I01_DRCL.jpg,0585MH0002970020202724I01_DRCL,585,mahli,Close-up rock
0706MH0004170020204190I01_DRCL.jpg,4,train,0706MH0004170020204190I01_DRCL,True,data/msl/extracted/msl-labeled-data-set-v2.1/images/0706MH0004170020204190I01_DRCL.jpg,0706MH0004170020204190I01_DRCL,706,mahli,Close-up rock
0120MR0007520350200712E01_DRCL.jpg,11,train,0120MR0007520350200712E01_DRCL,True,data/msl/extracted/msl-labeled-data-set-v2.1/images/0120MR0007520350200712E01_DRCL.jpg,0120MR0007520350200712E01_DRCL,120,mastcam_right,Layers
0740MR0031700000403135I01_DRCL.jpg,2,train,0740MR0031700000403135I01_DRCL,True,data/msl/extracted/msl-labeled-data-set-v2.1/images/0740MR0031700000403135I01_DRCL.jpg,0740MR0031700000403135I01_DRCL,740,mastcam_right,Artifact
0745ML0032020050205758D01_DRCL.jpg,2,train,0745ML0032020050205758D01_DRCL,True,data/msl/extracted/msl-labeled-data-set-v2.1/images/0745ML0032020050205758D01_DRCL.jpg,0745ML0032020050205758D01_DRCL,745,mastcam_left,Artifact
0665MR0028340000402095E01_DRCL.jpg,3,train,0665MR0028340000402095E01_DRCL,True,data/msl/extracted/msl-labeled-data-set-v2.1/images/0665MR0028340000402095E01_DRCL.jpg,0665MR0028340000402095E01_DRCL,665,mastcam_right,Nearby surface
0862ML0037950020401659E01_DRCL.jpg,3,train,0862ML0037950020401659E01_DRCL,True,data/msl/extracted/msl-labeled-data-set-v2.1/images/0862ML0037950020401659E01_DRCL.jpg,0862ML0037950020401659E01_DRCL,862,mastcam_left,Nearby surface
0931ML0040940290402899I01_DRCL.jpg,3,train,0931ML0040940290402899I01_DRCL,True,data/msl/extracted/msl-labeled-data-set-v2.1/images/0931ML0040940290402899I01_DRCL.jpg,0931ML0040940290402899I01_DRCL,931,mastcam_left,Nearby surface
0109MR0006840190200186E01_DRCL.jpg,3,train,0109MR0006840190200186E01_DRCL,True,data/msl/extracted/msl-labeled-data-set-v2.1/images/0109MR0006840190200186E01_DRCL.jpg,0109MR0006840190200186E01_DRCL,109,mastcam_right,Nearby surface
0192ML0010190010105813E01_DRCL.jpg,3,train,0192ML0010190010105813E01_DRCL,True,data/msl/extracted/msl-labeled-data-set-v2.1/images/0192ML0010190010105813E01_DRCL.jpg,0192ML0010190010105813E01_DRCL,192,mastcam_left,Nearby surface
0020ML0001030050100459C00_DRCL.jpg,3,train,0020ML0001030050100459C00_DRCL,True,data/msl/extracted/msl-labeled-data-set-v2.1/images/0020ML0001030050100459C00_DRCL.jpg,0020ML0001030050100459C00_DRCL,20,mastcam_left,Nearby surface
0508ML0020000320202793E01_DRCL.jpg,3,train,0508ML0020000320202793E01_DRCL,True,data/msl/extracted/msl-labeled-data-set-v2.1/images/0508ML0020000320202793E01_DRCL.jpg,0508ML0020000320202793E01_DRCL,508,mastcam_left,Nearby surface
0394MH0003060020104452I01_DRCL.jpg,4,train,0394MH0003060020104452I01_DRCL,True,data/msl/extracted/msl-labeled-data-set-v2.1/images/0394MH0003060020104452I01_DRCL.jpg,0394MH0003060020104452I01_DRCL,394,mahli,Close-up rock
0605MH0003350020203280I01_DRCL.jpg,14,train,0605MH0003350020203280I01_DRCL,True,data/msl/extracted/msl-labeled-data-set-v2.1/images/0605MH0003350020203280I01_DRCL.jpg,0605MH0003350020203280I01_DRCL,605,mahli,Sand
0815MH0001740020301454I01_DRCL.jpg,6,train,0815MH0001740020301454I01_DRCL,True,data/msl/extracted/msl-labeled-data-set-v2.1/images/0815MH0001740020301454I01_DRCL.jpg,0815MH0001740020301454I01_DRCL,815,mahli,DRT spot
0395ML0016260120200630E01_DRCL.jpg,3,train,0395ML0016260120200630E01_DRCL,True,data/msl/extracted/msl-labeled-data-set-v2.1/images/0395ML0016260120200630E01_DRCL.jpg,0395ML0016260120200630E01_DRCL,395,mastcam_left,Nearby surface
0663ML0028210590303423E01_DRCL.jpg,14,train,0663ML0028210590303423E01_DRCL,True,data/msl/extracted/msl-labeled-data-set-v2.1/images/0663ML0028210590303423E01_DRCL.jpg,0663ML0028210590303423E01_DRCL,663,mastcam_left,Sand
0048MR0002160050102671E01_DRCL.jpg,7,train,0048MR0002160050102671E01_DRCL,True,data/msl/extracted/msl-labeled-data-set-v2.1/images/0048MR0002160050102671E01_DRCL.jpg,0048MR0002160050102671E01_DRCL,48,mastcam_right,Distant landscape
0192MR0010190210202636E01_DRCL.jpg,14,train,0192MR0010190210202636E01_DRCL,True,data/msl/extracted/msl-labeled-data-set-v2.1/images/0192MR0010190210202636E01_DRCL.jpg,0192MR0010190210202636E01_DRCL,192,mastcam_right,Sand
0571ML0023120450204898E01_DRCL.jpg,3,train,0571ML0023120450204898E01_DRCL,True,data/msl/extracted/msl-labeled-data-set-v2.1/images/0571ML0023120450204898E01_DRCL.jpg,0571ML0023120450204898E01_DRCL,571,mastcam_left,Nearby surface
0173MR0009260470201855E01_DRCL.jpg,3,train,0173MR0009260470201855E01_DRCL,True,data/msl/extracted/msl-labeled-data-set-v2.1/images/0173MR0009260470201855E01_DRCL.jpg,0173MR0009260470201855E01_DRCL,173,mastcam_right,Nearby surface
0270MH0002240000102857I01_DRCL.jpg,2,train,0270MH0002240000102857I01_DRCL,True,data/msl/extracted/msl-labeled-data-set-v2.1/images/0270MH0002240000102857I01_DRCL.jpg,0270MH0002240000102857I01_DRCL,270,mahli,Artifact
0540ML0021311250203690E01_DRCL.jpg,3,train,0540ML0021311250203690E01_DRCL,True,data/msl/extracted/msl-labeled-data-set-v2.1/images/0540ML0021311250203690E01_DRCL.jpg,0540ML0021311250203690E01_DRCL,540,mastcam_left,Nearby surface
0110ML0006860830103531E01_DRCL.jpg,14,train,0110ML0006860830103531E01_DRCL,True,data/msl/extracted/msl-labeled-data-set-v2.1/images/0110ML0006860830103531E01_DRCL.jpg,0110ML0006860830103531E01_DRCL,110,mastcam_left,Sand
0037ML0000990110101028Q01_DRCL.jpg,15,train,0037ML0000990110101028Q01_DRCL,True,data/msl/extracted/msl-labeled-data-set-v2.1/images/0037ML0000990110101028Q01_DRCL.jpg,0037ML0000990110101028Q01_DRCL,37,mastcam_left,Sun
0931ML0040940380402908I01_DRCL.jpg,10,train,0931ML0040940380402908I01_DRCL,True,data/msl/extracted/msl-labeled-data-set-v2.1/images/0931ML0040940380402908I01_DRCL.jpg,0931ML0040940380402908I01_DRCL,931,mastcam_left,Float
0025MR0001260060100720D01_DRCL.jpg,7,train,0025MR0001260060100720D01_DRCL,True,data/msl/extracted/msl-labeled-data-set-v2.1/images/0025MR0001260060100720D01_DRCL.jpg,0025MR0001260060100720D01_DRCL,25,mastcam_right,Distant landscape
0315ML0012920650107281E01_DRCL.jpg,3,train,0315ML0012920650107281E01_DRCL,True,data/msl/extracted/msl-labeled-data-set-v2.1/images/0315ML0012920650107281E01_DRCL.jpg,0315ML0012920650107281E01_DRCL,315,mastcam_left,Nearby surface
0468ML0018660190202022C00_DRCL.jpg,7,train,0468ML0018660190202022C00_DRCL,True,data/msl/extracted/msl-labeled-data-set-v2.1/images/0468ML0018660190202022C00_DRCL.jpg,0468ML0018660190202022C00_DRCL,468,mastcam_left,Distant landscape
0554ML0022460130204503E01_DRCL.jpg,3,train,0554ML0022460130204503E01_DRCL,True,data/msl/extracted/msl-labeled-data-set-v2.1/images/0554ML0022460130204503E01_DRCL.jpg,0554ML0022460130204503E01_DRCL,554,mastcam_left,Nearby surface
0150MH0001690020101397I01_DRCL.jpg,4,train,0150MH0001690020101397I01_DRCL,True,data/msl/extracted/msl-labeled-data-set-v2.1/images/0150MH0001690020101397I01_DRCL.jpg,0150MH0001690020101397I01_DRCL,150,mahli,Close-up rock
0045MR0002080140102596E01_DRCL.jpg,7,train,0045MR0002080140102596E01_DRCL,True,data/msl/extracted/msl-labeled-data-set-v2.1/images/0045MR0002080140102596E01_DRCL.jpg,0045MR0002080140102596E01_DRCL,45,mastcam_right,Distant landscape
0901ML0039490020402152C00_DRCL.jpg,3,train,0901ML0039490020402152C00_DRCL,True,data/msl/extracted/msl-labeled-data-set-v2.1/images/0901ML0039490020402152C00_DRCL.jpg,0901ML0039490020402152C00_DRCL,901,mastcam_left,Nearby surface
0844MR0037530160500968C00_DRCL.jpg,10,train,0844MR0037530160500968C00_DRCL,True,data/msl/extracted/msl-labeled-data-set-v2.1/images/0844MR0037530160500968C00_DRCL.jpg,0844MR0037530160500968C00_DRCL,844,mastcam_right,Float
0883MH0004080010302620C00_DRCL.jpg,14,train,0883MH0004080010302620C00_DRCL,True,data/msl/extracted/msl-labeled-data-set-v2.1/images/0883MH0004080010302620C00_DRCL.jpg,0883MH0004080010302620C00_DRCL,883,mahli,Sand
0110MR0006860070200310E01_DRCL.jpg,10,train,0110MR0006860070200310E01_DRCL,True,data/msl/extracted/msl-labeled-data-set-v2.1/images/0110MR0006860070200310E01_DRCL.jpg,0110MR0006860070200310E01_DRCL,110,mastcam_right,Float
0138ML0008190260104282E01_DRCL.jpg,3,train,0138ML0008190260104282E01_DRCL,True,data/msl/extracted/msl-labeled-data-set-v2.1/images/0138ML0008190260104282E01_DRCL.jpg,0138ML0008190260104282E01_DRCL,138,mastcam_left,Nearby surface
0601ML0025390050301284E01_DRCL.jpg,3,train,0601ML0025390050301284E01_DRCL,True,data/msl/extracted/msl-labeled-data-set-v2.1/images/0601ML0025390050301284E01_DRCL.jpg,0601ML0025390050301284E01_DRCL,601,mastcam_left,Nearby surface
0771MR0033090020403869C00_DRCL.jpg,3,train,0771MR0033090020403869C00_DRCL,True,data/msl/extracted/msl-labeled-data-set-v2.1/images/0771MR0033090020403869C00_DRCL.jpg,0771MR0033090020403869C00_DRCL,771,mastcam_right,Nearby surface
0488ML0019370040202372E01_DRCL.jpg,7,train,0488ML0019370040202372E01_DRCL,True,data/msl/extracted/msl-labeled-data-set-v2.1/images/0488ML0019370040202372E01_DRCL.jpg,0488ML0019370040202372E01_DRCL,488,mastcam_left,Distant landscape
0107MR0006820160200017E01_DRCL.jpg,3,train,0107MR0006820160200017E01_DRCL,True,data/msl/extracted/msl-labeled-data-set-v2.1/images/0107MR0006820160200017E01_DRCL.jpg,0107MR0006820160200017E01_DRCL,107,mastcam_right,Nearby surface
0426MR0017390110302441E01_DRCL.jpg,3,train,0426MR0017390110302441E01_DRCL,True,data/msl/extracted/msl-labeled-data-set-v2.1/images/0426MR0017390110302441E01_DRCL.jpg,0426MR0017390110302441E01_DRCL,426,mastcam_right,Nearby surface
0399MH0003170000104680I01_DRCL.jpg,2,train,0399MH0003170000104680I01_DRCL,True,data/msl/extracted/msl-labeled-data-set-v2.1/images/0399MH0003170000104680I01_DRCL.jpg,0399MH0003170000104680I01_DRCL,399,mahli,Artifact
0802MH0003830020300433I01_DRCL.jpg,4,train,0802MH0003830020300433I01_DRCL,True,data/msl/extracted/msl-labeled-data-set-v2.1/images/0802MH0003830020300433I01_DRCL.jpg,0802MH0003830020300433I01_DRCL,802,mahli,Close-up rock
0485MH0003370020200371I01_DRCL.jpg,4,train,0485MH0003370020200371I01_DRCL,True,data/msl/extracted/msl-labeled-data-set-v2.1/images/0485MH0003370020200371I01_DRCL.jpg,0485MH0003370020200371I01_DRCL,485,mahli,Close-up rock
0019ML0000540800100361C00_DRCL.jpg,3,train,0019ML0000540800100361C00_DRCL,True,data/msl/extracted/msl-labeled-data-set-v2.1/images/0019ML0000540800100361C00_DRCL.jpg,0019ML0000540800100361C00_DRCL,19,mastcam_left,Nearby surface
0064MR0002850640103242E01_DRCL.jpg,3,train,0064MR0002850640103242E01_DRCL,True,data/msl/extracted/msl-labeled-data-set-v2.1/images/0064MR0002850640103242E01_DRCL.jpg,0064MR0002850640103242E01_DRCL,64,mastcam_right,Nearby surface
0044MR0002010620102441E01_DRCL.jpg,7,train,0044MR0002010620102441E01_DRCL,True,data/msl/extracted/msl-labeled-data-set-v2.1/images/0044MR0002010620102441E01_DRCL.jpg,0044MR0002010620102441E01_DRCL,44,mastcam_right,Distant landscape
0655ML0027770010303135E01_DRCL.jpg,3,train,0655ML0027770010303135E01_DRCL,True,data/msl/extracted/msl-labeled-data-set-v2.1/images/0655ML0027770010303135E01_DRCL.jpg,0655ML0027770010303135E01_DRCL,655,mastcam_left,Nearby surface
0388MR0015910430301983E01_DRCL.jpg,3,train,0388MR0015910430301983E01_DRCL,True,data/msl/extracted/msl-labeled-data-set-v2.1/images/0388MR0015910430301983E01_DRCL.jpg,0388MR0015910430301983E01_DRCL,388,mastcam_right,Nearby surface
0426ML0017390090201352E01_DRCL.jpg,3,train,0426ML0017390090201352E01_DRCL,True,data/msl/extracted/msl-labeled-data-set-v2.1/images/0426ML0017390090201352E01_DRCL.jpg,0426ML0017390090201352E01_DRCL,426,mastcam_left,Nearby surface
0513MR0020190160303215E01_DRCL.jpg,3,train,0513MR0020190160303215E01_DRCL,True,data/msl/extracted/msl-labeled-data-set-v2.1/images/0513MR0020190160303215E01_DRCL.jpg,0513MR0020190160303215E01_DRCL,513,mastcam_right,Nearby surface
0437ML0017810010201486E01_DRCL.jpg,7,train,0437ML0017810010201486E01_DRCL,True,data/msl/extracted/msl-labeled-data-set-v2.1/images/0437ML0017810010201486E01_DRCL.jpg,0437ML0017810010201486E01_DRCL,437,mastcam_left,Distant landscape
0417MR0017170080302401E01_DRCL.jpg,3,train,0417MR0017170080302401E01_DRCL,True,data/msl/extracted/msl-labeled-data-set-v2.1/images/0417MR0017170080302401E01_DRCL.jpg,0417MR0017170080302401E01_DRCL,417,mastcam_right,Nearby surface
0089MR0006260000104234E01_DRCL.jpg,14,train,0089MR0006260000104234E01_DRCL,True,data/msl/extracted/msl-labeled-data-set-v2.1/images/0089MR0006260000104234E01_DRCL.jpg,0089MR0006260000104234E01_DRCL,89,mastcam_right,Sand
0138MR0008190440201058E01_DRCL.jpg,3,train,0138MR0008190440201058E01_DRCL,True,data/msl/extracted/msl-labeled-data-set-v2.1/images/0138MR0008190440201058E01_DRCL.jpg,0138MR0008190440201058E01_DRCL,138,mastcam_right,Nearby surface
0647ML0027511050303021E01_DRCL.jpg,3,train,0647ML0027511050303021E01_DRCL,True,data/msl/extracted/msl-labeled-data-set-v2.1/images/0647ML0027511050303021E01_DRCL.jpg,0647ML0027511050303021E01_DRCL,647,mastcam_left,Nearby surface
0025ML0001270280100835I01_DRCL.jpg,3,train,0025ML0001270280100835I01_DRCL,True,data/msl/extracted/msl-labeled-data-set-v2.1/images/0025ML0001270280100835I01_DRCL.jpg,0025ML0001270280100835I01_DRCL,25,mastcam_left,Nearby surface
0292MH0002820000103560I01_DRCL.jpg,2,train,0292MH0002820000103560I01_DRCL,True,data/msl/extracted/msl-labeled-data-set-v2.1/images/0292MH0002820000103560I01_DRCL.jpg,0292MH0002820000103560I01_DRCL,292,mahli,Artifact
0392ML0016170010200556E01_DRCL.jpg,3,train,0392ML0016170010200556E01_DRCL,True,data/msl/extracted/msl-labeled-data-set-v2.1/images/0392ML0016170010200556E01_DRCL.jpg,0392ML0016170010200556E01_DRCL,392,mastcam_left,Nearby surface
0565MR0022890140303964E01_DRCL.jpg,3,train,0565MR0022890140303964E01_DRCL,True,data/msl/extracted/msl-labeled-data-set-v2.1/images/0565MR0022890140303964E01_DRCL.jpg,0565MR0022890140303964E01_DRCL,565,mastcam_right,Nearby surface
0054MH0000170030100350I01_DRCL.jpg,2,train,0054MH0000170030100350I01_DRCL,True,data/msl/extracted/msl-labeled-data-set-v2.1/images/0054MH0000170030100350I01_DRCL.jpg,0054MH0000170030100350I01_DRCL,54,mahli,Artifact
0440ML0018030090201754E01_DRCL.jpg,3,train,0440ML0018030090201754E01_DRCL,True,data/msl/extracted/msl-labeled-data-set-v2.1/images/0440ML0018030090201754E01_DRCL.jpg,0440ML0018030090201754E01_DRCL,440,mastcam_left,Nearby surface
0778MR0033700300404025E01_DRCL.jpg,3,train,0778MR0033700300404025E01_DRCL,True,data/msl/extracted/msl-labeled-data-set-v2.1/images/0778MR0033700300404025E01_DRCL.jpg,0778MR0033700300404025E01_DRCL,778,mastcam_right,Nearby surface
0079MR0005910270103987E01_DRCL.jpg,3,train,0079MR0005910270103987E01_DRCL,True,data/msl/extracted/msl-labeled-data-set-v2.1/images/0079MR0005910270103987E01_DRCL.jpg,0079MR0005910270103987E01_DRCL,79,mastcam_right,Nearby surface
0819MH0003080020301518I01_DRCL.jpg,6,train,0819MH0003080020301518I01_DRCL,True,data/msl/extracted/msl-labeled-data-set-v2.1/images/0819MH0003080020301518I01_DRCL.jpg,0819MH0003080020301518I01_DRCL,819,mahli,DRT spot
0184ML0009251010105401E01_DRCL.jpg,3,train,0184ML0009251010105401E01_DRCL,True,data/msl/extracted/msl-labeled-data-set-v2.1/images/0184ML0009251010105401E01_DRCL.jpg,0184ML0009251010105401E01_DRCL,184,mastcam_left,Nearby surface
0677ML0028750000303894E01_DRCL.jpg,3,train,0677ML0028750000303894E01_DRCL,True,data/msl/extracted/msl-labeled-data-set-v2.1/images/0677ML0028750000303894E01_DRCL.jpg,0677ML0028750000303894E01_DRCL,677,mastcam_left,Nearby surface
0168MH0002080020102131I01_DRCL.jpg,4,train,0168MH0002080020102131I01_DRCL,True,data/msl/extracted/msl-labeled-data-set-v2.1/images/0168MH0002080020102131I01_DRCL.jpg,0168MH0002080020102131I01_DRCL,168,mahli,Close-up rock
0345ML0013970420108234E01_DRCL.jpg,3,train,0345ML0013970420108234E01_DRCL,True,data/msl/extracted/msl-labeled-data-set-v2.1/images/0345ML0013970420108234E01_DRCL.jpg,0345ML0013970420108234E01_DRCL,345,mastcam_left,Nearby surface
0781MR0033720040404102C00_DRCL.jpg,9,train,0781MR0033720040404102C00_DRCL,True,data/msl/extracted/msl-labeled-data-set-v2.1/images/0781MR0033720040404102C00_DRCL.jpg,0781MR0033720040404102C00_DRCL,781,mastcam_right,Night sky
0051MR0002310050102860E01_DRCL.jpg,7,train,0051MR0002310050102860E01_DRCL,True,data/msl/extracted/msl-labeled-data-set-v2.1/images/0051MR0002310050102860E01_DRCL.jpg,0051MR0002310050102860E01_DRCL,51,mastcam_right,Distant landscape
0489ML0019470220202407D01_DRCL.jpg,2,train,0489ML0019470220202407D01_DRCL,True,data/msl/extracted/msl-labeled-data-set-v2.1/images/0489ML0019470220202407D01_DRCL.jpg,0489ML0019470220202407D01_DRCL,489,mastcam_left,Artifact
0066ML0002960370102480E01_DRCL.jpg,14,train,0066ML0002960370102480E01_DRCL,True,data/msl/extracted/msl-labeled-data-set-v2.1/images/0066ML0002960370102480E01_DRCL.jpg,0066ML0002960370102480E01_DRCL,66,mastcam_left,Sand
0141MR0008290000201091E01_DRCL.jpg,7,train,0141MR0008290000201091E01_DRCL,True,data/msl/extracted/msl-labeled-data-set-v2.1/images/0141MR0008290000201091E01_DRCL.jpg,0141MR0008290000201091E01_DRCL,141,mastcam_right,Distant landscape
0077MR0005750070103782E01_DRCL.jpg,3,train,0077MR0005750070103782E01_DRCL,True,data/msl/extracted/msl-labeled-data-set-v2.1/images/0077MR0005750070103782E01_DRCL.jpg,0077MR0005750070103782E01_DRCL,77,mastcam_right,Nearby surface
0020ML0000580040100425C00_DRCL.jpg,3,train,0020ML0000580040100425C00_DRCL,True,data/msl/extracted/msl-labeled-data-set-v2.1/images/0020ML0000580040100425C00_DRCL.jpg,0020ML0000580040100425C00_DRCL,20,mastcam_left,Nearby surface
0042ML0001810030101570Q01_DRCL.jpg,15,train,0042ML0001810030101570Q01_DRCL,True,data/msl/extracted/msl-labeled-data-set-v2.1/images/0042ML0001810030101570Q01_DRCL.jpg,0042ML0001810030101570Q01_DRCL,42,mastcam_left,Sun
0696MH0003350020204087I01_DRCL.jpg,4,train,0696MH0003350020204087I01_DRCL,True,data/msl/extracted/msl-labeled-data-set-v2.1/images/0696MH0003350020204087I01_DRCL.jpg,0696MH0003350020204087I01_DRCL,696,mahli,Close-up rock
0352ML0014380890108467I01_DRCL.jpg,3,train,0352ML0014380890108467I01_DRCL,True,data/msl/extracted/msl-labeled-data-set-v2.1/images/0352ML0014380890108467I01_DRCL.jpg,0352ML0014380890108467I01_DRCL,352,mastcam_left,Nearby surface
0732ML0031400050205198D01_DRCL.jpg,2,train,0732ML0031400050205198D01_DRCL,True,data/msl/extracted/msl-labeled-data-set-v2.1/images/0732ML0031400050205198D01_DRCL.jpg,0732ML0031400050205198D01_DRCL,732,mastcam_left,Artifact
0592ML0024921180300933E01_DRCL.jpg,3,train,0592ML0024921180300933E01_DRCL,True,data/msl/extracted/msl-labeled-data-set-v2.1/images/0592ML0024921180300933E01_DRCL.jpg,0592ML0024921180300933E01_DRCL,592,mastcam_left,Nearby surface
0437ML0017810340201519E01_DRCL.jpg,7,train,0437ML0017810340201519E01_DRCL,True,data/msl/extracted/msl-labeled-data-set-v2.1/images/0437ML0017810340201519E01_DRCL.jpg,0437ML0017810340201519E01_DRCL,437,mastcam_left,Distant landscape
0561ML0022690010204622I01_DRCL.jpg,3,train,0561ML0022690010204622I01_DRCL,True,data/msl/extracted/msl-labeled-data-set-v2.1/images/0561ML0022690010204622I01_DRCL.jpg,0561ML0022690010204622I01_DRCL,561,mastcam_left,Nearby surface
0901ML0039470020402126E01_DRCL.jpg,3,train,0901ML0039470020402126E01_DRCL,True,data/msl/extracted/msl-labeled-data-set-v2.1/images/0901ML0039470020402126E01_DRCL.jpg,0901ML0039470020402126E01_DRCL,901,mastcam_left,Nearby surface
0635MR0026990000401799E01_DRCL.jpg,9,train,0635MR0026990000401799E01_DRCL,True,data/msl/extracted/msl-labeled-data-set-v2.1/images/0635MR0026990000401799E01_DRCL.jpg,0635MR0026990000401799E01_DRCL,635,mastcam_right,Night sky
0542ML0021530040203900E01_DRCL.jpg,3,train,0542ML0021530040203900E01_DRCL,True,data/msl/extracted/msl-labeled-data-set-v2.1/images/0542ML0021530040203900E01_DRCL.jpg,0542ML0021530040203900E01_DRCL,542,mastcam_left,Nearby surface
0020ML0001060080100511C00_DRCL.jpg,3,train,0020ML0001060080100511C00_DRCL,True,data/msl/extracted/msl-labeled-data-set-v2.1/images/0020ML0001060080100511C00_DRCL.jpg,0020ML0001060080100511C00_DRCL,20,mastcam_left,Nearby surface
0666ML0028380210303596E01_DRCL.jpg,3,train,0666ML0028380210303596E01_DRCL,True,data/msl/extracted/msl-labeled-data-set-v2.1/images/0666ML0028380210303596E01_DRCL.jpg,0666ML0028380210303596E01_DRCL,666,mastcam_left,Nearby surface
0325ML0013180000107849E01_DRCL.jpg,3,train,0325ML0013180000107849E01_DRCL,True,data/msl/extracted/msl-labeled-data-set-v2.1/images/0325ML0013180000107849E01_DRCL.jpg,0325ML0013180000107849E01_DRCL,325,mastcam_left,Nearby surface
0042ML0001830110102030Q01_DRCL.jpg,15,train,0042ML0001830110102030Q01_DRCL,True,data/msl/extracted/msl-labeled-data-set-v2.1/images/0042ML0001830110102030Q01_DRCL.jpg,0042ML0001830110102030Q01_DRCL,42,mastcam_left,Sun
0051MR0002310080102863E01_DRCL.jpg,7,train,0051MR0002310080102863E01_DRCL,True,data/msl/extracted/msl-labeled-data-set-v2.1/images/0051MR0002310080102863E01_DRCL.jpg,0051MR0002310080102863E01_DRCL,51,mastcam_right,Distant landscape
0020ML0001110080100592C00_DRCL.jpg,3,train,0020ML0001110080100592C00_DRCL,True,data/msl/extracted/msl-labeled-data-set-v2.1/images/0020ML0001110080100592C00_DRCL.jpg,0020ML0001110080100592C00_DRCL,20,mastcam_left,Nearby surface
0314MR0012870600300245E01_DRCL.jpg,3,train,0314MR0012870600300245E01_DRCL,True,data/msl/extracted/msl-labeled-data-set-v2.1/images/0314MR0012870600300245E01_DRCL.jpg,0314MR0012870600300245E01_DRCL,314,mastcam_right,Nearby surface
0067MH0000780020100653I01_DRCL.jpg,4,train,0067MH0000780020100653I01_DRCL,True,data/msl/extracted/msl-labeled-data-set-v2.1/images/0067MH0000780020100653I01_DRCL.jpg,0067MH0000780020100653I01_DRCL,67,mahli,Close-up rock
0364ML0014810790108637E01_DRCL.jpg,3,train,0364ML0014810790108637E01_DRCL,True,data/msl/extracted/msl-labeled-data-set-v2.1/images/0364ML0014810790108637E01_DRCL.jpg,0364ML0014810790108637E01_DRCL,364,mastcam_left,Nearby surface
0384ML0015740930200309E01_DRCL.jpg,3,train,0384ML0015740930200309E01_DRCL,True,data/msl/extracted/msl-labeled-data-set-v2.1/images/0384ML0015740930200309E01_DRCL.jpg,0384ML0015740930200309E01_DRCL,384,mastcam_left,Nearby surface
0582ML0024360030300333I01_DRCL.jpg,15,train,0582ML0024360030300333I01_DRCL,True,data/msl/extracted/msl-labeled-data-set-v2.1/images/0582ML0024360030300333I01_DRCL.jpg,0582ML0024360030300333I01_DRCL,582,mastcam_left,Sun
0689ML0029020010304045E01_DRCL.jpg,3,train,0689ML0029020010304045E01_DRCL,True,data/msl/extracted/msl-labeled-data-set-v2.1/images/0689ML0029020010304045E01_DRCL.jpg,0689ML0029020010304045E01_DRCL,689,mastcam_left,Nearby surface
0574ML0023280000205023I01_DRCL.jpg,3,train,0574ML0023280000205023I01_DRCL,True,data/msl/extracted/msl-labeled-data-set-v2.1/images/0574ML0023280000205023I01_DRCL.jpg,0574ML0023280000205023I01_DRCL,574,mastcam_left,Nearby surface
0369MR0015020000301611L01_DRCL.jpg,15,train,0369MR0015020000301611L01_DRCL,True,data/msl/extracted/msl-labeled-data-set-v2.1/images/0369MR0015020000301611L01_DRCL.jpg,0369MR0015020000301611L01_DRCL,369,mastcam_right,Sun
0655ML0027760070303122E01_DRCL.jpg,7,train,0655ML0027760070303122E01_DRCL,True,data/msl/extracted/msl-labeled-data-set-v2.1/images/0655ML0027760070303122E01_DRCL.jpg,0655ML0027760070303122E01_DRCL,655,mastcam_left,Distant landscape
0688ML0028990030304027E01_DRCL.jpg,3,train,0688ML0028990030304027E01_DRCL,True,data/msl/extracted/msl-labeled-data-set-v2.1/images/0688ML0028990030304027E01_DRCL.jpg,0688ML0028990030304027E01_DRCL,688,mastcam_left,Nearby surface
0426ML0017390010201344E01_DRCL.jpg,3,train,0426ML0017390010201344E01_DRCL,True,data/msl/extracted/msl-labeled-data-set-v2.1/images/0426ML0017390010201344E01_DRCL.jpg,0426ML0017390010201344E01_DRCL,426,mastcam_left,Nearby surface
0181MH0001900010102545E01_DRCL.jpg,4,train,0181MH0001900010102545E01_DRCL,True,data/msl/extracted/msl-labeled-data-set-v2.1/images/0181MH0001900010102545E01_DRCL.jpg,0181MH0001900010102545E01_DRCL,181,mahli,Close-up rock
0036MR0001490130100847E01_DRCL.jpg,7,train,0036MR0001490130100847E01_DRCL,True,data/msl/extracted/msl-labeled-data-set-v2.1/images/0036MR0001490130100847E01_DRCL.jpg,0036MR0001490130100847E01_DRCL,36,mastcam_right,Distant landscape
0120ML0007520210103787E01_DRCL.jpg,3,train,0120ML0007520210103787E01_DRCL,True,data/msl/extracted/msl-labeled-data-set-v2.1/images/0120ML0007520210103787E01_DRCL.jpg,0120ML0007520210103787E01_DRCL,120,mastcam_left,Nearby surface
0399MH0003080020104667I01_DRCL.jpg,4,train,0399MH0003080020104667I01_DRCL,True,data/msl/extracted/msl-labeled-data-set-v2.1/images/0399MH0003080020104667I01_DRCL.jpg,0399MH0003080020104667I01_DRCL,399,mahli,Close-up rock
0753MR0032360150403691C00_DRCL.jpg,3,train,0753MR0032360150403691C00_DRCL,True,data/msl/extracted/msl-labeled-data-set-v2.1/images/0753MR0032360150403691C00_DRCL.jpg,0753MR0032360150403691C00_DRCL,753,mastcam_right,Nearby surface
0271MR0011930340203418E01_DRCL.jpg,7,train,0271MR0011930340203418E01_DRCL,True,data/msl/extracted/msl-labeled-data-set-v2.1/images/0271MR0011930340203418E01_DRCL.jpg,0271MR0011930340203418E01_DRCL,271,mastcam_right,Distant landscape
0595ML0025090160301114E01_DRCL.jpg,3,train,0595ML0025090160301114E01_DRCL,True,data/msl/extracted/msl-labeled-data-set-v2.1/images/0595ML0025090160301114E01_DRCL.jpg,0595ML0025090160301114E01_DRCL,595,mastcam_left,Nearby surface
0110ML0006860790103527E01_DRCL.jpg,3,train,0110ML0006860790103527E01_DRCL,True,data/msl/extracted/msl-labeled-data-set-v2.1/images/0110ML0006860790103527E01_DRCL.jpg,0110ML0006860790103527E01_DRCL,110,mastcam_left,Nearby surface
0020MR0001120090100493C00_DRCL.jpg,3,train,0020MR0001120090100493C00_DRCL,True,data/msl/extracted/msl-labeled-data-set-v2.1/images/0020MR0001120090100493C00_DRCL.jpg,0020MR0001120090100493C00_DRCL,20,mastcam_right,Nearby surface
0661ML0028050030303334E01_DRCL.jpg,3,train,0661ML0028050030303334E01_DRCL,True,data/msl/extracted/msl-labeled-data-set-v2.1/images/0661ML0028050030303334E01_DRCL.jpg,0661ML0028050030303334E01_DRCL,661,mastcam_left,Nearby surface
0468ML0018660780202081C00_DRCL.jpg,3,train,0468ML0018660780202081C00_DRCL,True,data/msl/extracted/msl-labeled-data-set-v2.1/images/0468ML0018660780202081C00_DRCL.jpg,0468ML0018660780202081C00_DRCL,468,mastcam_left,Nearby surface
0194ML0010230230105940E01_DRCL.jpg,7,train,0194ML0010230230105940E01_DRCL,True,data/msl/extracted/msl-labeled-data-set-v2.1/images/0194ML0010230230105940E01_DRCL.jpg,0194ML0010230230105940E01_DRCL,194,mastcam_left,Distant landscape
0941ML0041370000403078I01_DRCL.jpg,2,train,0941ML0041370000403078I01_DRCL,True,data/msl/extracted/msl-labeled-data-set-v2.1/images/0941ML0041370000403078I01_DRCL.jpg,0941ML0041370000403078I01_DRCL,941,mastcam_left,Artifact
0107MR0006820550200056E01_DRCL.jpg,3,train,0107MR0006820550200056E01_DRCL,True,data/msl/extracted/msl-labeled-data-set-v2.1/images/0107MR0006820550200056E01_DRCL.jpg,0107MR0006820550200056E01_DRCL,107,mastcam_right,Nearby surface
0494ML0019670560202588E01_DRCL.jpg,3,train,0494ML0019670560202588E01_DRCL,True,data/msl/extracted/msl-labeled-data-set-v2.1/images/0494ML0019670560202588E01_DRCL.jpg,0494ML0019670560202588E01_DRCL,494,mastcam_left,Nearby surface
0045MR0002080710102653E01_DRCL.jpg,7,train,0045MR0002080710102653E01_DRCL,True,data/msl/extracted/msl-labeled-data-set-v2.1/images/0045MR0002080710102653E01_DRCL.jpg,0045MR0002080710102653E01_DRCL,45,mastcam_right,Distant landscape
0388ML0015900080200375E01_DRCL.jpg,7,train,0388ML0015900080200375E01_DRCL,True,data/msl/extracted/msl-labeled-data-set-v2.1/images/0388ML0015900080200375E01_DRCL.jpg,0388ML0015900080200375E01_DRCL,388,mastcam_left,Distant landscape
0472MH0002990000200226I01_DRCL.jpg,2,train,0472MH0002990000200226I01_DRCL,True,data/msl/extracted/msl-labeled-data-set-v2.1/images/0472MH0002990000200226I01_DRCL.jpg,0472MH0002990000200226I01_DRCL,472,mahli,Artifact
0129MH0001510030101175I01_DRCL.jpg,4,train,0129MH0001510030101175I01_DRCL,True,data/msl/extracted/msl-labeled-data-set-v2.1/images/0129MH0001510030101175I01_DRCL.jpg,0129MH0001510030101175I01_DRCL,129,mahli,Close-up rock
0571MH0003600000201898I01_DRCL.jpg,2,train,0571MH0003600000201898I01_DRCL,True,data/msl/extracted/msl-labeled-data-set-v2.1/images/0571MH0003600000201898I01_DRCL.jpg,0571MH0003600000201898I01_DRCL,571,mahli,Artifact
0270MR0011860090203232E01_DRCL.jpg,3,train,0270MR0011860090203232E01_DRCL,True,data/msl/extracted/msl-labeled-data-set-v2.1/images/0270MR0011860090203232E01_DRCL.jpg,0270MR0011860090203232E01_DRCL,270,mastcam_right,Nearby surface
0921ML0040400030402656C00_DRCL.jpg,3,train,0921ML0040400030402656C00_DRCL,True,data/msl/extracted/msl-labeled-data-set-v2.1/images/0921ML0040400030402656C00_DRCL.jpg,0921ML0040400030402656C00_DRCL,921,mastcam_left,Nearby surface
0051MR0002310400102895E01_DRCL.jpg,10,train,0051MR0002310400102895E01_DRCL,True,data/msl/extracted/msl-labeled-data-set-v2.1/images/0051MR0002310400102895E01_DRCL.jpg,0051MR0002310400102895E01_DRCL,51,mastcam_right,Float
0037ML0000990110101227Q01_DRCL.jpg,15,train,0037ML0000990110101227Q01_DRCL,True,data/msl/extracted/msl-labeled-data-set-v2.1/images/0037ML0000990110101227Q01_DRCL.jpg,0037ML0000990110101227Q01_DRCL,37,mastcam_left,Sun
0530MR0021000000303372I01_DRCL.jpg,2,train,0530MR0021000000303372I01_DRCL,True,data/msl/extracted/msl-labeled-data-set-v2.1/images/0530MR0021000000303372I01_DRCL.jpg,0530MR0021000000303372I01_DRCL,530,mastcam_right,Artifact
0815MH0004510000301395I01_DRCL.jpg,2,train,0815MH0004510000301395I01_DRCL,True,data/msl/extracted/msl-labeled-data-set-v2.1/images/0815MH0004510000301395I01_DRCL.jpg,0815MH0004510000301395I01_DRCL,815,mahli,Artifact
0074MH0000890030100806I01_DRCL.jpg,4,train,0074MH0000890030100806I01_DRCL,True,data/msl/extracted/msl-labeled-data-set-v2.1/images/0074MH0000890030100806I01_DRCL.jpg,0074MH0000890030100806I01_DRCL,74,mahli,Close-up rock
0019MR0000540140100184C00_DRCL.jpg,7,train,0019MR0000540140100184C00_DRCL,True,data/msl/extracted/msl-labeled-data-set-v2.1/images/0019MR0000540140100184C00_DRCL.jpg,0019MR0000540140100184C00_DRCL,19,mastcam_right,Distant landscape
0352ML0014380160108394E01_DRCL.jpg,7,train,0352ML0014380160108394E01_DRCL,True,data/msl/extracted/msl-labeled-data-set-v2.1/images/0352ML0014380160108394E01_DRCL.jpg,0352ML0014380160108394E01_DRCL,352,mastcam_left,Distant landscape
0580ML0024071510300162I01_DRCL.jpg,2,train,0580ML0024071510300162I01_DRCL,True,data/msl/extracted/msl-labeled-data-set-v2.1/images/0580ML0024071510300162I01_DRCL.jpg,0580ML0024071510300162I01_DRCL,580,mastcam_left,Artifact
0531MH0002990020201166I01_DRCL.jpg,4,train,0531MH0002990020201166I01_DRCL,True,data/msl/extracted/msl-labeled-data-set-v2.1/images/0531MH0002990020201166I01_DRCL.jpg,0531MH0002990020201166I01_DRCL,531,mahli,Close-up rock
0494ML0019670860202618E01_DRCL.jpg,3,train,0494ML0019670860202618E01_DRCL,True,data/msl/extracted/msl-labeled-data-set-v2.1/images/0494ML0019670860202618E01_DRCL.jpg,0494ML0019670860202618E01_DRCL,494,mastcam_left,Nearby surface
0503ML0019800000202693E01_DRCL.jpg,3,train,0503ML0019800000202693E01_DRCL,True,data/msl/extracted/msl-labeled-data-set-v2.1/images/0503ML0019800000202693E01_DRCL.jpg,0503ML0019800000202693E01_DRCL,503,mastcam_left,Nearby surface
0107ML0006820250103171E01_DRCL.jpg,3,train,0107ML0006820250103171E01_DRCL,True,data/msl/extracted/msl-labeled-data-set-v2.1/images/0107ML0006820250103171E01_DRCL.jpg,0107ML0006820250103171E01_DRCL,107,mastcam_left,Nearby surface
0438MR0017840050302592E01_DRCL.jpg,3,train,0438MR0017840050302592E01_DRCL,True,data/msl/extracted/msl-labeled-data-set-v2.1/images/0438MR0017840050302592E01_DRCL.jpg,0438MR0017840050302592E01_DRCL,438,mastcam_right,Nearby surface
0802MH0003830000300390I01_DRCL.jpg,2,train,0802MH0003830000300390I01_DRCL,True,data/msl/extracted/msl-labeled-data-set-v2.1/images/0802MH0003830000300390I01_DRCL.jpg,0802MH0003830000300390I01_DRCL,802,mahli,Artifact
0023MR0001140120100542C00_DRCL.jpg,14,train,0023MR0001140120100542C00_DRCL,True,data/msl/extracted/msl-labeled-data-set-v2.1/images/0023MR0001140120100542C00_DRCL.jpg,0023MR0001140120100542C00_DRCL,23,mastcam_right,Sand
0663ML0028210780303442E01_DRCL.jpg,14,train,0663ML0028210780303442E01_DRCL,True,data/msl/extracted/msl-labeled-data-set-v2.1/images/0663ML0028210780303442E01_DRCL.jpg,0663ML0028210780303442E01_DRCL,663,mastcam_left,Sand
0747ML0032140030205843E01_DRCL.jpg,7,train,0747ML0032140030205843E01_DRCL,True,data/msl/extracted/msl-labeled-data-set-v2.1/images/0747ML0032140030205843E01_DRCL.jpg,0747ML0032140030205843E01_DRCL,747,mastcam_left,Distant landscape
0486ML0019160020202241E01_DRCL.jpg,3,train,0486ML0019160020202241E01_DRCL,True,data/msl/extracted/msl-labeled-data-set-v2.1/images/0486ML0019160020202241E01_DRCL.jpg,0486ML0019160020202241E01_DRCL,486,mastcam_left,Nearby surface
1836ML0096200030702930D01_DRCL.jpg,3,val,1836ML0096200030702930D01_DRCL,True,data/msl/extracted/msl-labeled-data-set-v2.1/images/1836ML0096200030702930D01_DRCL.jpg,1836ML0096200030702930D01_DRCL,1836,mastcam_left,Nearby surface
1063MR0046610030104753C00_DRCL.jpg,11,val,1063MR0046610030104753C00_DRCL,True,data/msl/extracted/msl-labeled-data-set-v2.1/images/1063MR0046610030104753C00_DRCL.jpg,1063MR0046610030104753C00_DRCL,1063,mastcam_right,Layers
1836MR0096260010304832C00_DRCL.jpg,3,val,1836MR0096260010304832C00_DRCL,True,data/msl/extracted/msl-labeled-data-set-v2.1/images/1836MR0096260010304832C00_DRCL.jpg,1836MR0096260010304832C00_DRCL,1836,mastcam_right,Nearby surface
1099MR0048700000600859E01_DRCL.jpg,3,val,1099MR0048700000600859E01_DRCL,True,data/msl/extracted/msl-labeled-data-set-v2.1/images/1099MR0048700000600859E01_DRCL.jpg,1099MR0048700000600859E01_DRCL,1099,mastcam_right,Nearby surface
1893ML0099090020703677D01_DRCL.jpg,3,val,1893ML0099090020703677D01_DRCL,True,data/msl/extracted/msl-labeled-data-set-v2.1/images/1893ML0099090020703677D01_DRCL.jpg,1893ML0099090020703677D01_DRCL,1893,mastcam_left,Nearby surface
1543ML0079200070604640I01_DRCL.jpg,2,val,1543ML0079200070604640I01_DRCL,True,data/msl/extracted/msl-labeled-data-set-v2.1/images/1543ML0079200070604640I01_DRCL.jpg,1543ML0079200070604640I01_DRCL,1543,mastcam_left,Artifact
1416ML0069360020602053I01_DRCL.jpg,16,val,1416ML0069360020602053I01_DRCL,True,data/msl/extracted/msl-labeled-data-set-v2.1/images/1416ML0069360020602053I01_DRCL.jpg,1416ML0069360020602053I01_DRCL,1416,mastcam_left,Wheel
1273MH0001730020404270I01_DRCL.jpg,4,val,1273MH0001730020404270I01_DRCL,True,data/msl/extracted/msl-labeled-data-set-v2.1/images/1273MH0001730020404270I01_DRCL.jpg,1273MH0001730020404270I01_DRCL,1273,mahli,Close-up rock
1160MR0052500090602097E01_DRCL.jpg,10,val,1160MR0052500090602097E01_DRCL,True,data/msl/extracted/msl-labeled-data-set-v2.1/images/1160MR0052500090602097E01_DRCL.jpg,1160MR0052500090602097E01_DRCL,1160,mastcam_right,Float
1115MR0049710130601353C00_DRCL.jpg,7,val,1115MR0049710130601353C00_DRCL,True,data/msl/extracted/msl-labeled-data-set-v2.1/images/1115MR0049710130601353C00_DRCL.jpg,1115MR0049710130601353C00_DRCL,1115,mastcam_right,Distant landscape
1328MR0063710140700722D01_DRCL.jpg,3,val,1328MR0063710140700722D01_DRCL,True,data/msl/extracted/msl-labeled-data-set-v2.1/images/1328MR0063710140700722D01_DRCL.jpg,1328MR0063710140700722D01_DRCL,1328,mastcam_right,Nearby surface
1179ML0053450040502574E01_DRCL.jpg,3,val,1179ML0053450040502574E01_DRCL,True,data/msl/extracted/msl-labeled-data-set-v2.1/images/1179ML0053450040502574E01_DRCL.jpg,1179ML0053450040502574E01_DRCL,1179,mastcam_left,Nearby surface
0998MH0005050060304670I01_DRCL.jpg,11,val,0998MH0005050060304670I01_DRCL,True,data/msl/extracted/msl-labeled-data-set-v2.1/images/0998MH0005050060304670I01_DRCL.jpg,0998MH0005050060304670I01_DRCL,998,mahli,Layers
1051ML0046240120306081E01_DRCL.jpg,3,val,1051ML0046240120306081E01_DRCL,True,data/msl/extracted/msl-labeled-data-set-v2.1/images/1051ML0046240120306081E01_DRCL.jpg,1051ML0046240120306081E01_DRCL,1051,mastcam_left,Nearby surface
1086ML0047720030206987D01_DRCL.jpg,2,val,1086ML0047720030206987D01_DRCL,True,data/msl/extracted/msl-labeled-data-set-v2.1/images/1086ML0047720030206987D01_DRCL.jpg,1086ML0047720030206987D01_DRCL,1086,mastcam_left,Artifact
1265ML0059190040504305I01_DRCL.jpg,2,val,1265ML0059190040504305I01_DRCL,True,data/msl/extracted/msl-labeled-data-set-v2.1/images/1265ML0059190040504305I01_DRCL.jpg,1265ML0059190040504305I01_DRCL,1265,mastcam_left,Artifact
1207MR0054050000602971E01_DRCL.jpg,14,val,1207MR0054050000602971E01_DRCL,True,data/msl/extracted/msl-labeled-data-set-v2.1/images/1207MR0054050000602971E01_DRCL.jpg,1207MR0054050000602971E01_DRCL,1207,mastcam_right,Sand
1380MH0001900000502572I01_DRCL.jpg,2,val,1380MH0001900000502572I01_DRCL,True,data/msl/extracted/msl-labeled-data-set-v2.1/images/1380MH0001900000502572I01_DRCL.jpg,1380MH0001900000502572I01_DRCL,1380,mahli,Artifact
1123MH0004730000401625C00_DRCL.jpg,4,val,1123MH0004730000401625C00_DRCL,True,data/msl/extracted/msl-labeled-data-set-v2.1/images/1123MH0004730000401625C00_DRCL.jpg,1123MH0004730000401625C00_DRCL,1123,mahli,Close-up rock
1361MH0004000040502207I01_DRCL.jpg,8,val,1361MH0004000040502207I01_DRCL,True,data/msl/extracted/msl-labeled-data-set-v2.1/images/1361MH0004000040502207I01_DRCL.jpg,1361MH0004000040502207I01_DRCL,1361,mahli,Drill hole
0957MR0042330050502268C00_DRCL.jpg,7,val,0957MR0042330050502268C00_DRCL,True,data/msl/extracted/msl-labeled-data-set-v2.1/images/0957MR0042330050502268C00_DRCL.jpg,0957MR0042330050502268C00_DRCL,957,mastcam_right,Distant landscape
1640MH0006730020602895I01_DRCL.jpg,4,val,1640MH0006730020602895I01_DRCL,True,data/msl/extracted/msl-labeled-data-set-v2.1/images/1640MH0006730020602895I01_DRCL.jpg,1640MH0006730020602895I01_DRCL,1640,mahli,Close-up rock
1148MR0051940150601761E01_DRCL.jpg,11,val,1148MR0051940150601761E01_DRCL,True,data/msl/extracted/msl-labeled-data-set-v2.1/images/1148MR0051940150601761E01_DRCL.jpg,1148MR0051940150601761E01_DRCL,1148,mastcam_right,Layers
1290ML0060860090505154D01_DRCL.jpg,2,val,1290ML0060860090505154D01_DRCL,True,data/msl/extracted/msl-labeled-data-set-v2.1/images/1290ML0060860090505154D01_DRCL.jpg,1290ML0060860090505154D01_DRCL,1290,mastcam_left,Artifact
1695MR0088390000803193E01_DRCL.jpg,5,val,1695MR0088390000803193E01_DRCL,True,data/msl/extracted/msl-labeled-data-set-v2.1/images/1695MR0088390000803193E01_DRCL.jpg,1695MR0088390000803193E01_DRCL,1695,mastcam_right,DRT
1691ML0087300290701132I01_DRCL.jpg,2,val,1691ML0087300290701132I01_DRCL,True,data/msl/extracted/msl-labeled-data-set-v2.1/images/1691ML0087300290701132I01_DRCL.jpg,1691ML0087300290701132I01_DRCL,1691,mastcam_left,Artifact
1918MR0099750000900375E01_DRCL.jpg,7,val,1918MR0099750000900375E01_DRCL,True,data/msl/extracted/msl-labeled-data-set-v2.1/images/1918MR0099750000900375E01_DRCL.jpg,1918MR0099750000900375E01_DRCL,1918,mastcam_right,Distant landscape
1329ML0063760040406167I01_DRCL.jpg,2,val,1329ML0063760040406167I01_DRCL,True,data/msl/extracted/msl-labeled-data-set-v2.1/images/1329ML0063760040406167I01_DRCL.jpg,1329ML0063760040406167I01_DRCL,1329,mastcam_left,Artifact
1203ML0055410020503394C00_DRCL.jpg,7,val,1203ML0055410020503394C00_DRCL,True,data/msl/extracted/msl-labeled-data-set-v2.1/images/1203ML0055410020503394C00_DRCL.jpg,1203ML0055410020503394C00_DRCL,1203,mastcam_left,Distant landscape
1728MR0090230090803586I01_DRCL.jpg,3,val,1728MR0090230090803586I01_DRCL,True,data/msl/extracted/msl-labeled-data-set-v2.1/images/1728MR0090230090803586I01_DRCL.jpg,1728MR0090230090803586I01_DRCL,1728,mastcam_right,Nearby surface
0964MR0042650060502528D01_DRCL.jpg,9,val,0964MR0042650060502528D01_DRCL,True,data/msl/extracted/msl-labeled-data-set-v2.1/images/0964MR0042650060502528D01_DRCL.jpg,0964MR0042650060502528D01_DRCL,964,mastcam_right,Night sky
1144ML0051851010501588E01_DRCL.jpg,11,val,1144ML0051851010501588E01_DRCL,True,data/msl/extracted/msl-labeled-data-set-v2.1/images/1144ML0051851010501588E01_DRCL.jpg,1144ML0051851010501588E01_DRCL,1144,mastcam_left,Layers
1614MH0006550030602485I01_DRCL.jpg,4,val,1614MH0006550030602485I01_DRCL,True,data/msl/extracted/msl-labeled-data-set-v2.1/images/1614MH0006550030602485I01_DRCL.jpg,1614MH0006550030602485I01_DRCL,1614,mahli,Close-up rock
1130MH0003370020401867I01_DRCL.jpg,4,val,1130MH0003370020401867I01_DRCL,True,data/msl/extracted/msl-labeled-data-set-v2.1/images/1130MH0003370020401867I01_DRCL.jpg,1130MH0003370020401867I01_DRCL,1130,mahli,Close-up rock
1161MR0052530080602104D01_DRCL.jpg,13,val,1161MR0052530080602104D01_DRCL,True,data/msl/extracted/msl-labeled-data-set-v2.1/images/1161MR0052530080602104D01_DRCL.jpg,1161MR0052530080602104D01_DRCL,1161,mastcam_right,Mastcam cal target
0962MR0042550220502456I01_DRCL.jpg,2,val,0962MR0042550220502456I01_DRCL,True,data/msl/extracted/msl-labeled-data-set-v2.1/images/0962MR0042550220502456I01_DRCL.jpg,0962MR0042550220502456I01_DRCL,962,mastcam_right,Artifact
1417MR0069460090702287I01_DRCL.jpg,2,val,1417MR0069460090702287I01_DRCL,True,data/msl/extracted/msl-labeled-data-set-v2.1/images/1417MR0069460090702287I01_DRCL.jpg,1417MR0069460090702287I01_DRCL,1417,mastcam_right,Artifact
1534ML0078240050604483I01_DRCL.jpg,2,val,1534ML0078240050604483I01_DRCL,True,data/msl/extracted/msl-labeled-data-set-v2.1/images/1534ML0078240050604483I01_DRCL.jpg,1534ML0078240050604483I01_DRCL,1534,mastcam_left,Artifact
1106ML0049130020500781E01_DRCL.jpg,3,val,1106ML0049130020500781E01_DRCL,True,data/msl/extracted/msl-labeled-data-set-v2.1/images/1106ML0049130020500781E01_DRCL.jpg,1106ML0049130020500781E01_DRCL,1106,mastcam_left,Nearby surface
1600MH0001660020601893I01_DRCL.jpg,4,val,1600MH0001660020601893I01_DRCL,True,data/msl/extracted/msl-labeled-data-set-v2.1/images/1600MH0001660020601893I01_DRCL.jpg,1600MH0001660020601893I01_DRCL,1600,mahli,Close-up rock
1451ML0071841170602915E01_DRCL.jpg,3,val,1451ML0071841170602915E01_DRCL,True,data/msl/extracted/msl-labeled-data-set-v2.1/images/1451ML0071841170602915E01_DRCL.jpg,1451ML0071841170602915E01_DRCL,1451,mastcam_left,Nearby surface
1837MR0096300040304864D01_DRCL.jpg,3,val,1837MR0096300040304864D01_DRCL,True,data/msl/extracted/msl-labeled-data-set-v2.1/images/1837MR0096300040304864D01_DRCL.jpg,1837MR0096300040304864D01_DRCL,1837,mastcam_right,Nearby surface
1226MH0005560030403209I01_DRCL.jpg,14,val,1226MH0005560030403209I01_DRCL,True,data/msl/extracted/msl-labeled-data-set-v2.1/images/1226MH0005560030403209I01_DRCL.jpg,1226MH0005560030403209I01_DRCL,1226,mahli,Sand
1911ML0100221250704194C00_DRCL.jpg,3,val,1911ML0100221250704194C00_DRCL,True,data/msl/extracted/msl-labeled-data-set-v2.1/images/1911ML0100221250704194C00_DRCL.jpg,1911ML0100221250704194C00_DRCL,1911,mastcam_left,Nearby surface
1555MR0079800020800110I01_DRCL.jpg,2,val,1555MR0079800020800110I01_DRCL,True,data/msl/extracted/msl-labeled-data-set-v2.1/images/1555MR0079800020800110I01_DRCL.jpg,1555MR0079800020800110I01_DRCL,1555,mastcam_right,Artifact
1144ML0051850190501506E01_DRCL.jpg,7,val,1144ML0051850190501506E01_DRCL,True,data/msl/extracted/msl-labeled-data-set-v2.1/images/1144ML0051850190501506E01_DRCL.jpg,1144ML0051850190501506E01_DRCL,1144,mastcam_left,Distant landscape
1433ML0070810030602521D01_DRCL.jpg,2,val,1433ML0070810030602521D01_DRCL,True,data/msl/extracted/msl-labeled-data-set-v2.1/images/1433ML0070810030602521D01_DRCL.jpg,1433ML0070810030602521D01_DRCL,1433,mastcam_left,Artifact
1645ML0085170530700255I01_DRCL.jpg,2,val,1645ML0085170530700255I01_DRCL,True,data/msl/extracted/msl-labeled-data-set-v2.1/images/1645ML0085170530700255I01_DRCL.jpg,1645ML0085170530700255I01_DRCL,1645,mastcam_left,Artifact
1341MH0003060020501603I01_DRCL.jpg,4,val,1341MH0003060020501603I01_DRCL,True,data/msl/extracted/msl-labeled-data-set-v2.1/images/1341MH0003060020501603I01_DRCL.jpg,1341MH0003060020501603I01_DRCL,1341,mahli,Close-up rock
1829MR0094620110304754C00_DRCL.jpg,3,val,1829MR0094620110304754C00_DRCL,True,data/msl/extracted/msl-labeled-data-set-v2.1/images/1829MR0094620110304754C00_DRCL.jpg,1829MR0094620110304754C00_DRCL,1829,mastcam_right,Nearby surface
1570MH0006010030600946I01_DRCL.jpg,12,val,1570MH0006010030600946I01_DRCL,True,data/msl/extracted/msl-labeled-data-set-v2.1/images/1570MH0006010030600946I01_DRCL.jpg,1570MH0006010030600946I01_DRCL,1570,mahli,Light-toned veins
1644MH0004190010603011I01_DRCL.jpg,4,val,1644MH0004190010603011I01_DRCL,True,data/msl/extracted/msl-labeled-data-set-v2.1/images/1644MH0004190010603011I01_DRCL.jpg,1644MH0004190010603011I01_DRCL,1644,mahli,Close-up rock
1441MR0071280340702901E01_DRCL.jpg,7,val,1441MR0071280340702901E01_DRCL,True,data/msl/extracted/msl-labeled-data-set-v2.1/images/1441MR0071280340702901E01_DRCL.jpg,1441MR0071280340702901E01_DRCL,1441,mastcam_right,Distant landscape
1056ML0046410010306125E01_DRCL.jpg,3,val,1056ML0046410010306125E01_DRCL,True,data/msl/extracted/msl-labeled-data-set-v2.1/images/1056ML0046410010306125E01_DRCL.jpg,1056ML0046410010306125E01_DRCL,1056,mastcam_left,Nearby surface
1002MR0044390000503720C00_DRCL.jpg,9,val,1002MR0044390000503720C00_DRCL,True,data/msl/extracted/msl-labeled-data-set-v2.1/images/1002MR0044390000503720C00_DRCL.jpg,1002MR0044390000503720C00_DRCL,1002,mastcam_right,Night sky
1257ML0058710060504164E01_DRCL.jpg,3,val,1257ML0058710060504164E01_DRCL,True,data/msl/extracted/msl-labeled-data-set-v2.1/images/1257ML0058710060504164E01_DRCL.jpg,1257ML0058710060504164E01_DRCL,1257,mastcam_left,Nearby surface
1753MH0003110020700552I01_DRCL.jpg,4,val,1753MH0003110020700552I01_DRCL,True,data/msl/extracted/msl-labeled-data-set-v2.1/images/1753MH0003110020700552I01_DRCL.jpg,1753MH0003110020700552I01_DRCL,1753,mahli,Close-up rock
1324MH0005980030500759I01_DRCL.jpg,8,val,1324MH0005980030500759I01_DRCL,True,data/msl/extracted/msl-labeled-data-set-v2.1/images/1324MH0005980030500759I01_DRCL.jpg,1324MH0005980030500759I01_DRCL,1324,mahli,Drill hole
1341MR0064320150700876E01_DRCL.jpg,3,val,1341MR0064320150700876E01_DRCL,True,data/msl/extracted/msl-labeled-data-set-v2.1/images/1341MR0064320150700876E01_DRCL.jpg,1341MR0064320150700876E01_DRCL,1341,mastcam_right,Nearby surface
1834ML0094980000702915E01_DRCL.jpg,3,val,1834ML0094980000702915E01_DRCL,True,data/msl/extracted/msl-labeled-data-set-v2.1/images/1834ML0094980000702915E01_DRCL.jpg,1834ML0094980000702915E01_DRCL,1834,mastcam_left,Nearby surface
1738MR0090910000803788E01_DRCL.jpg,7,val,1738MR0090910000803788E01_DRCL,True,data/msl/extracted/msl-labeled-data-set-v2.1/images/1738MR0090910000803788E01_DRCL.jpg,1738MR0090910000803788E01_DRCL,1738,mastcam_right,Distant landscape
1277MH0001660020404632I01_DRCL.jpg,3,val,1277MH0001660020404632I01_DRCL,True,data/msl/extracted/msl-labeled-data-set-v2.1/images/1277MH0001660020404632I01_DRCL.jpg,1277MH0001660020404632I01_DRCL,1277,mahli,Nearby surface
1375MH0001520010502543C00_DRCL.jpg,4,val,1375MH0001520010502543C00_DRCL,True,data/msl/extracted/msl-labeled-data-set-v2.1/images/1375MH0001520010502543C00_DRCL.jpg,1375MH0001520010502543C00_DRCL,1375,mahli,Close-up rock
1150MH0001660010402238C00_DRCL.jpg,4,val,1150MH0001660010402238C00_DRCL,True,data/msl/extracted/msl-labeled-data-set-v2.1/images/1150MH0001660010402238C00_DRCL.jpg,1150MH0001660010402238C00_DRCL,1150,mahli,Close-up rock
1624ML0083470040505780I01_DRCL.jpg,2,val,1624ML0083470040505780I01_DRCL,True,data/msl/extracted/msl-labeled-data-set-v2.1/images/1624ML0083470040505780I01_DRCL.jpg,1624ML0083470040505780I01_DRCL,1624,mastcam_left,Artifact
1821MH0003080000701589I01_DRCL.jpg,2,val,1821MH0003080000701589I01_DRCL,True,data/msl/extracted/msl-labeled-data-set-v2.1/images/1821MH0003080000701589I01_DRCL.jpg,1821MH0003080000701589I01_DRCL,1821,mahli,Artifact
1566MH0003860020600742I01_DRCL.jpg,4,val,1566MH0003860020600742I01_DRCL,True,data/msl/extracted/msl-labeled-data-set-v2.1/images/1566MH0003860020600742I01_DRCL.jpg,1566MH0003860020600742I01_DRCL,1566,mahli,Close-up rock
1492ML0075110050603836I01_DRCL.jpg,2,val,1492ML0075110050603836I01_DRCL,True,data/msl/extracted/msl-labeled-data-set-v2.1/images/1492ML0075110050603836I01_DRCL.jpg,1492ML0075110050603836I01_DRCL,1492,mastcam_left,Artifact
1591ML0081110040605082E01_DRCL.jpg,16,val,1591ML0081110040605082E01_DRCL,True,data/msl/extracted/msl-labeled-data-set-v2.1/images/1591ML0081110040605082E01_DRCL.jpg,1591ML0081110040605082E01_DRCL,1591,mastcam_left,Wheel
1870MR0097720280105178C00_DRCL.jpg,3,val,1870MR0097720280105178C00_DRCL,True,data/msl/extracted/msl-labeled-data-set-v2.1/images/1870MR0097720280105178C00_DRCL.jpg,1870MR0097720280105178C00_DRCL,1870,mastcam_right,Nearby surface
1523MH0001900000600306I01_DRCL.jpg,4,val,1523MH0001900000600306I01_DRCL,True,data/msl/extracted/msl-labeled-data-set-v2.1/images/1523MH0001900000600306I01_DRCL.jpg,1523MH0001900000600306I01_DRCL,1523,mahli,Close-up rock
1234MR0057070080603452D01_DRCL.jpg,3,val,1234MR0057070080603452D01_DRCL,True,data/msl/extracted/msl-labeled-data-set-v2.1/images/1234MR0057070080603452D01_DRCL.jpg,1234MR0057070080603452D01_DRCL,1234,mastcam_right,Nearby surface
1797MH0003110020701005I01_DRCL.jpg,4,val,1797MH0003110020701005I01_DRCL,True,data/msl/extracted/msl-labeled-data-set-v2.1/images/1797MH0003110020701005I01_DRCL.jpg,1797MH0003110020701005I01_DRCL,1797,mahli,Close-up rock
1525ML0077790120604359I01_DRCL.jpg,2,val,1525ML0077790120604359I01_DRCL,True,data/msl/extracted/msl-labeled-data-set-v2.1/images/1525ML0077790120604359I01_DRCL.jpg,1525ML0077790120604359I01_DRCL,1525,mastcam_left,Artifact
1843MR0096410090304894D01_DRCL.jpg,13,val,1843MR0096410090304894D01_DRCL,True,data/msl/extracted/msl-labeled-data-set-v2.1/images/1843MR0096410090304894D01_DRCL.jpg,1843MR0096410090304894D01_DRCL,1843,mastcam_right,Mastcam cal target
1421ML0070160970602307E01_DRCL.jpg,3,val,1421ML0070160970602307E01_DRCL,True,data/msl/extracted/msl-labeled-data-set-v2.1/images/1421ML0070160970602307E01_DRCL.jpg,1421ML0070160970602307E01_DRCL,1421,mastcam_left,Nearby surface
1166MH0003210020402478I01_DRCL.jpg,4,val,1166MH0003210020402478I01_DRCL,True,data/msl/extracted/msl-labeled-data-set-v2.1/images/1166MH0003210020402478I01_DRCL.jpg,1166MH0003210020402478I01_DRCL,1166,mahli,Close-up rock
1608MR0082110000800905I01_DRCL.jpg,2,val,1608MR0082110000800905I01_DRCL,True,data/msl/extracted/msl-labeled-data-set-v2.1/images/1608MR0082110000800905I01_DRCL.jpg,1608MR0082110000800905I01_DRCL,1608,mastcam_right,Artifact
1679MH0006490020603548I01_DRCL.jpg,4,val,1679MH0006490020603548I01_DRCL,True,data/msl/extracted/msl-labeled-data-set-v2.1/images/1679MH0006490020603548I01_DRCL.jpg,1679MH0006490020603548I01_DRCL,1679,mahli,Close-up rock
1027MR0044900040503827I01_DRCL.jpg,2,val,1027MR0044900040503827I01_DRCL,True,data/msl/extracted/msl-labeled-data-set-v2.1/images/1027MR0044900040503827I01_DRCL.jpg,1027MR0044900040503827I01_DRCL,1027,mastcam_right,Artifact
1163ML0052630420502250E01_DRCL.jpg,3,val,1163ML0052630420502250E01_DRCL,True,data/msl/extracted/msl-labeled-data-set-v2.1/images/1163ML0052630420502250E01_DRCL.jpg,1163ML0052630420502250E01_DRCL,1163,mastcam_left,Nearby surface
1426MH0004740030503422I01_DRCL.jpg,2,val,1426MH0004740030503422I01_DRCL,True,data/msl/extracted/msl-labeled-data-set-v2.1/images/1426MH0004740030503422I01_DRCL.jpg,1426MH0004740030503422I01_DRCL,1426,mahli,Artifact
1254MH0001220010403909C00_DRCL.jpg,4,val,1254MH0001220010403909C00_DRCL,True,data/msl/extracted/msl-labeled-data-set-v2.1/images/1254MH0001220010403909C00_DRCL.jpg,1254MH0001220010403909C00_DRCL,1254,mahli,Close-up rock
1321MH0005940090500654C00_DRCL.jpg,4,val,1321MH0005940090500654C00_DRCL,True,data/msl/extracted/msl-labeled-data-set-v2.1/images/1321MH0005940090500654C00_DRCL.jpg,1321MH0005940090500654C00_DRCL,1321,mahli,Close-up rock
1348MH0003370020501849I01_DRCL.jpg,4,val,1348MH0003370020501849I01_DRCL,True,data/msl/extracted/msl-labeled-data-set-v2.1/images/1348MH0003370020501849I01_DRCL.jpg,1348MH0003370020501849I01_DRCL,1348,mahli,Close-up rock
1091MH0005160010400889C00_DRCL.jpg,14,val,1091MH0005160010400889C00_DRCL,True,data/msl/extracted/msl-labeled-data-set-v2.1/images/1091MH0005160010400889C00_DRCL.jpg,1091MH0005160010400889C00_DRCL,1091,mahli,Sand
1634MR0084390100801784E01_DRCL.jpg,3,val,1634MR0084390100801784E01_DRCL,True,data/msl/extracted/msl-labeled-data-set-v2.1/images/1634MR0084390100801784E01_DRCL.jpg,1634MR0084390100801784E01_DRCL,1634,mastcam_right,Nearby surface
1895MH0002970020702738I01_DRCL.jpg,4,val,1895MH0002970020702738I01_DRCL,True,data/msl/extracted/msl-labeled-data-set-v2.1/images/1895MH0002970020702738I01_DRCL.jpg,1895MH0002970020702738I01_DRCL,1895,mahli,Close-up rock
1039ML0045470040305806D01_DRCL.jpg,13,val,1039ML0045470040305806D01_DRCL,True,data/msl/extracted/msl-labeled-data-set-v2.1/images/1039ML0045470040305806D01_DRCL.jpg,1039ML0045470040305806D01_DRCL,1039,mastcam_left,Mastcam cal target
1629MR0084200020801732I01_DRCL.jpg,15,val,1629MR0084200020801732I01_DRCL,True,data/msl/extracted/msl-labeled-data-set-v2.1/images/1629MR0084200020801732I01_DRCL.jpg,1629MR0084200020801732I01_DRCL,1629,mastcam_right,Sun
1324MH0005980030500717I01_DRCL.jpg,8,val,1324MH0005980030500717I01_DRCL,True,data/msl/extracted/msl-labeled-data-set-v2.1/images/1324MH0005980030500717I01_DRCL.jpg,1324MH0005980030500717I01_DRCL,1324,mahli,Drill hole
1871ML0097830010703311I01_DRCL.jpg,2,val,1871ML0097830010703311I01_DRCL,True,data/msl/extracted/msl-labeled-data-set-v2.1/images/1871ML0097830010703311I01_DRCL.jpg,1871ML0097830010703311I01_DRCL,1871,mastcam_left,Artifact
1315ML0062700010405952E01_DRCL.jpg,17,val,1315ML0062700010405952E01_DRCL,True,data/msl/extracted/msl-labeled-data-set-v2.1/images/1315ML0062700010405952E01_DRCL.jpg,1315ML0062700010405952E01_DRCL,1315,mastcam_left,Wheel joint
1603ML0081770090505465I01_DRCL.jpg,2,val,1603ML0081770090505465I01_DRCL,True,data/msl/extracted/msl-labeled-data-set-v2.1/images/1603ML0081770090505465I01_DRCL.jpg,1603ML0081770090505465I01_DRCL,1603,mastcam_left,Artifact
1245MH0001520020403785I01_DRCL.jpg,4,val,1245MH0001520020403785I01_DRCL,True,data/msl/extracted/msl-labeled-data-set-v2.1/images/1245MH0001520020403785I01_DRCL.jpg,1245MH0001520020403785I01_DRCL,1245,mahli,Close-up rock
1608ML0082140180505540D01_DRCL.jpg,3,val,1608ML0082140180505540D01_DRCL,True,data/msl/extracted/msl-labeled-data-set-v2.1/images/1608ML0082140180505540D01_DRCL.jpg,1608ML0082140180505540D01_DRCL,1608,mastcam_left,Nearby surface
1196ML0054530030502941E01_DRCL.jpg,12,val,1196ML0054530030502941E01_DRCL,True,data/msl/extracted/msl-labeled-data-set-v2.1/images/1196ML0054530030502941E01_DRCL.jpg,1196ML0054530030502941E01_DRCL,1196,mastcam_left,Light-toned veins
1624MR0083560010801338I01_DRCL.jpg,2,val,1624MR0083560010801338I01_DRCL,True,data/msl/extracted/msl-labeled-data-set-v2.1/images/1624MR0083560010801338I01_DRCL.jpg,1624MR0083560010801338I01_DRCL,1624,mastcam_right,Artifact
1327ML0063670000406135E01_DRCL.jpg,1,val,1327ML0063670000406135E01_DRCL,True,data/msl/extracted/msl-labeled-data-set-v2.1/images/1327ML0063670000406135E01_DRCL.jpg,1327ML0063670000406135E01_DRCL,1327,mastcam_left,Other rover part
1352ML0064980190600421E01_DRCL.jpg,3,val,1352ML0064980190600421E01_DRCL,True,data/msl/extracted/msl-labeled-data-set-v2.1/images/1352ML0064980190600421E01_DRCL.jpg,1352ML0064980190600421E01_DRCL,1352,mastcam_left,Nearby surface
1095MR0048550030600789E01_DRCL.jpg,10,val,1095MR0048550030600789E01_DRCL,True,data/msl/extracted/msl-labeled-data-set-v2.1/images/1095MR0048550030600789E01_DRCL.jpg,1095MR0048550030600789E01_DRCL,1095,mastcam_right,Float
1151MR0052030340601850I01_DRCL.jpg,3,val,1151MR0052030340601850I01_DRCL,True,data/msl/extracted/msl-labeled-data-set-v2.1/images/1151MR0052030340601850I01_DRCL.jpg,1151MR0052030340601850I01_DRCL,1151,mastcam_right,Nearby surface
1887MH0002610010702599E01_DRCL.jpg,16,val,1887MH0002610010702599E01_DRCL,True,data/msl/extracted/msl-labeled-data-set-v2.1/images/1887MH0002610010702599E01_DRCL.jpg,1887MH0002610010702599E01_DRCL,1887,mahli,Wheel
1329ML0063770040406176E01_DRCL.jpg,3,val,1329ML0063770040406176E01_DRCL,True,data/msl/extracted/msl-labeled-data-set-v2.1/images/1329ML0063770040406176E01_DRCL.jpg,1329ML0063770040406176E01_DRCL,1329,mastcam_left,Nearby surface
0962ML0042520010403806C00_DRCL.jpg,7,val,0962ML0042520010403806C00_DRCL,True,data/msl/extracted/msl-labeled-data-set-v2.1/images/0962ML0042520010403806C00_DRCL.jpg,0962ML0042520010403806C00_DRCL,962,mastcam_left,Distant landscape
1041MH0003590020400236I01_DRCL.jpg,4,val,1041MH0003590020400236I01_DRCL,True,data/msl/extracted/msl-labeled-data-set-v2.1/images/1041MH0003590020400236I01_DRCL.jpg,1041MH0003590020400236I01_DRCL,1041,mahli,Close-up rock
1229ML0056520120503720D01_DRCL.jpg,14,val,1229ML0056520120503720D01_DRCL,True,data/msl/extracted/msl-labeled-data-set-v2.1/images/1229ML0056520120503720D01_DRCL.jpg,1229ML0056520120503720D01_DRCL,1229,mastcam_left,Sand
1702MH0007140030604290I01_DRCL.jpg,4,val,1702MH0007140030604290I01_DRCL,True,data/msl/extracted/msl-labeled-data-set-v2.1/images/1702MH0007140030604290I01_DRCL.jpg,1702MH0007140030604290I01_DRCL,1702,mahli,Close-up rock
1871ML0097810010703309D01_DRCL.jpg,15,val,1871ML0097810010703309D01_DRCL,True,data/msl/extracted/msl-labeled-data-set-v2.1/images/1871ML0097810010703309D01_DRCL.jpg,1871ML0097810010703309D01_DRCL,1871,mastcam_left,Sun
1223MH0005560030403102I01_DRCL.jpg,14,val,1223MH0005560030403102I01_DRCL,True,data/msl/extracted/msl-labeled-data-set-v2.1/images/1223MH0005560030403102I01_DRCL.jpg,1223MH0005560030403102I01_DRCL,1223,mahli,Sand
1605MH0002990020602155I01_DRCL.jpg,11,val,1605MH0002990020602155I01_DRCL,True,data/msl/extracted/msl-labeled-data-set-v2.1/images/1605MH0002990020602155I01_DRCL.jpg,1605MH0002990020602155I01_DRCL,1605,mahli,Layers
1223MH0005570040403153I01_DRCL.jpg,14,val,1223MH0005570040403153I01_DRCL,True,data/msl/extracted/msl-labeled-data-set-v2.1/images/1223MH0005570040403153I01_DRCL.jpg,1223MH0005570040403153I01_DRCL,1223,mahli,Sand
1739MR0090930000803790I01_DRCL.jpg,3,val,1739MR0090930000803790I01_DRCL,True,data/msl/extracted/msl-labeled-data-set-v2.1/images/1739MR0090930000803790I01_DRCL.jpg,1739MR0090930000803790I01_DRCL,1739,mastcam_right,Nearby surface
1424MR0070310020702474I01_DRCL.jpg,8,val,1424MR0070310020702474I01_DRCL,True,data/msl/extracted/msl-labeled-data-set-v2.1/images/1424MR0070310020702474I01_DRCL.jpg,1424MR0070310020702474I01_DRCL,1424,mastcam_right,Drill hole
1809MR0093370070504447C00_DRCL.jpg,3,val,1809MR0093370070504447C00_DRCL,True,data/msl/extracted/msl-labeled-data-set-v2.1/images/1809MR0093370070504447C00_DRCL.jpg,1809MR0093370070504447C00_DRCL,1809,mastcam_right,Nearby surface
1576MR0080220010800274I01_DRCL.jpg,1,val,1576MR0080220010800274I01_DRCL,True,data/msl/extracted/msl-labeled-data-set-v2.1/images/1576MR0080220010800274I01_DRCL.jpg,1576MR0080220010800274I01_DRCL,1576,mastcam_right,Other rover part
0959MR0042460130502401C00_DRCL.jpg,10,val,0959MR0042460130502401C00_DRCL,True,data/msl/extracted/msl-labeled-data-set-v2.1/images/0959MR0042460130502401C00_DRCL.jpg,0959MR0042460130502401C00_DRCL,959,mastcam_right,Float
1402MR0068710070702048I01_DRCL.jpg,2,val,1402MR0068710070702048I01_DRCL,True,data/msl/extracted/msl-labeled-data-set-v2.1/images/1402MR0068710070702048I01_DRCL.jpg,1402MR0068710070702048I01_DRCL,1402,mastcam_right,Artifact
1234ML0057060040503832D01_DRCL.jpg,13,val,1234ML0057060040503832D01_DRCL,True,data/msl/extracted/msl-labeled-data-set-v2.1/images/1234ML0057060040503832D01_DRCL.jpg,1234ML0057060040503832D01_DRCL,1234,mastcam_left,Mastcam cal target
1087MR0047770000600392E01_DRCL.jpg,11,val,1087MR0047770000600392E01_DRCL,True,data/msl/extracted/msl-labeled-data-set-v2.1/images/1087MR0047770000600392E01_DRCL.jpg,1087MR0047770000600392E01_DRCL,1087,mastcam_right,Layers
1492MR0075090360404243I01_DRCL.jpg,3,val,1492MR0075090360404243I01_DRCL,True,data/msl/extracted/msl-labeled-data-set-v2.1/images/1492MR0075090360404243I01_DRCL.jpg,1492MR0075090360404243I01_DRCL,1492,mastcam_right,Nearby surface
0993MR0043951040503286C00_DRCL.jpg,14,val,0993MR0043951040503286C00_DRCL,True,data/msl/extracted/msl-labeled-data-set-v2.1/images/0993MR0043951040503286C00_DRCL.jpg,0993MR0043951040503286C00_DRCL,993,mastcam_right,Sand
1416MH0006250000503026I01_DRCL.jpg,2,val,1416MH0006250000503026I01_DRCL,True,data/msl/extracted/msl-labeled-data-set-v2.1/images/1416MH0006250000503026I01_DRCL.jpg,1416MH0006250000503026I01_DRCL,1416,mahli,Artifact
1911MR0100220590900238C00_DRCL.jpg,3,val,1911MR0100220590900238C00_DRCL,True,data/msl/extracted/msl-labeled-data-set-v2.1/images/1911MR0100220590900238C00_DRCL.jpg,1911MR0100220590900238C00_DRCL,1911,mastcam_right,Nearby surface
1085ML0047700040206984E01_DRCL.jpg,11,val,1085ML0047700040206984E01_DRCL,True,data/msl/extracted/msl-labeled-data-set-v2.1/images/1085ML0047700040206984E01_DRCL.jpg,1085ML0047700040206984E01_DRCL,1085,mastcam_left,Layers
1462ML0072920070603112D01_DRCL.jpg,3,val,1462ML0072920070603112D01_DRCL,True,data/msl/extracted/msl-labeled-data-set-v2.1/images/1462ML0072920070603112D01_DRCL.jpg,1462ML0072920070603112D01_DRCL,1462,mastcam_left,Nearby surface
1581MH0004280020601366I01_DRCL.jpg,4,val,1581MH0004280020601366I01_DRCL,True,data/msl/extracted/msl-labeled-data-set-v2.1/images/1581MH0004280020601366I01_DRCL.jpg,1581MH0004280020601366I01_DRCL,1581,mahli,Close-up rock
1892MH0004280020702709C00_DRCL.jpg,12,val,1892MH0004280020702709C00_DRCL,True,data/msl/extracted/msl-labeled-data-set-v2.1/images/1892MH0004280020702709C00_DRCL.jpg,1892MH0004280020702709C00_DRCL,1892,mahli,Light-toned veins
1845MH0003080020701998I01_DRCL.jpg,4,val,1845MH0003080020701998I01_DRCL,True,data/msl/extracted/msl-labeled-data-set-v2.1/images/1845MH0003080020701998I01_DRCL.jpg,1845MH0003080020701998I01_DRCL,1845,mahli,Close-up rock
0976MR0043100210502765E01_DRCL.jpg,3,val,0976MR0043100210502765E01_DRCL,True,data/msl/extracted/msl-labeled-data-set-v2.1/images/0976MR0043100210502765E01_DRCL.jpg,0976MR0043100210502765E01_DRCL,976,mastcam_right,Nearby surface
1471ML0073690040603384E01_DRCL.jpg,16,val,1471ML0073690040603384E01_DRCL,True,data/msl/extracted/msl-labeled-data-set-v2.1/images/1471ML0073690040603384E01_DRCL.jpg,1471ML0073690040603384E01_DRCL,1471,mastcam_left,Wheel
1565ML0079660030604825D01_DRCL.jpg,2,val,1565ML0079660030604825D01_DRCL,True,data/msl/extracted/msl-labeled-data-set-v2.1/images/1565ML0079660030604825D01_DRCL.jpg,1565ML0079660030604825D01_DRCL,1565,mastcam_left,Artifact
1095MR0048530350600759E01_DRCL.jpg,3,val,1095MR0048530350600759E01_DRCL,True,data/msl/extracted/msl-labeled-data-set-v2.1/images/1095MR0048530350600759E01_DRCL.jpg,1095MR0048530350600759E01_DRCL,1095,mastcam_right,Nearby surface
1182MH0001660020402772I01_DRCL.jpg,4,val,1182MH0001660020402772I01_DRCL,True,data/msl/extracted/msl-labeled-data-set-v2.1/images/1182MH0001660020402772I01_DRCL.jpg,1182MH0001660020402772I01_DRCL,1182,mahli,Close-up rock
1903ML0099510740703893C00_DRCL.jpg,3,val,1903ML0099510740703893C00_DRCL,True,data/msl/extracted/msl-labeled-data-set-v2.1/images/1903ML0099510740703893C00_DRCL.jpg,1903ML0099510740703893C00_DRCL,1903,mastcam_left,Nearby surface
1173MR0053110010602256E01_DRCL.jpg,14,val,1173MR0053110010602256E01_DRCL,True,data/msl/extracted/msl-labeled-data-set-v2.1/images/1173MR0053110010602256E01_DRCL.jpg,1173MR0053110010602256E01_DRCL,1173,mastcam_right,Sand
1608MR0082140360800937D01_DRCL.jpg,3,val,1608MR0082140360800937D01_DRCL,True,data/msl/extracted/msl-labeled-data-set-v2.1/images/1608MR0082140360800937D01_DRCL.jpg,1608MR0082140360800937D01_DRCL,1608,mastcam_right,Nearby surface
1064MR0046820000104833E01_DRCL.jpg,1,val,1064MR0046820000104833E01_DRCL,True,data/msl/extracted/msl-labeled-data-set-v2.1/images/1064MR0046820000104833E01_DRCL.jpg,1064MR0046820000104833E01_DRCL,1064,mastcam_right,Other rover part
0993ML0043951210404723C00_DRCL.jpg,3,val,0993ML0043951210404723C00_DRCL,True,data/msl/extracted/msl-labeled-data-set-v2.1/images/0993ML0043951210404723C00_DRCL.jpg,0993ML0043951210404723C00_DRCL,993,mastcam_left,Nearby surface
1465MR0073230110703641I01_DRCL.jpg,2,val,1465MR0073230110703641I01_DRCL,True,data/msl/extracted/msl-labeled-data-set-v2.1/images/1465MR0073230110703641I01_DRCL.jpg,1465MR0073230110703641I01_DRCL,1465,mastcam_right,Artifact
1491MH0001520000504522I01_DRCL.jpg,2,val,1491MH0001520000504522I01_DRCL,True,data/msl/extracted/msl-labeled-data-set-v2.1/images/1491MH0001520000504522I01_DRCL.jpg,1491MH0001520000504522I01_DRCL,1491,mahli,Artifact
1555ML0079810060604760I01_DRCL.jpg,4,val,1555ML0079810060604760I01_DRCL,True,data/msl/extracted/msl-labeled-data-set-v2.1/images/1555ML0079810060604760I01_DRCL.jpg,1555ML0079810060604760I01_DRCL,1555,mastcam_left,Close-up rock
1671MR0086620520802566I01_DRCL.jpg,3,val,1671MR0086620520802566I01_DRCL,True,data/msl/extracted/msl-labeled-data-set-v2.1/images/1671MR0086620520802566I01_DRCL.jpg,1671MR0086620520802566I01_DRCL,1671,mastcam_right,Nearby surface
1328MR0063740000700731E01_DRCL.jpg,3,val,1328MR0063740000700731E01_DRCL,True,data/msl/extracted/msl-labeled-data-set-v2.1/images/1328MR0063740000700731E01_DRCL.jpg,1328MR0063740000700731E01_DRCL,1328,mastcam_right,Nearby surface
1657MR0085950930802337I01_DRCL.jpg,7,val,1657MR0085950930802337I01_DRCL,True,data/msl/extracted/msl-labeled-data-set-v2.1/images/1657MR0085950930802337I01_DRCL.jpg,1657MR0085950930802337I01_DRCL,1657,mastcam_right,Distant landscape
1749MH0007080010700426C00_DRCL.jpg,14,val,1749MH0007080010700426C00_DRCL,True,data/msl/extracted/msl-labeled-data-set-v2.1/images/1749MH0007080010700426C00_DRCL.jpg,1749MH0007080010700426C00_DRCL,1749,mahli,Sand
1104MR0048910030601053I01_DRCL.jpg,2,val,1104MR0048910030601053I01_DRCL,True,data/msl/extracted/msl-labeled-data-set-v2.1/images/1104MR0048910030601053I01_DRCL.jpg,1104MR0048910030601053I01_DRCL,1104,mastcam_right,Artifact
1603MR0081810190800799I01_DRCL.jpg,14,val,1603MR0081810190800799I01_DRCL,True,data/msl/extracted/msl-labeled-data-set-v2.1/images/1603MR0081810190800799I01_DRCL.jpg,1603MR0081810190800799I01_DRCL,1603,mastcam_right,Sand
1609MR0082280020800975I01_DRCL.jpg,11,val,1609MR0082280020800975I01_DRCL,True,data/msl/extracted/msl-labeled-data-set-v2.1/images/1609MR0082280020800975I01_DRCL.jpg,1609MR0082280020800975I01_DRCL,1609,mastcam_right,Layers
1305MR0062030040700382E01_DRCL.jpg,3,val,1305MR0062030040700382E01_DRCL,True,data/msl/extracted/msl-labeled-data-set-v2.1/images/1305MR0062030040700382E01_DRCL.jpg,1305MR0062030040700382E01_DRCL,1305,mastcam_right,Nearby surface
1201MR0055090130602783E01_DRCL.jpg,12,val,1201MR0055090130602783E01_DRCL,True,data/msl/extracted/msl-labeled-data-set-v2.1/images/1201MR0055090130602783E01_DRCL.jpg,1201MR0055090130602783E01_DRCL,1201,mastcam_right,Light-toned veins
1359MR0066270080701480D01_DRCL.jpg,13,val,1359MR0066270080701480D01_DRCL,True,data/msl/extracted/msl-labeled-data-set-v2.1/images/1359MR0066270080701480D01_DRCL.jpg,1359MR0066270080701480D01_DRCL,1359,mastcam_right,Mastcam cal target
1692MR0088190000803090Q01_DRCL.jpg,2,val,1692MR0088190000803090Q01_DRCL,True,data/msl/extracted/msl-labeled-data-set-v2.1/images/1692MR0088190000803090Q01_DRCL.jpg,1692MR0088190000803090Q01_DRCL,1692,mastcam_right,Artifact
1535MR0078660000104966I01_DRCL.jpg,3,val,1535MR0078660000104966I01_DRCL,True,data/msl/extracted/msl-labeled-data-set-v2.1/images/1535MR0078660000104966I01_DRCL.jpg,1535MR0078660000104966I01_DRCL,1535,mastcam_right,Nearby surface
0954MR0042110000502179C00_DRCL.jpg,1,val,0954MR0042110000502179C00_DRCL,True,data/msl/extracted/msl-labeled-data-set-v2.1/images/0954MR0042110000502179C00_DRCL.jpg,0954MR0042110000502179C00_DRCL,954,mastcam_right,Other rover part
1688MH0007110010603802C00_DRCL.jpg,4,val,1688MH0007110010603802C00_DRCL,True,data/msl/extracted/msl-labeled-data-set-v2.1/images/1688MH0007110010603802C00_DRCL.jpg,1688MH0007110010603802C00_DRCL,1688,mahli,Close-up rock
1725MH0002970020604672I01_DRCL.jpg,2,val,1725MH0002970020604672I01_DRCL,True,data/msl/extracted/msl-labeled-data-set-v2.1/images/1725MH0002970020604672I01_DRCL.jpg,1725MH0002970020604672I01_DRCL,1725,mahli,Artifact
1296ML0061540260405365E01_DRCL.jpg,3,val,1296ML0061540260405365E01_DRCL,True,data/msl/extracted/msl-labeled-data-set-v2.1/images/1296ML0061540260405365E01_DRCL.jpg,1296ML0061540260405365E01_DRCL,1296,mastcam_left,Nearby surface
1355ML0065800120600619E01_DRCL.jpg,3,val,1355ML0065800120600619E01_DRCL,True,data/msl/extracted/msl-labeled-data-set-v2.1/images/1355ML0065800120600619E01_DRCL.jpg,1355ML0065800120600619E01_DRCL,1355,mastcam_left,Nearby surface
1032MH0003830020400115I01_DRCL.jpg,4,val,1032MH0003830020400115I01_DRCL,True,data/msl/extracted/msl-labeled-data-set-v2.1/images/1032MH0003830020400115I01_DRCL.jpg,1032MH0003830020400115I01_DRCL,1032,mahli,Close-up rock
1183ML0053670040502635E01_DRCL.jpg,18,val,1183ML0053670040502635E01_DRCL,True,data/msl/extracted/msl-labeled-data-set-v2.1/images/1183ML0053670040502635E01_DRCL.jpg,1183ML0053670040502635E01_DRCL,1183,mastcam_left,Wheel tracks
1463ML0073150050603211D01_DRCL.jpg,3,val,1463ML0073150050603211D01_DRCL,True,data/msl/extracted/msl-labeled-data-set-v2.1/images/1463ML0073150050603211D01_DRCL.jpg,1463ML0073150050603211D01_DRCL,1463,mastcam_left,Nearby surface
1326MR0063300080700672D01_DRCL.jpg,13,val,1326MR0063300080700672D01_DRCL,True,data/msl/extracted/msl-labeled-data-set-v2.1/images/1326MR0063300080700672D01_DRCL.jpg,1326MR0063300080700672D01_DRCL,1326,mastcam_right,Mastcam cal target
1065MH0003900010400665E01_DRCL.jpg,16,val,1065MH0003900010400665E01_DRCL,True,data/msl/extracted/msl-labeled-data-set-v2.1/images/1065MH0003900010400665E01_DRCL.jpg,1065MH0003900010400665E01_DRCL,1065,mahli,Wheel
1617MR0082610040801084E01_DRCL.jpg,3,val,1617MR0082610040801084E01_DRCL,True,data/msl/extracted/msl-labeled-data-set-v2.1/images/1617MR0082610040801084E01_DRCL.jpg,1617MR0082610040801084E01_DRCL,1617,mastcam_right,Nearby surface
0992ML0043900280404556E01_DRCL.jpg,11,val,0992ML0043900280404556E01_DRCL,True,data/msl/extracted/msl-labeled-data-set-v2.1/images/0992ML0043900280404556E01_DRCL.jpg,0992ML0043900280404556E01_DRCL,992,mastcam_left,Layers
1290MR0060860020700043I01_DRCL.jpg,2,val,1290MR0060860020700043I01_DRCL,True,data/msl/extracted/msl-labeled-data-set-v2.1/images/1290MR0060860020700043I01_DRCL.jpg,1290MR0060860020700043I01_DRCL,1290,mastcam_right,Artifact
1903ML0099510630703882C00_DRCL.jpg,3,val,1903ML0099510630703882C00_DRCL,True,data/msl/extracted/msl-labeled-data-set-v2.1/images/1903ML0099510630703882C00_DRCL.jpg,1903ML0099510630703882C00_DRCL,1903,mastcam_left,Nearby surface
1464MH0003990000503888I01_DRCL.jpg,2,val,1464MH0003990000503888I01_DRCL,True,data/msl/extracted/msl-labeled-data-set-v2.1/images/1464MH0003990000503888I01_DRCL.jpg,1464MH0003990000503888I01_DRCL,1464,mahli,Artifact
1447ML0071620010602712E01_DRCL.jpg,7,val,1447ML0071620010602712E01_DRCL,True,data/msl/extracted/msl-labeled-data-set-v2.1/images/1447ML0071620010602712E01_DRCL.jpg,1447ML0071620010602712E01_DRCL,1447,mastcam_left,Distant landscape
1318MH0002240020500493I01_DRCL.jpg,4,val,1318MH0002240020500493I01_DRCL,True,data/msl/extracted/msl-labeled-data-set-v2.1/images/1318MH0002240020500493I01_DRCL.jpg,1318MH0002240020500493I01_DRCL,1318,mahli,Close-up rock
1221MR0055980090603231E01_DRCL.jpg,14,val,1221MR0055980090603231E01_DRCL,True,data/msl/extracted/msl-labeled-data-set-v2.1/images/1221MR0055980090603231E01_DRCL.jpg,1221MR0055980090603231E01_DRCL,1221,mastcam_right,Sand
1290MR0060880120700071I01_DRCL.jpg,2,val,1290MR0060880120700071I01_DRCL,True,data/msl/extracted/msl-labeled-data-set-v2.1/images/1290MR0060880120700071I01_DRCL.jpg,1290MR0060880120700071I01_DRCL,1290,mastcam_right,Artifact
1625MR0083620000801405Q01_DRCL.jpg,1,val,1625MR0083620000801405Q01_DRCL,True,data/msl/extracted/msl-labeled-data-set-v2.1/images/1625MR0083620000801405Q01_DRCL.jpg,1625MR0083620000801405Q01_DRCL,1625,mastcam_right,Other rover part
1133MR0050640000601560I01_DRCL.jpg,2,val,1133MR0050640000601560I01_DRCL,True,data/msl/extracted/msl-labeled-data-set-v2.1/images/1133MR0050640000601560I01_DRCL.jpg,1133MR0050640000601560I01_DRCL,1133,mastcam_right,Artifact
0998MH0005030040304543I01_DRCL.jpg,2,val,0998MH0005030040304543I01_DRCL,True,data/msl/extracted/msl-labeled-data-set-v2.1/images/0998MH0005030040304543I01_DRCL.jpg,0998MH0005030040304543I01_DRCL,998,mahli,Artifact
1570MH0006560030600970I01_DRCL.jpg,2,val,1570MH0006560030600970I01_DRCL,True,data/msl/extracted/msl-labeled-data-set-v2.1/images/1570MH0006560030600970I01_DRCL.jpg,1570MH0006560030600970I01_DRCL,1570,mahli,Artifact
1073MH0003250050400732E01_DRCL.jpg,7,val,1073MH0003250050400732E01_DRCL,True,data/msl/extracted/msl-labeled-data-set-v2.1/images/1073MH0003250050400732E01_DRCL.jpg,1073MH0003250050400732E01_DRCL,1073,mahli,Distant landscape
1066ML0046890040206345D01_DRCL.jpg,3,val,1066ML0046890040206345D01_DRCL,True,data/msl/extracted/msl-labeled-data-set-v2.1/images/1066ML0046890040206345D01_DRCL.jpg,1066ML0046890040206345D01_DRCL,1066,mastcam_left,Nearby surface
1821MR0094010060304642D01_DRCL.jpg,3,val,1821MR0094010060304642D01_DRCL,True,data/msl/extracted/msl-labeled-data-set-v2.1/images/1821MR0094010060304642D01_DRCL.jpg,1821MR0094010060304642D01_DRCL,1821,mastcam_right,Nearby surface
1399ML0068460090601696E01_DRCL.jpg,3,val,1399ML0068460090601696E01_DRCL,True,data/msl/extracted/msl-labeled-data-set-v2.1/images/1399ML0068460090601696E01_DRCL.jpg,1399ML0068460090601696E01_DRCL,1399,mastcam_left,Nearby surface
1648ML0085330050700418I01_DRCL.jpg,2,val,1648ML0085330050700418I01_DRCL,True,data/msl/extracted/msl-labeled-data-set-v2.1/images/1648ML0085330050700418I01_DRCL.jpg,1648ML0085330050700418I01_DRCL,1648,mastcam_left,Artifact
1482ML0074430080603543I01_DRCL.jpg,3,val,1482ML0074430080603543I01_DRCL,True,data/msl/extracted/msl-labeled-data-set-v2.1/images/1482ML0074430080603543I01_DRCL.jpg,1482ML0074430080603543I01_DRCL,1482,mastcam_left,Nearby surface
1148ML0051960000501731E01_DRCL.jpg,3,val,1148ML0051960000501731E01_DRCL,True,data/msl/extracted/msl-labeled-data-set-v2.1/images/1148ML0051960000501731E01_DRCL.jpg,1148ML0051960000501731E01_DRCL,1148,mastcam_left,Nearby surface
1197ML0054561700503117E01_DRCL.jpg,1,val,1197ML0054561700503117E01_DRCL,True,data/msl/extracted/msl-labeled-data-set-v2.1/images/1197ML0054561700503117E01_DRCL.jpg,1197ML0054561700503117E01_DRCL,1197,mastcam_left,Other rover part
1280MR0060180130304300D01_DRCL.jpg,13,val,1280MR0060180130304300D01_DRCL,True,data/msl/extracted/msl-labeled-data-set-v2.1/images/1280MR0060180130304300D01_DRCL.jpg,1280MR0060180130304300D01_DRCL,1280,mastcam_right,Mastcam cal target
1376ML0067420020601315E01_DRCL.jpg,0,val,1376ML0067420020601315E01_DRCL,True,data/msl/extracted/msl-labeled-data-set-v2.1/images/1376ML0067420020601315E01_DRCL.jpg,1376ML0067420020601315E01_DRCL,1376,mastcam_left,Arm cover
1878ML0098280040703477D01_DRCL.jpg,2,val,1878ML0098280040703477D01_DRCL,True,data/msl/extracted/msl-labeled-data-set-v2.1/images/1878ML0098280040703477D01_DRCL.jpg,1878ML0098280040703477D01_DRCL,1878,mastcam_left,Artifact
1292ML0060980010405232E01_DRCL.jpg,3,val,1292ML0060980010405232E01_DRCL,True,data/msl/extracted/msl-labeled-data-set-v2.1/images/1292ML0060980010405232E01_DRCL.jpg,1292ML0060980010405232E01_DRCL,1292,mastcam_left,Nearby surface
1876ML0098140070703438D01_DRCL.jpg,3,val,1876ML0098140070703438D01_DRCL,True,data/msl/extracted/msl-labeled-data-set-v2.1/images/1876ML0098140070703438D01_DRCL.jpg,1876ML0098140070703438D01_DRCL,1876,mastcam_left,Nearby surface
1228MH0003900010403333E01_DRCL.jpg,1,val,1228MH0003900010403333E01_DRCL,True,data/msl/extracted/msl-labeled-data-set-v2.1/images/1228MH0003900010403333E01_DRCL.jpg,1228MH0003900010403333E01_DRCL,1228,mahli,Other rover part
1234ML0057050090503822I01_DRCL.jpg,2,val,1234ML0057050090503822I01_DRCL,True,data/msl/extracted/msl-labeled-data-set-v2.1/images/1234ML0057050090503822I01_DRCL.jpg,1234ML0057050090503822I01_DRCL,1234,mastcam_left,Artifact
1795MH0007060020700862C00_DRCL.jpg,14,val,1795MH0007060020700862C00_DRCL,True,data/msl/extracted/msl-labeled-data-set-v2.1/images/1795MH0007060020700862C00_DRCL.jpg,1795MH0007060020700862C00_DRCL,1795,mahli,Sand
1191MH0005490030403020I01_DRCL.jpg,4,val,1191MH0005490030403020I01_DRCL,True,data/msl/extracted/msl-labeled-data-set-v2.1/images/1191MH0005490030403020I01_DRCL.jpg,1191MH0005490030403020I01_DRCL,1191,mahli,Close-up rock
1189ML0053890040502778I01_DRCL.jpg,2,val,1189ML0053890040502778I01_DRCL,True,data/msl/extracted/msl-labeled-data-set-v2.1/images/1189ML0053890040502778I01_DRCL.jpg,1189ML0053890040502778I01_DRCL,1189,mastcam_left,Artifact
1651ML0085530010700479E01_DRCL.jpg,1,val,1651ML0085530010700479E01_DRCL,True,data/msl/extracted/msl-labeled-data-set-v2.1/images/1651ML0085530010700479E01_DRCL.jpg,1651ML0085530010700479E01_DRCL,1651,mastcam_left,Other rover part
1106MR0049140080601136E01_DRCL.jpg,11,val,1106MR0049140080601136E01_DRCL,True,data/msl/extracted/msl-labeled-data-set-v2.1/images/1106MR0049140080601136E01_DRCL.jpg,1106MR0049140080601136E01_DRCL,1106,mastcam_right,Layers
1581MH0006720020601311I01_DRCL.jpg,4,val,1581MH0006720020601311I01_DRCL,True,data/msl/extracted/msl-labeled-data-set-v2.1/images/1581MH0006720020601311I01_DRCL.jpg,1581MH0006720020601311I01_DRCL,1581,mahli,Close-up rock
1605MH0002990010602160C00_DRCL.jpg,11,val,1605MH0002990010602160C00_DRCL,True,data/msl/extracted/msl-labeled-data-set-v2.1/images/1605MH0002990010602160C00_DRCL.jpg,1605MH0002990010602160C00_DRCL,1605,mahli,Layers
1087ML0047770460500075E01_DRCL.jpg,11,val,1087ML0047770460500075E01_DRCL,True,data/msl/extracted/msl-labeled-data-set-v2.1/images/1087ML0047770460500075E01_DRCL.jpg,1087ML0047770460500075E01_DRCL,1087,mastcam_left,Layers
1278MH0001660020404716I01_DRCL.jpg,10,val,1278MH0001660020404716I01_DRCL,True,data/msl/extracted/msl-labeled-data-set-v2.1/images/1278MH0001660020404716I01_DRCL.jpg,1278MH0001660020404716I01_DRCL,1278,mahli,Float
1403MH0002990020502699I01_DRCL.jpg,4,val,1403MH0002990020502699I01_DRCL,True,data/msl/extracted/msl-labeled-data-set-v2.1/images/1403MH0002990020502699I01_DRCL.jpg,1403MH0002990020502699I01_DRCL,1403,mahli,Close-up rock
0974MH0004850020304297I01_DRCL.jpg,4,val,0974MH0004850020304297I01_DRCL,True,data/msl/extracted/msl-labeled-data-set-v2.1/images/0974MH0004850020304297I01_DRCL.jpg,0974MH0004850020304297I01_DRCL,974,mahli,Close-up rock
1106ML0049130040500783E01_DRCL.jpg,3,val,1106ML0049130040500783E01_DRCL,True,data/msl/extracted/msl-labeled-data-set-v2.1/images/1106ML0049130040500783E01_DRCL.jpg,1106ML0049130040500783E01_DRCL,1106,mastcam_left,Nearby surface
1403MH0002990020502687I01_DRCL.jpg,4,val,1403MH0002990020502687I01_DRCL,True,data/msl/extracted/msl-labeled-data-set-v2.1/images/1403MH0002990020502687I01_DRCL.jpg,1403MH0002990020502687I01_DRCL,1403,mahli,Close-up rock
1785MR0092110580804066C00_DRCL.jpg,11,val,1785MR0092110580804066C00_DRCL,True,data/msl/extracted/msl-labeled-data-set-v2.1/images/1785MR0092110580804066C00_DRCL.jpg,1785MR0092110580804066C00_DRCL,1785,mastcam_right,Layers
1650MH0007000000603116I01_DRCL.jpg,2,val,1650MH0007000000603116I01_DRCL,True,data/msl/extracted/msl-labeled-data-set-v2.1/images/1650MH0007000000603116I01_DRCL.jpg,1650MH0007000000603116I01_DRCL,1650,mahli,Artifact
1830ML0094690130702858C00_DRCL.jpg,3,val,1830ML0094690130702858C00_DRCL,True,data/msl/extracted/msl-labeled-data-set-v2.1/images/1830ML0094690130702858C00_DRCL.jpg,1830ML0094690130702858C00_DRCL,1830,mastcam_left,Nearby surface
1819ML0093950210702696D01_DRCL.jpg,3,val,1819ML0093950210702696D01_DRCL,True,data/msl/extracted/msl-labeled-data-set-v2.1/images/1819ML0093950210702696D01_DRCL.jpg,1819ML0093950210702696D01_DRCL,1819,mastcam_left,Nearby surface
1523MR0077680000204764E01_DRCL.jpg,5,val,1523MR0077680000204764E01_DRCL,True,data/msl/extracted/msl-labeled-data-set-v2.1/images/1523MR0077680000204764E01_DRCL.jpg,1523MR0077680000204764E01_DRCL,1523,mastcam_right,DRT
1691ML0087300130701116I01_DRCL.jpg,2,val,1691ML0087300130701116I01_DRCL,True,data/msl/extracted/msl-labeled-data-set-v2.1/images/1691ML0087300130701116I01_DRCL.jpg,1691ML0087300130701116I01_DRCL,1691,mastcam_left,Artifact
1221ML0056000210503642E01_DRCL.jpg,14,val,1221ML0056000210503642E01_DRCL,True,data/msl/extracted/msl-labeled-data-set-v2.1/images/1221ML0056000210503642E01_DRCL.jpg,1221ML0056000210503642E01_DRCL,1221,mastcam_left,Sand
1746ML0091240040701862D01_DRCL.jpg,2,val,1746ML0091240040701862D01_DRCL,True,data/msl/extracted/msl-labeled-data-set-v2.1/images/1746ML0091240040701862D01_DRCL.jpg,1746ML0091240040701862D01_DRCL,1746,mastcam_left,Artifact
1572MH0006630020601071I01_DRCL.jpg,1,val,1572MH0006630020601071I01_DRCL,True,data/msl/extracted/msl-labeled-data-set-v2.1/images/1572MH0006630020601071I01_DRCL.jpg,1572MH0006630020601071I01_DRCL,1572,mahli,Other rover part
1044MR0045730450204493E01_DRCL.jpg,3,val,1044MR0045730450204493E01_DRCL,True,data/msl/extracted/msl-labeled-data-set-v2.1/images/1044MR0045730450204493E01_DRCL.jpg,1044MR0045730450204493E01_DRCL,1044,mastcam_right,Nearby surface
1611MH0006040030602391I01_DRCL.jpg,4,val,1611MH0006040030602391I01_DRCL,True,data/msl/extracted/msl-labeled-data-set-v2.1/images/1611MH0006040030602391I01_DRCL.jpg,1611MH0006040030602391I01_DRCL,1611,mahli,Close-up rock
1609MR0082280100800983C00_DRCL.jpg,10,val,1609MR0082280100800983C00_DRCL,True,data/msl/extracted/msl-labeled-data-set-v2.1/images/1609MR0082280100800983C00_DRCL.jpg,1609MR0082280100800983C00_DRCL,1609,mastcam_right,Float
1032MR0045090000504035L01_DRCL.jpg,15,val,1032MR0045090000504035L01_DRCL,True,data/msl/extracted/msl-labeled-data-set-v2.1/images/1032MR0045090000504035L01_DRCL.jpg,1032MR0045090000504035L01_DRCL,1032,mastcam_right,Sun
1305ML0062050030405756E01_DRCL.jpg,3,val,1305ML0062050030405756E01_DRCL,True,data/msl/extracted/msl-labeled-data-set-v2.1/images/1305ML0062050030405756E01_DRCL.jpg,1305ML0062050030405756E01_DRCL,1305,mastcam_left,Nearby surface
1321MR0063050060700609I01_DRCL.jpg,2,val,1321MR0063050060700609I01_DRCL,True,data/msl/extracted/msl-labeled-data-set-v2.1/images/1321MR0063050060700609I01_DRCL.jpg,1321MR0063050060700609I01_DRCL,1321,mastcam_right,Artifact
1838MH0001520020701965I01_DRCL.jpg,4,val,1838MH0001520020701965I01_DRCL,True,data/msl/extracted/msl-labeled-data-set-v2.1/images/1838MH0001520020701965I01_DRCL.jpg,1838MH0001520020701965I01_DRCL,1838,mahli,Close-up rock
1059ML0046580120306168I01_DRCL.jpg,2,val,1059ML0046580120306168I01_DRCL,True,data/msl/extracted/msl-labeled-data-set-v2.1/images/1059ML0046580120306168I01_DRCL.jpg,1059ML0046580120306168I01_DRCL,1059,mastcam_left,Artifact
1276ML0059940020504692E01_DRCL.jpg,3,val,1276ML0059940020504692E01_DRCL,True,data/msl/extracted/msl-labeled-data-set-v2.1/images/1276ML0059940020504692E01_DRCL.jpg,1276ML0059940020504692E01_DRCL,1276,mastcam_left,Nearby surface
1676MR0086990000802675E01_DRCL.jpg,14,val,1676MR0086990000802675E01_DRCL,True,data/msl/extracted/msl-labeled-data-set-v2.1/images/1676MR0086990000802675E01_DRCL.jpg,1676MR0086990000802675E01_DRCL,1676,mastcam_right,Sand
1114MH0001520020401368I01_DRCL.jpg,4,val,1114MH0001520020401368I01_DRCL,True,data/msl/extracted/msl-labeled-data-set-v2.1/images/1114MH0001520020401368I01_DRCL.jpg,1114MH0001520020401368I01_DRCL,1114,mahli,Close-up rock
1470MR0073610170703804E01_DRCL.jpg,3,val,1470MR0073610170703804E01_DRCL,True,data/msl/extracted/msl-labeled-data-set-v2.1/images/1470MR0073610170703804E01_DRCL.jpg,1470MR0073610170703804E01_DRCL,1470,mastcam_right,Nearby surface
1649ML0085370180700447I01_DRCL.jpg,7,val,1649ML0085370180700447I01_DRCL,True,data/msl/extracted/msl-labeled-data-set-v2.1/images/1649ML0085370180700447I01_DRCL.jpg,1649ML0085370180700447I01_DRCL,1649,mastcam_left,Distant landscape
1263ML0059080030504268D01_DRCL.jpg,2,val,1263ML0059080030504268D01_DRCL,True,data/msl/extracted/msl-labeled-data-set-v2.1/images/1263ML0059080030504268D01_DRCL.jpg,1263ML0059080030504268D01_DRCL,1263,mastcam_left,Artifact
1221MR0055970210603202E01_DRCL.jpg,14,val,1221MR0055970210603202E01_DRCL,True,data/msl/extracted/msl-labeled-data-set-v2.1/images/1221MR0055970210603202E01_DRCL.jpg,1221MR0055970210603202E01_DRCL,1221,mastcam_right,Sand
1749MH0007080000700414I01_DRCL.jpg,2,val,1749MH0007080000700414I01_DRCL,True,data/msl/extracted/msl-labeled-data-set-v2.1/images/1749MH0007080000700414I01_DRCL.jpg,1749MH0007080000700414I01_DRCL,1749,mahli,Artifact
1001ML0044510000305256D01_DRCL.jpg,13,val,1001ML0044510000305256D01_DRCL,True,data/msl/extracted/msl-labeled-data-set-v2.1/images/1001ML0044510000305256D01_DRCL.jpg,1001ML0044510000305256D01_DRCL,1001,mastcam_left,Mastcam cal target
1044ML0045730480305916E01_DRCL.jpg,3,val,1044ML0045730480305916E01_DRCL,True,data/msl/extracted/msl-labeled-data-set-v2.1/images/1044ML0045730480305916E01_DRCL.jpg,1044ML0045730480305916E01_DRCL,1044,mastcam_left,Nearby surface
1049ML0046170130306044E01_DRCL.jpg,11,val,1049ML0046170130306044E01_DRCL,True,data/msl/extracted/msl-labeled-data-set-v2.1/images/1049ML0046170130306044E01_DRCL.jpg,1049ML0046170130306044E01_DRCL,1049,mastcam_left,Layers
1272ML0059490090504438E01_DRCL.jpg,3,val,1272ML0059490090504438E01_DRCL,True,data/msl/extracted/msl-labeled-data-set-v2.1/images/1272ML0059490090504438E01_DRCL.jpg,1272ML0059490090504438E01_DRCL,1272,mastcam_left,Nearby surface
0970MR0042740110502695D01_DRCL.jpg,9,val,0970MR0042740110502695D01_DRCL,True,data/msl/extracted/msl-labeled-data-set-v2.1/images/0970MR0042740110502695D01_DRCL.jpg,0970MR0042740110502695D01_DRCL,970,mastcam_right,Night sky
1163ML0052631360502344E01_DRCL.jpg,1,val,1163ML0052631360502344E01_DRCL,True,data/msl/extracted/msl-labeled-data-set-v2.1/images/1163ML0052631360502344E01_DRCL.jpg,1163ML0052631360502344E01_DRCL,1163,mastcam_left,Other rover part
1368MH0003110010502464C00_DRCL.jpg,4,val,1368MH0003110010502464C00_DRCL,True,data/msl/extracted/msl-labeled-data-set-v2.1/images/1368MH0003110010502464C00_DRCL.jpg,1368MH0003110010502464C00_DRCL,1368,mahli,Close-up rock
1809MH0003370020701232I01_DRCL.jpg,4,val,1809MH0003370020701232I01_DRCL,True,data/msl/extracted/msl-labeled-data-set-v2.1/images/1809MH0003370020701232I01_DRCL.jpg,1809MH0003370020701232I01_DRCL,1809,mahli,Close-up rock
1032MR0045090000503930L01_DRCL.jpg,15,val,1032MR0045090000503930L01_DRCL,True,data/msl/extracted/msl-labeled-data-set-v2.1/images/1032MR0045090000503930L01_DRCL.jpg,1032MR0045090000503930L01_DRCL,1032,mastcam_right,Sun
1565MR0079660050800178I01_DRCL.jpg,2,val,1565MR0079660050800178I01_DRCL,True,data/msl/extracted/msl-labeled-data-set-v2.1/images/1565MR0079660050800178I01_DRCL.jpg,1565MR0079660050800178I01_DRCL,1565,mastcam_right,Artifact
1065ML0046870470206334C00_DRCL.jpg,11,val,1065ML0046870470206334C00_DRCL,True,data/msl/extracted/msl-labeled-data-set-v2.1/images/1065ML0046870470206334C00_DRCL.jpg,1065ML0046870470206334C00_DRCL,1065,mastcam_left,Layers
1041MH0001520020400218I01_DRCL.jpg,4,val,1041MH0001520020400218I01_DRCL,True,data/msl/extracted/msl-labeled-data-set-v2.1/images/1041MH0001520020400218I01_DRCL.jpg,1041MH0001520020400218I01_DRCL,1041,mahli,Close-up rock
1652MR0085600000802166I01_DRCL.jpg,2,val,1652MR0085600000802166I01_DRCL,True,data/msl/extracted/msl-labeled-data-set-v2.1/images/1652MR0085600000802166I01_DRCL.jpg,1652MR0085600000802166I01_DRCL,1652,mastcam_right,Artifact
1895MR0099230000105565C00_DRCL.jpg,3,val,1895MR0099230000105565C00_DRCL,True,data/msl/extracted/msl-labeled-data-set-v2.1/images/1895MR0099230000105565C00_DRCL.jpg,1895MR0099230000105565C00_DRCL,1895,mastcam_right,Nearby surface
1686ML0087720040700899E01_DRCL.jpg,14,val,1686ML0087720040700899E01_DRCL,True,data/msl/extracted/msl-labeled-data-set-v2.1/images/1686ML0087720040700899E01_DRCL.jpg,1686ML0087720040700899E01_DRCL,1686,mastcam_left,Sand
1599ML0081470050505277I01_DRCL.jpg,2,val,1599ML0081470050505277I01_DRCL,True,data/msl/extracted/msl-labeled-data-set-v2.1/images/1599ML0081470050505277I01_DRCL.jpg,1599ML0081470050505277I01_DRCL,1599,mastcam_left,Artifact
1608MR0082160140800959I01_DRCL.jpg,13,val,1608MR0082160140800959I01_DRCL,True,data/msl/extracted/msl-labeled-data-set-v2.1/images/1608MR0082160140800959I01_DRCL.jpg,1608MR0082160140800959I01_DRCL,1608,mastcam_right,Mastcam cal target
1319MH0002240020500570I01_DRCL.jpg,4,val,1319MH0002240020500570I01_DRCL,True,data/msl/extracted/msl-labeled-data-set-v2.1/images/1319MH0002240020500570I01_DRCL.jpg,1319MH0002240020500570I01_DRCL,1319,mahli,Close-up rock
1448MR0071730340703088E01_DRCL.jpg,11,val,1448MR0071730340703088E01_DRCL,True,data/msl/extracted/msl-labeled-data-set-v2.1/images/1448MR0071730340703088E01_DRCL.jpg,1448MR0071730340703088E01_DRCL,1448,mastcam_right,Layers
1072MR0047120000600005E01_DRCL.jpg,11,val,1072MR0047120000600005E01_DRCL,True,data/msl/extracted/msl-labeled-data-set-v2.1/images/1072MR0047120000600005E01_DRCL.jpg,1072MR0047120000600005E01_DRCL,1072,mastcam_right,Layers
1421ML0070161050602315I01_DRCL.jpg,3,val,1421ML0070161050602315I01_DRCL,True,data/msl/extracted/msl-labeled-data-set-v2.1/images/1421ML0070161050602315I01_DRCL.jpg,1421ML0070161050602315I01_DRCL,1421,mastcam_left,Nearby surface
0993ML0043960540404801C00_DRCL.jpg,11,val,0993ML0043960540404801C00_DRCL,True,data/msl/extracted/msl-labeled-data-set-v2.1/images/0993ML0043960540404801C00_DRCL.jpg,0993ML0043960540404801C00_DRCL,993,mastcam_left,Layers
1066ML0046890020206343E01_DRCL.jpg,3,val,1066ML0046890020206343E01_DRCL,True,data/msl/extracted/msl-labeled-data-set-v2.1/images/1066ML0046890020206343E01_DRCL.jpg,1066ML0046890020206343E01_DRCL,1066,mastcam_left,Nearby surface
1184MH0005430020402922C00_DRCL.jpg,2,val,1184MH0005430020402922C00_DRCL,True,data/msl/extracted/msl-labeled-data-set-v2.1/images/1184MH0005430020402922C00_DRCL.jpg,1184MH0005430020402922C00_DRCL,1184,mahli,Artifact
1788MR0092330050804112I01_DRCL.jpg,2,val,1788MR0092330050804112I01_DRCL,True,data/msl/extracted/msl-labeled-data-set-v2.1/images/1788MR0092330050804112I01_DRCL.jpg,1788MR0092330050804112I01_DRCL,1788,mastcam_right,Artifact
1525ML0077790230604370I01_DRCL.jpg,2,val,1525ML0077790230604370I01_DRCL,True,data/msl/extracted/msl-labeled-data-set-v2.1/images/1525ML0077790230604370I01_DRCL.jpg,1525ML0077790230604370I01_DRCL,1525,mastcam_left,Artifact
0952ML0041960920403549E01_DRCL.jpg,18,val,0952ML0041960920403549E01_DRCL,True,data/msl/extracted/msl-labeled-data-set-v2.1/images/0952ML0041960920403549E01_DRCL.jpg,0952ML0041960920403549E01_DRCL,952,mastcam_left,Wheel tracks
1330ML0063780040600004E01_DRCL.jpg,4,val,1330ML0063780040600004E01_DRCL,True,data/msl/extracted/msl-labeled-data-set-v2.1/images/1330ML0063780040600004E01_DRCL.jpg,1330ML0063780040600004E01_DRCL,1330,mastcam_left,Close-up rock
1400MR0068530250702012E01_DRCL.jpg,3,val,1400MR0068530250702012E01_DRCL,True,data/msl/extracted/msl-labeled-data-set-v2.1/images/1400MR0068530250702012E01_DRCL.jpg,1400MR0068530250702012E01_DRCL,1400,mastcam_right,Nearby surface
1344MH0006140030501762I01_DRCL.jpg,4,val,1344MH0006140030501762I01_DRCL,True,data/msl/extracted/msl-labeled-data-set-v2.1/images/1344MH0006140030501762I01_DRCL.jpg,1344MH0006140030501762I01_DRCL,1344,mahli,Close-up rock
1092ML0047930210500298E01_DRCL.jpg,11,val,1092ML0047930210500298E01_DRCL,True,data/msl/extracted/msl-labeled-data-set-v2.1/images/1092ML0047930210500298E01_DRCL.jpg,1092ML0047930210500298E01_DRCL,1092,mastcam_left,Layers
1380MH0003060020502614I01_DRCL.jpg,6,val,1380MH0003060020502614I01_DRCL,True,data/msl/extracted/msl-labeled-data-set-v2.1/images/1380MH0003060020502614I01_DRCL.jpg,1380MH0003060020502614I01_DRCL,1380,mahli,DRT spot
1321MH0005940080500649I01_DRCL.jpg,8,val,1321MH0005940080500649I01_DRCL,True,data/msl/extracted/msl-labeled-data-set-v2.1/images/1321MH0005940080500649I01_DRCL.jpg,1321MH0005940080500649I01_DRCL,1321,mahli,Drill hole
1284MR0060380290304378I01_DRCL.jpg,7,val,1284MR0060380290304378I01_DRCL,True,data/msl/extracted/msl-labeled-data-set-v2.1/images/1284MR0060380290304378I01_DRCL.jpg,1284MR0060380290304378I01_DRCL,1284,mastcam_right,Distant landscape
1827MR0094500080304720D01_DRCL.jpg,13,val,1827MR0094500080304720D01_DRCL,True,data/msl/extracted/msl-labeled-data-set-v2.1/images/1827MR0094500080304720D01_DRCL.jpg,1827MR0094500080304720D01_DRCL,1827,mastcam_right,Mastcam cal target
1727ML0090210380701581I01_DRCL.jpg,2,val,1727ML0090210380701581I01_DRCL,True,data/msl/extracted/msl-labeled-data-set-v2.1/images/1727ML0090210380701581I01_DRCL.jpg,1727ML0090210380701581I01_DRCL,1727,mastcam_left,Artifact
1727ML0090210030701546I01_DRCL.jpg,2,val,1727ML0090210030701546I01_DRCL,True,data/msl/extracted/msl-labeled-data-set-v2.1/images/1727ML0090210030701546I01_DRCL.jpg,1727ML0090210030701546I01_DRCL,1727,mastcam_left,Artifact
1105MH0001900000401181I01_DRCL.jpg,4,val,1105MH0001900000401181I01_DRCL,True,data/msl/extracted/msl-labeled-data-set-v2.1/images/1105MH0001900000401181I01_DRCL.jpg,1105MH0001900000401181I01_DRCL,1105,mahli,Close-up rock
1057MR0046520000104688E01_DRCL.jpg,5,val,1057MR0046520000104688E01_DRCL,True,data/msl/extracted/msl-labeled-data-set-v2.1/images/1057MR0046520000104688E01_DRCL.jpg,1057MR0046520000104688E01_DRCL,1057,mastcam_right,DRT
1692MR0088110000803038I01_DRCL.jpg,3,val,1692MR0088110000803038I01_DRCL,True,data/msl/extracted/msl-labeled-data-set-v2.1/images/1692MR0088110000803038I01_DRCL.jpg,1692MR0088110000803038I01_DRCL,1692,mastcam_right,Nearby surface
1341MR0064330010700879E01_DRCL.jpg,5,val,1341MR0064330010700879E01_DRCL,True,data/msl/extracted/msl-labeled-data-set-v2.1/images/1341MR0064330010700879E01_DRCL.jpg,1341MR0064330010700879E01_DRCL,1341,mastcam_right,DRT
1566MH0003860020600743I01_DRCL.jpg,4,val,1566MH0003860020600743I01_DRCL,True,data/msl/extracted/msl-labeled-data-set-v2.1/images/1566MH0003860020600743I01_DRCL.jpg,1566MH0003860020600743I01_DRCL,1566,mahli,Close-up rock
1537ML0078990040604593I01_DRCL.jpg,3,val,1537ML0078990040604593I01_DRCL,True,data/msl/extracted/msl-labeled-data-set-v2.1/images/1537ML0078990040604593I01_DRCL.jpg,1537ML0078990040604593I01_DRCL,1537,mastcam_left,Nearby surface
1292ML0060910050405194D01_DRCL.jpg,2,val,1292ML0060910050405194D01_DRCL,True,data/msl/extracted/msl-labeled-data-set-v2.1/images/1292ML0060910050405194D01_DRCL.jpg,1292ML0060910050405194D01_DRCL,1292,mastcam_left,Artifact
1646MR0085180080802007I01_DRCL.jpg,11,val,1646MR0085180080802007I01_DRCL,True,data/msl/extracted/msl-labeled-data-set-v2.1/images/1646MR0085180080802007I01_DRCL.jpg,1646MR0085180080802007I01_DRCL,1646,mastcam_right,Layers
1128MR0050320080601496E01_DRCL.jpg,3,val,1128MR0050320080601496E01_DRCL,True,data/msl/extracted/msl-labeled-data-set-v2.1/images/1128MR0050320080601496E01_DRCL.jpg,1128MR0050320080601496E01_DRCL,1128,mastcam_right,Nearby surface
1501MR0076080000404397I01_DRCL.jpg,2,val,1501MR0076080000404397I01_DRCL,True,data/msl/extracted/msl-labeled-data-set-v2.1/images/1501MR0076080000404397I01_DRCL.jpg,1501MR0076080000404397I01_DRCL,1501,mastcam_right,Artifact
1063MR0046610480104798C00_DRCL.jpg,11,val,1063MR0046610480104798C00_DRCL,True,data/msl/extracted/msl-labeled-data-set-v2.1/images/1063MR0046610480104798C00_DRCL.jpg,1063MR0046610480104798C00_DRCL,1063,mastcam_right,Layers
1241MH0005580010403602C00_DRCL.jpg,14,val,1241MH0005580010403602C00_DRCL,True,data/msl/extracted/msl-labeled-data-set-v2.1/images/1241MH0005580010403602C00_DRCL.jpg,1241MH0005580010403602C00_DRCL,1241,mahli,Sand
1793MH0007110030700805C00_DRCL.jpg,14,val,1793MH0007110030700805C00_DRCL,True,data/msl/extracted/msl-labeled-data-set-v2.1/images/1793MH0007110030700805C00_DRCL.jpg,1793MH0007110030700805C00_DRCL,1793,mahli,Sand
1434MR0070870240702710I01_DRCL.jpg,3,val,1434MR0070870240702710I01_DRCL,True,data/msl/extracted/msl-labeled-data-set-v2.1/images/1434MR0070870240702710I01_DRCL.jpg,1434MR0070870240702710I01_DRCL,1434,mastcam_right,Nearby surface
1478MR0074230080703988I01_DRCL.jpg,13,val,1478MR0074230080703988I01_DRCL,True,data/msl/extracted/msl-labeled-data-set-v2.1/images/1478MR0074230080703988I01_DRCL.jpg,1478MR0074230080703988I01_DRCL,1478,mastcam_right,Mastcam cal target
1350MR0064850020701085I01_DRCL.jpg,2,val,1350MR0064850020701085I01_DRCL,True,data/msl/extracted/msl-labeled-data-set-v2.1/images/1350MR0064850020701085I01_DRCL.jpg,1350MR0064850020701085I01_DRCL,1350,mastcam_right,Artifact
1591MH0003060020601652I01_DRCL.jpg,4,val,1591MH0003060020601652I01_DRCL,True,data/msl/extracted/msl-labeled-data-set-v2.1/images/1591MH0003060020601652I01_DRCL.jpg,1591MH0003060020601652I01_DRCL,1591,mahli,Close-up rock
1574ML0080190010604912I01_DRCL.jpg,3,val,1574ML0080190010604912I01_DRCL,True,data/msl/extracted/msl-labeled-data-set-v2.1/images/1574ML0080190010604912I01_DRCL.jpg,1574ML0080190010604912I01_DRCL,1574,mastcam_left,Nearby surface
1032MR0045090000504061L01_DRCL.jpg,15,val,1032MR0045090000504061L01_DRCL,True,data/msl/extracted/msl-labeled-data-set-v2.1/images/1032MR0045090000504061L01_DRCL.jpg,1032MR0045090000504061L01_DRCL,1032,mastcam_right,Sun
1444MH0003630020503583I01_DRCL.jpg,4,val,1444MH0003630020503583I01_DRCL,True,data/msl/extracted/msl-labeled-data-set-v2.1/images/1444MH0003630020503583I01_DRCL.jpg,1444MH0003630020503583I01_DRCL,1444,mahli,Close-up rock
0995MR0044020000503374I01_DRCL.jpg,2,val,0995MR0044020000503374I01_DRCL,True,data/msl/extracted/msl-labeled-data-set-v2.1/images/0995MR0044020000503374I01_DRCL.jpg,0995MR0044020000503374I01_DRCL,995,mastcam_right,Artifact
1734MR0090580110803689D01_DRCL.jpg,13,val,1734MR0090580110803689D01_DRCL,True,data/msl/extracted/msl-labeled-data-set-v2.1/images/1734MR0090580110803689D01_DRCL.jpg,1734MR0090580110803689D01_DRCL,1734,mastcam_right,Mastcam cal target
1280MR0060200020304305E01_DRCL.jpg,3,val,1280MR0060200020304305E01_DRCL,True,data/msl/extracted/msl-labeled-data-set-v2.1/images/1280MR0060200020304305E01_DRCL.jpg,1280MR0060200020304305E01_DRCL,1280,mastcam_right,Nearby surface
1649ML0085370390700461I01_DRCL.jpg,7,val,1649ML0085370390700461I01_DRCL,True,data/msl/extracted/msl-labeled-data-set-v2.1/images/1649ML0085370390700461I01_DRCL.jpg,1649ML0085370390700461I01_DRCL,1649,mastcam_left,Distant landscape
1196ML0054500000502919C00_DRCL.jpg,14,val,1196ML0054500000502919C00_DRCL,True,data/msl/extracted/msl-labeled-data-set-v2.1/images/1196ML0054500000502919C00_DRCL.jpg,1196ML0054500000502919C00_DRCL,1196,mastcam_left,Sand
1537MH0006520020600522I01_DRCL.jpg,4,val,1537MH0006520020600522I01_DRCL,True,data/msl/extracted/msl-labeled-data-set-v2.1/images/1537MH0006520020600522I01_DRCL.jpg,1537MH0006520020600522I01_DRCL,1537,mahli,Close-up rock
1817ML0093740340702667I01_DRCL.jpg,2,val,1817ML0093740340702667I01_DRCL,True,data/msl/extracted/msl-labeled-data-set-v2.1/images/1817ML0093740340702667I01_DRCL.jpg,1817ML0093740340702667I01_DRCL,1817,mastcam_left,Artifact
1721MR0089920000803477I01_DRCL.jpg,2,val,1721MR0089920000803477I01_DRCL,True,data/msl/extracted/msl-labeled-data-set-v2.1/images/1721MR0089920000803477I01_DRCL.jpg,1721MR0089920000803477I01_DRCL,1721,mastcam_right,Artifact
1891ML0098880160703653E01_DRCL.jpg,3,val,1891ML0098880160703653E01_DRCL,True,data/msl/extracted/msl-labeled-data-set-v2.1/images/1891ML0098880160703653E01_DRCL.jpg,1891ML0098880160703653E01_DRCL,1891,mastcam_left,Nearby surface
1553ML0079770050604751E01_DRCL.jpg,3,val,1553ML0079770050604751E01_DRCL,True,data/msl/extracted/msl-labeled-data-set-v2.1/images/1553ML0079770050604751E01_DRCL.jpg,1553ML0079770050604751E01_DRCL,1553,mastcam_left,Nearby surface
1688ML0087841170701053I01_DRCL.jpg,18,val,1688ML0087841170701053I01_DRCL,True,data/msl/extracted/msl-labeled-data-set-v2.1/images/1688ML0087841170701053I01_DRCL.jpg,1688ML0087841170701053I01_DRCL,1688,mastcam_left,Wheel tracks
1811MH0006200020701322I01_DRCL.jpg,4,val,1811MH0006200020701322I01_DRCL,True,data/msl/extracted/msl-labeled-data-set-v2.1/images/1811MH0006200020701322I01_DRCL.jpg,1811MH0006200020701322I01_DRCL,1811,mahli,Close-up rock
1089ML0048010010500155E01_DRCL.jpg,1,val,1089ML0048010010500155E01_DRCL,True,data/msl/extracted/msl-labeled-data-set-v2.1/images/1089ML0048010010500155E01_DRCL.jpg,1089ML0048010010500155E01_DRCL,1089,mastcam_left,Other rover part
2153MR0115950040205380I01_DRCL.jpg,2,test,2153MR0115950040205380I01_DRCL,True,data/msl/extracted/msl-labeled-data-set-v2.1/images/2153MR0115950040205380I01_DRCL.jpg,2153MR0115950040205380I01_DRCL,2153,mastcam_right,Artifact
2217MH0006990010802972C00_DRCL.jpg,8,test,2217MH0006990010802972C00_DRCL,True,data/msl/extracted/msl-labeled-data-set-v2.1/images/2217MH0006990010802972C00_DRCL.jpg,2217MH0006990010802972C00_DRCL,2217,mahli,Drill hole
2076ML0110260010801220D01_DRCL.jpg,15,test,2076ML0110260010801220D01_DRCL,True,data/msl/extracted/msl-labeled-data-set-v2.1/images/2076ML0110260010801220D01_DRCL.jpg,2076ML0110260010801220D01_DRCL,2076,mastcam_left,Sun
1995ML0104500370506134I01_DRCL.jpg,7,test,1995ML0104500370506134I01_DRCL,True,data/msl/extracted/msl-labeled-data-set-v2.1/images/1995ML0104500370506134I01_DRCL.jpg,1995ML0104500370506134I01_DRCL,1995,mastcam_left,Distant landscape
1996MH0006030020800245C00_DRCL.jpg,4,test,1996MH0006030020800245C00_DRCL,True,data/msl/extracted/msl-labeled-data-set-v2.1/images/1996MH0006030020800245C00_DRCL.jpg,1996MH0006030020800245C00_DRCL,1996,mahli,Close-up rock
1925MH0002910020703266C00_DRCL.jpg,11,test,1925MH0002910020703266C00_DRCL,True,data/msl/extracted/msl-labeled-data-set-v2.1/images/1925MH0002910020703266C00_DRCL.jpg,1925MH0002910020703266C00_DRCL,1925,mahli,Layers
2123ML0113710060802491I01_DRCL.jpg,2,test,2123ML0113710060802491I01_DRCL,True,data/msl/extracted/msl-labeled-data-set-v2.1/images/2123ML0113710060802491I01_DRCL.jpg,2123ML0113710060802491I01_DRCL,2123,mastcam_left,Artifact
1930ML0100750010704588E01_DRCL.jpg,3,test,1930ML0100750010704588E01_DRCL,True,data/msl/extracted/msl-labeled-data-set-v2.1/images/1930ML0100750010704588E01_DRCL.jpg,1930ML0100750010704588E01_DRCL,1930,mastcam_left,Nearby surface
1955MR0102280280901420C00_DRCL.jpg,7,test,1955MR0102280280901420C00_DRCL,True,data/msl/extracted/msl-labeled-data-set-v2.1/images/1955MR0102280280901420C00_DRCL.jpg,1955MR0102280280901420C00_DRCL,1955,mastcam_right,Distant landscape
1960MH0003080020704416I01_DRCL.jpg,4,test,1960MH0003080020704416I01_DRCL,True,data/msl/extracted/msl-labeled-data-set-v2.1/images/1960MH0003080020704416I01_DRCL.jpg,1960MH0003080020704416I01_DRCL,1960,mahli,Close-up rock
2121MH0002990020802525I01_DRCL.jpg,12,test,2121MH0002990020802525I01_DRCL,True,data/msl/extracted/msl-labeled-data-set-v2.1/images/2121MH0002990020802525I01_DRCL.jpg,2121MH0002990020802525I01_DRCL,2121,mahli,Light-toned veins
1995ML0104500060506103I01_DRCL.jpg,7,test,1995ML0104500060506103I01_DRCL,True,data/msl/extracted/msl-labeled-data-set-v2.1/images/1995ML0104500060506103I01_DRCL.jpg,1995ML0104500060506103I01_DRCL,1995,mastcam_left,Distant landscape
2165ML0116600060803655C00_DRCL.jpg,3,test,2165ML0116600060803655C00_DRCL,True,data/msl/extracted/msl-labeled-data-set-v2.1/images/2165ML0116600060803655C00_DRCL.jpg,2165ML0116600060803655C00_DRCL,2165,mastcam_left,Nearby surface
2166ML0116650020803743I01_DRCL.jpg,3,test,2166ML0116650020803743I01_DRCL,True,data/msl/extracted/msl-labeled-data-set-v2.1/images/2166ML0116650020803743I01_DRCL.jpg,2166ML0116650020803743I01_DRCL,2166,mastcam_left,Nearby surface
2056MR0109050010903640C00_DRCL.jpg,11,test,2056MR0109050010903640C00_DRCL,True,data/msl/extracted/msl-labeled-data-set-v2.1/images/2056MR0109050010903640C00_DRCL.jpg,2056MR0109050010903640C00_DRCL,2056,mastcam_right,Layers
2023ML0106820040800232E01_DRCL.jpg,3,test,2023ML0106820040800232E01_DRCL,True,data/msl/extracted/msl-labeled-data-set-v2.1/images/2023ML0106820040800232E01_DRCL.jpg,2023ML0106820040800232E01_DRCL,2023,mastcam_left,Nearby surface
2065ML0109670010800985D01_DRCL.jpg,15,test,2065ML0109670010800985D01_DRCL,True,data/msl/extracted/msl-labeled-data-set-v2.1/images/2065ML0109670010800985D01_DRCL.jpg,2065ML0109670010800985D01_DRCL,2065,mastcam_left,Sun
2137ML0114610050802806C00_DRCL.jpg,1,test,2137ML0114610050802806C00_DRCL,True,data/msl/extracted/msl-labeled-data-set-v2.1/images/2137ML0114610050802806C00_DRCL.jpg,2137ML0114610050802806C00_DRCL,2137,mastcam_left,Other rover part
1925MR0100430200900489D01_DRCL.jpg,3,test,1925MR0100430200900489D01_DRCL,True,data/msl/extracted/msl-labeled-data-set-v2.1/images/1925MR0100430200900489D01_DRCL.jpg,1925MR0100430200900489D01_DRCL,1925,mastcam_right,Nearby surface
2055MR0108820030903520Q01_DRCL.jpg,9,test,2055MR0108820030903520Q01_DRCL,True,data/msl/extracted/msl-labeled-data-set-v2.1/images/2055MR0108820030903520Q01_DRCL.jpg,2055MR0108820030903520Q01_DRCL,2055,mastcam_right,Night sky
2036MR0107510320903142C00_DRCL.jpg,3,test,2036MR0107510320903142C00_DRCL,True,data/msl/extracted/msl-labeled-data-set-v2.1/images/2036MR0107510320903142C00_DRCL.jpg,2036MR0107510320903142C00_DRCL,2036,mastcam_right,Nearby surface
1938MH0002970020703882C00_DRCL.jpg,4,test,1938MH0002970020703882C00_DRCL,True,data/msl/extracted/msl-labeled-data-set-v2.1/images/1938MH0002970020703882C00_DRCL.jpg,1938MH0002970020703882C00_DRCL,1938,mahli,Close-up rock
2111MH0001970010802414C00_DRCL.jpg,3,test,2111MH0001970010802414C00_DRCL,True,data/msl/extracted/msl-labeled-data-set-v2.1/images/2111MH0001970010802414C00_DRCL.jpg,2111MH0001970010802414C00_DRCL,2111,mahli,Nearby surface
2032MH0002240020801542C00_DRCL.jpg,12,test,2032MH0002240020801542C00_DRCL,True,data/msl/extracted/msl-labeled-data-set-v2.1/images/2032MH0002240020801542C00_DRCL.jpg,2032MH0002240020801542C00_DRCL,2032,mahli,Light-toned veins
2097MR0111890100604330D01_DRCL.jpg,2,test,2097MR0111890100604330D01_DRCL,True,data/msl/extracted/msl-labeled-data-set-v2.1/images/2097MR0111890100604330D01_DRCL.jpg,2097MR0111890100604330D01_DRCL,2097,mastcam_right,Artifact
1946MR0101690090901257C00_DRCL.jpg,3,test,1946MR0101690090901257C00_DRCL,True,data/msl/extracted/msl-labeled-data-set-v2.1/images/1946MR0101690090901257C00_DRCL.jpg,1946MR0101690090901257C00_DRCL,1946,mastcam_right,Nearby surface
2055MH0007060000801831I01_DRCL.jpg,4,test,2055MH0007060000801831I01_DRCL,True,data/msl/extracted/msl-labeled-data-set-v2.1/images/2055MH0007060000801831I01_DRCL.jpg,2055MH0007060000801831I01_DRCL,2055,mahli,Close-up rock
1931MR0100820040900746C00_DRCL.jpg,7,test,1931MR0100820040900746C00_DRCL,True,data/msl/extracted/msl-labeled-data-set-v2.1/images/1931MR0100820040900746C00_DRCL.jpg,1931MR0100820040900746C00_DRCL,1931,mastcam_right,Distant landscape
2156ML0116220080803210C00_DRCL.jpg,3,test,2156ML0116220080803210C00_DRCL,True,data/msl/extracted/msl-labeled-data-set-v2.1/images/2156ML0116220080803210C00_DRCL.jpg,2156ML0116220080803210C00_DRCL,2156,mastcam_left,Nearby surface
1925MH0003630020703283I01_DRCL.jpg,4,test,1925MH0003630020703283I01_DRCL,True,data/msl/extracted/msl-labeled-data-set-v2.1/images/1925MH0003630020703283I01_DRCL.jpg,1925MH0003630020703283I01_DRCL,1925,mahli,Close-up rock
2065MR0109680570903755D01_DRCL.jpg,2,test,2065MR0109680570903755D01_DRCL,True,data/msl/extracted/msl-labeled-data-set-v2.1/images/2065MR0109680570903755D01_DRCL.jpg,2065MR0109680570903755D01_DRCL,2065,mastcam_right,Artifact
1932MH0007290020703552I01_DRCL.jpg,4,test,1932MH0007290020703552I01_DRCL,True,data/msl/extracted/msl-labeled-data-set-v2.1/images/1932MH0007290020703552I01_DRCL.jpg,1932MH0007290020703552I01_DRCL,1932,mahli,Close-up rock
2086ML0111150480801561D01_DRCL.jpg,2,test,2086ML0111150480801561D01_DRCL,True,data/msl/extracted/msl-labeled-data-set-v2.1/images/2086ML0111150480801561D01_DRCL.jpg,2086ML0111150480801561D01_DRCL,2086,mastcam_left,Artifact
2091ML0111570020801670D01_DRCL.jpg,3,test,2091ML0111570020801670D01_DRCL,True,data/msl/extracted/msl-labeled-data-set-v2.1/images/2091ML0111570020801670D01_DRCL.jpg,2091ML0111570020801670D01_DRCL,2091,mastcam_left,Nearby surface
2004ML0105220030306512E01_DRCL.jpg,3,test,2004ML0105220030306512E01_DRCL,True,data/msl/extracted/msl-labeled-data-set-v2.1/images/2004ML0105220030306512E01_DRCL.jpg,2004ML0105220030306512E01_DRCL,2004,mastcam_left,Nearby surface
2010ML0105920250306866D01_DRCL.jpg,2,test,2010ML0105920250306866D01_DRCL,True,data/msl/extracted/msl-labeled-data-set-v2.1/images/2010ML0105920250306866D01_DRCL.jpg,2010ML0105920250306866D01_DRCL,2010,mastcam_left,Artifact
2013MH0007320030800612C00_DRCL.jpg,12,test,2013MH0007320030800612C00_DRCL,True,data/msl/extracted/msl-labeled-data-set-v2.1/images/2013MH0007320030800612C00_DRCL.jpg,2013MH0007320030800612C00_DRCL,2013,mahli,Light-toned veins
2100ML0112110110801974E01_DRCL.jpg,15,test,2100ML0112110110801974E01_DRCL,True,data/msl/extracted/msl-labeled-data-set-v2.1/images/2100ML0112110110801974E01_DRCL.jpg,2100ML0112110110801974E01_DRCL,2100,mastcam_left,Sun
1940MR0101390250901046D01_DRCL.jpg,3,test,1940MR0101390250901046D01_DRCL,True,data/msl/extracted/msl-labeled-data-set-v2.1/images/1940MR0101390250901046D01_DRCL.jpg,1940MR0101390250901046D01_DRCL,1940,mastcam_right,Nearby surface
2113ML0112960020802310D01_DRCL.jpg,2,test,2113ML0112960020802310D01_DRCL,True,data/msl/extracted/msl-labeled-data-set-v2.1/images/2113ML0112960020802310D01_DRCL.jpg,2113ML0112960020802310D01_DRCL,2113,mastcam_left,Artifact
1931MR0100820670900809C00_DRCL.jpg,7,test,1931MR0100820670900809C00_DRCL,True,data/msl/extracted/msl-labeled-data-set-v2.1/images/1931MR0100820670900809C00_DRCL.jpg,1931MR0100820670900809C00_DRCL,1931,mastcam_right,Distant landscape
2020MR0106550000902789C00_DRCL.jpg,10,test,2020MR0106550000902789C00_DRCL,True,data/msl/extracted/msl-labeled-data-set-v2.1/images/2020MR0106550000902789C00_DRCL.jpg,2020MR0106550000902789C00_DRCL,2020,mastcam_right,Float
2165ML0116630130803720C00_DRCL.jpg,3,test,2165ML0116630130803720C00_DRCL,True,data/msl/extracted/msl-labeled-data-set-v2.1/images/2165ML0116630130803720C00_DRCL.jpg,2165ML0116630130803720C00_DRCL,2165,mastcam_left,Nearby surface
1940MR0101410370901094D01_DRCL.jpg,14,test,1940MR0101410370901094D01_DRCL,True,data/msl/extracted/msl-labeled-data-set-v2.1/images/1940MR0101410370901094D01_DRCL.jpg,1940MR0101410370901094D01_DRCL,1940,mastcam_right,Sand
2096ML0111830020801830D01_DRCL.jpg,2,test,2096ML0111830020801830D01_DRCL,True,data/msl/extracted/msl-labeled-data-set-v2.1/images/2096ML0111830020801830D01_DRCL.jpg,2096ML0111830020801830D01_DRCL,2096,mastcam_left,Artifact
1996ML0104620240406282I01_DRCL.jpg,2,test,1996ML0104620240406282I01_DRCL,True,data/msl/extracted/msl-labeled-data-set-v2.1/images/1996ML0104620240406282I01_DRCL.jpg,1996ML0104620240406282I01_DRCL,1996,mastcam_left,Artifact
1996MH0007050000800205I01_DRCL.jpg,2,test,1996MH0007050000800205I01_DRCL,True,data/msl/extracted/msl-labeled-data-set-v2.1/images/1996MH0007050000800205I01_DRCL.jpg,1996MH0007050000800205I01_DRCL,1996,mahli,Artifact
2153ML0115920010803077C00_DRCL.jpg,3,test,2153ML0115920010803077C00_DRCL,True,data/msl/extracted/msl-labeled-data-set-v2.1/images/2153ML0115920010803077C00_DRCL.jpg,2153ML0115920010803077C00_DRCL,2153,mastcam_left,Nearby surface
2062ML0109340060800956E01_DRCL.jpg,3,test,2062ML0109340060800956E01_DRCL,True,data/msl/extracted/msl-labeled-data-set-v2.1/images/2062ML0109340060800956E01_DRCL.jpg,2062ML0109340060800956E01_DRCL,2062,mastcam_left,Nearby surface
2155MR0116140120205405C00_DRCL.jpg,3,test,2155MR0116140120205405C00_DRCL,True,data/msl/extracted/msl-labeled-data-set-v2.1/images/2155MR0116140120205405C00_DRCL.jpg,2155MR0116140120205405C00_DRCL,2155,mastcam_right,Nearby surface
2083MH0007060020802216I01_DRCL.jpg,12,test,2083MH0007060020802216I01_DRCL,True,data/msl/extracted/msl-labeled-data-set-v2.1/images/2083MH0007060020802216I01_DRCL.jpg,2083MH0007060020802216I01_DRCL,2083,mahli,Light-toned veins
2050ML0108650020800824I01_DRCL.jpg,2,test,2050ML0108650020800824I01_DRCL,True,data/msl/extracted/msl-labeled-data-set-v2.1/images/2050ML0108650020800824I01_DRCL.jpg,2050ML0108650020800824I01_DRCL,2050,mastcam_left,Artifact
2171ML0116940000803938I01_DRCL.jpg,13,test,2171ML0116940000803938I01_DRCL,True,data/msl/extracted/msl-labeled-data-set-v2.1/images/2171ML0116940000803938I01_DRCL.jpg,2171ML0116940000803938I01_DRCL,2171,mastcam_left,Mastcam cal target
1940MR0101390270901048D01_DRCL.jpg,3,test,1940MR0101390270901048D01_DRCL,True,data/msl/extracted/msl-labeled-data-set-v2.1/images/1940MR0101390270901048D01_DRCL.jpg,1940MR0101390270901048D01_DRCL,1940,mastcam_right,Nearby surface
2080MR0110490330903920D01_DRCL.jpg,2,test,2080MR0110490330903920D01_DRCL,True,data/msl/extracted/msl-labeled-data-set-v2.1/images/2080MR0110490330903920D01_DRCL.jpg,2080MR0110490330903920D01_DRCL,2080,mastcam_right,Artifact
2217MH0006990030802965E01_DRCL.jpg,8,test,2217MH0006990030802965E01_DRCL,True,data/msl/extracted/msl-labeled-data-set-v2.1/images/2217MH0006990030802965E01_DRCL.jpg,2217MH0006990030802965E01_DRCL,2217,mahli,Drill hole
2100MR0112020090604392C00_DRCL.jpg,3,test,2100MR0112020090604392C00_DRCL,True,data/msl/extracted/msl-labeled-data-set-v2.1/images/2100MR0112020090604392C00_DRCL.jpg,2100MR0112020090604392C00_DRCL,2100,mastcam_right,Nearby surface
2097MR0111890040604326D01_DRCL.jpg,2,test,2097MR0111890040604326D01_DRCL,True,data/msl/extracted/msl-labeled-data-set-v2.1/images/2097MR0111890040604326D01_DRCL.jpg,2097MR0111890040604326D01_DRCL,2097,mastcam_right,Artifact
2083MH0007210030802226I01_DRCL.jpg,4,test,2083MH0007210030802226I01_DRCL,True,data/msl/extracted/msl-labeled-data-set-v2.1/images/2083MH0007210030802226I01_DRCL.jpg,2083MH0007210030802226I01_DRCL,2083,mahli,Close-up rock
2022MH0006780030801253C00_DRCL.jpg,4,test,2022MH0006780030801253C00_DRCL,True,data/msl/extracted/msl-labeled-data-set-v2.1/images/2022MH0006780030801253C00_DRCL.jpg,2022MH0006780030801253C00_DRCL,2022,mahli,Close-up rock
2143ML0115060030802965I01_DRCL.jpg,2,test,2143ML0115060030802965I01_DRCL,True,data/msl/extracted/msl-labeled-data-set-v2.1/images/2143ML0115060030802965I01_DRCL.jpg,2143ML0115060030802965I01_DRCL,2143,mastcam_left,Artifact
1965ML0102760190605474C00_DRCL.jpg,7,test,1965ML0102760190605474C00_DRCL,True,data/msl/extracted/msl-labeled-data-set-v2.1/images/1965ML0102760190605474C00_DRCL.jpg,1965ML0102760190605474C00_DRCL,1965,mastcam_left,Distant landscape
2000ML0104890100306424I01_DRCL.jpg,2,test,2000ML0104890100306424I01_DRCL,True,data/msl/extracted/msl-labeled-data-set-v2.1/images/2000ML0104890100306424I01_DRCL.jpg,2000ML0104890100306424I01_DRCL,2000,mastcam_left,Artifact
1946ML0101680150705090C00_DRCL.jpg,3,test,1946ML0101680150705090C00_DRCL,True,data/msl/extracted/msl-labeled-data-set-v2.1/images/1946ML0101680150705090C00_DRCL.jpg,1946ML0101680150705090C00_DRCL,1946,mastcam_left,Nearby surface
2162ML0116440090803522D01_DRCL.jpg,2,test,2162ML0116440090803522D01_DRCL,True,data/msl/extracted/msl-labeled-data-set-v2.1/images/2162ML0116440090803522D01_DRCL.jpg,2162ML0116440090803522D01_DRCL,2162,mastcam_left,Artifact
2131MR0114250000304944E01_DRCL.jpg,5,test,2131MR0114250000304944E01_DRCL,True,data/msl/extracted/msl-labeled-data-set-v2.1/images/2131MR0114250000304944E01_DRCL.jpg,2131MR0114250000304944E01_DRCL,2131,mastcam_right,DRT
1966MH0007230010704639C00_DRCL.jpg,4,test,1966MH0007230010704639C00_DRCL,True,data/msl/extracted/msl-labeled-data-set-v2.1/images/1966MH0007230010704639C00_DRCL.jpg,1966MH0007230010704639C00_DRCL,1966,mahli,Close-up rock
2072ML0109950020801085C00_DRCL.jpg,7,test,2072ML0109950020801085C00_DRCL,True,data/msl/extracted/msl-labeled-data-set-v2.1/images/2072ML0109950020801085C00_DRCL.jpg,2072ML0109950020801085C00_DRCL,2072,mastcam_left,Distant landscape
2101MR0112160000604439E01_DRCL.jpg,2,test,2101MR0112160000604439E01_DRCL,True,data/msl/extracted/msl-labeled-data-set-v2.1/images/2101MR0112160000604439E01_DRCL.jpg,2101MR0112160000604439E01_DRCL,2101,mastcam_right,Artifact
2097MR0111890510604347D01_DRCL.jpg,2,test,2097MR0111890510604347D01_DRCL,True,data/msl/extracted/msl-labeled-data-set-v2.1/images/2097MR0111890510604347D01_DRCL.jpg,2097MR0111890510604347D01_DRCL,2097,mastcam_right,Artifact
1925MH0002910020703329C00_DRCL.jpg,11,test,1925MH0002910020703329C00_DRCL,True,data/msl/extracted/msl-labeled-data-set-v2.1/images/1925MH0002910020703329C00_DRCL.jpg,1925MH0002910020703329C00_DRCL,1925,mahli,Layers
1945MH0002970020704150I01_DRCL.jpg,4,test,1945MH0002970020704150I01_DRCL,True,data/msl/extracted/msl-labeled-data-set-v2.1/images/1945MH0002970020704150I01_DRCL.jpg,1945MH0002970020704150I01_DRCL,1945,mahli,Close-up rock
1980ML0103660060605858I01_DRCL.jpg,2,test,1980ML0103660060605858I01_DRCL,True,data/msl/extracted/msl-labeled-data-set-v2.1/images/1980ML0103660060605858I01_DRCL.jpg,1980ML0103660060605858I01_DRCL,1980,mastcam_left,Artifact
2027MR0107020020902943C00_DRCL.jpg,14,test,2027MR0107020020902943C00_DRCL,True,data/msl/extracted/msl-labeled-data-set-v2.1/images/2027MR0107020020902943C00_DRCL.jpg,2027MR0107020020902943C00_DRCL,2027,mastcam_right,Sand
1934MH0007110030703719C00_DRCL.jpg,4,test,1934MH0007110030703719C00_DRCL,True,data/msl/extracted/msl-labeled-data-set-v2.1/images/1934MH0007110030703719C00_DRCL.jpg,1934MH0007110030703719C00_DRCL,1934,mahli,Close-up rock
2000MH0003350020800294I01_DRCL.jpg,12,test,2000MH0003350020800294I01_DRCL,True,data/msl/extracted/msl-labeled-data-set-v2.1/images/2000MH0003350020800294I01_DRCL.jpg,2000MH0003350020800294I01_DRCL,2000,mahli,Light-toned veins
1930ML0100780030704602D01_DRCL.jpg,2,test,1930ML0100780030704602D01_DRCL,True,data/msl/extracted/msl-labeled-data-set-v2.1/images/1930ML0100780030704602D01_DRCL.jpg,1930ML0100780030704602D01_DRCL,1930,mastcam_left,Artifact
2065ML0109680620801050D01_DRCL.jpg,2,test,2065ML0109680620801050D01_DRCL,True,data/msl/extracted/msl-labeled-data-set-v2.1/images/2065ML0109680620801050D01_DRCL.jpg,2065ML0109680620801050D01_DRCL,2065,mastcam_left,Artifact
2080MR0110490470903926D01_DRCL.jpg,2,test,2080MR0110490470903926D01_DRCL,True,data/msl/extracted/msl-labeled-data-set-v2.1/images/2080MR0110490470903926D01_DRCL.jpg,2080MR0110490470903926D01_DRCL,2080,mastcam_right,Artifact
1998ML0104730010306349E01_DRCL.jpg,3,test,1998ML0104730010306349E01_DRCL,True,data/msl/extracted/msl-labeled-data-set-v2.1/images/1998ML0104730010306349E01_DRCL.jpg,1998ML0104730010306349E01_DRCL,1998,mastcam_left,Nearby surface
1965ML0102761220605577C00_DRCL.jpg,3,test,1965ML0102761220605577C00_DRCL,True,data/msl/extracted/msl-labeled-data-set-v2.1/images/1965ML0102761220605577C00_DRCL.jpg,1965ML0102761220605577C00_DRCL,1965,mastcam_left,Nearby surface
1974MH0001220000504792I01_DRCL.jpg,4,test,1974MH0001220000504792I01_DRCL,True,data/msl/extracted/msl-labeled-data-set-v2.1/images/1974MH0001220000504792I01_DRCL.jpg,1974MH0001220000504792I01_DRCL,1974,mahli,Close-up rock
1964ML0102710050605417E01_DRCL.jpg,3,test,1964ML0102710050605417E01_DRCL,True,data/msl/extracted/msl-labeled-data-set-v2.1/images/1964ML0102710050605417E01_DRCL.jpg,1964ML0102710050605417E01_DRCL,1964,mastcam_left,Nearby surface
1922MH0001760020703144I01_DRCL.jpg,4,test,1922MH0001760020703144I01_DRCL,True,data/msl/extracted/msl-labeled-data-set-v2.1/images/1922MH0001760020703144I01_DRCL.jpg,1922MH0001760020703144I01_DRCL,1922,mahli,Close-up rock
2006ML0105520050306680D01_DRCL.jpg,3,test,2006ML0105520050306680D01_DRCL,True,data/msl/extracted/msl-labeled-data-set-v2.1/images/2006ML0105520050306680D01_DRCL.jpg,2006ML0105520050306680D01_DRCL,2006,mastcam_left,Nearby surface
1972ML0103150010605647Q01_DRCL.jpg,7,test,1972ML0103150010605647Q01_DRCL,True,data/msl/extracted/msl-labeled-data-set-v2.1/images/1972ML0103150010605647Q01_DRCL.jpg,1972ML0103150010605647Q01_DRCL,1972,mastcam_left,Distant landscape
2054MH0007120010801823C00_DRCL.jpg,2,test,2054MH0007120010801823C00_DRCL,True,data/msl/extracted/msl-labeled-data-set-v2.1/images/2054MH0007120010801823C00_DRCL.jpg,2054MH0007120010801823C00_DRCL,2054,mahli,Artifact
1957ML0102320310605299I01_DRCL.jpg,2,test,1957ML0102320310605299I01_DRCL,True,data/msl/extracted/msl-labeled-data-set-v2.1/images/1957ML0102320310605299I01_DRCL.jpg,1957ML0102320310605299I01_DRCL,1957,mastcam_left,Artifact
2011MR0105950190902572C00_DRCL.jpg,3,test,2011MR0105950190902572C00_DRCL,True,data/msl/extracted/msl-labeled-data-set-v2.1/images/2011MR0105950190902572C00_DRCL.jpg,2011MR0105950190902572C00_DRCL,2011,mastcam_right,Nearby surface
1985ML0104050050605928E01_DRCL.jpg,3,test,1985ML0104050050605928E01_DRCL,True,data/msl/extracted/msl-labeled-data-set-v2.1/images/1985ML0104050050605928E01_DRCL.jpg,1985ML0104050050605928E01_DRCL,1985,mastcam_left,Nearby surface
1961MH0005420010704429I01_DRCL.jpg,2,test,1961MH0005420010704429I01_DRCL,True,data/msl/extracted/msl-labeled-data-set-v2.1/images/1961MH0005420010704429I01_DRCL.jpg,1961MH0005420010704429I01_DRCL,1961,mahli,Artifact
2023MR0106800020902881C00_DRCL.jpg,3,test,2023MR0106800020902881C00_DRCL,True,data/msl/extracted/msl-labeled-data-set-v2.1/images/2023MR0106800020902881C00_DRCL.jpg,2023MR0106800020902881C00_DRCL,2023,mastcam_right,Nearby surface
2224MH0001970010803230I01_DRCL.jpg,3,test,2224MH0001970010803230I01_DRCL,True,data/msl/extracted/msl-labeled-data-set-v2.1/images/2224MH0001970010803230I01_DRCL.jpg,2224MH0001970010803230I01_DRCL,2224,mahli,Nearby surface
1937MR0101120000900967E01_DRCL.jpg,7,test,1937MR0101120000900967E01_DRCL,True,data/msl/extracted/msl-labeled-data-set-v2.1/images/1937MR0101120000900967E01_DRCL.jpg,1937MR0101120000900967E01_DRCL,1937,mastcam_right,Distant landscape
2103MR0112260010604451I01_DRCL.jpg,15,test,2103MR0112260010604451I01_DRCL,True,data/msl/extracted/msl-labeled-data-set-v2.1/images/2103MR0112260010604451I01_DRCL.jpg,2103MR0112260010604451I01_DRCL,2103,mastcam_right,Sun
2012ML0106020020800009E01_DRCL.jpg,3,test,2012ML0106020020800009E01_DRCL,True,data/msl/extracted/msl-labeled-data-set-v2.1/images/2012ML0106020020800009E01_DRCL.jpg,2012ML0106020020800009E01_DRCL,2012,mastcam_left,Nearby surface
2007MR0105630080902362D01_DRCL.jpg,13,test,2007MR0105630080902362D01_DRCL,True,data/msl/extracted/msl-labeled-data-set-v2.1/images/2007MR0105630080902362D01_DRCL.jpg,2007MR0105630080902362D01_DRCL,2007,mastcam_right,Mastcam cal target
2137MR0114650280205051D01_DRCL.jpg,2,test,2137MR0114650280205051D01_DRCL,True,data/msl/extracted/msl-labeled-data-set-v2.1/images/2137MR0114650280205051D01_DRCL.jpg,2137MR0114650280205051D01_DRCL,2137,mastcam_right,Artifact
2030ML0107180030800338E01_DRCL.jpg,16,test,2030ML0107180030800338E01_DRCL,True,data/msl/extracted/msl-labeled-data-set-v2.1/images/2030ML0107180030800338E01_DRCL.jpg,2030ML0107180030800338E01_DRCL,2030,mastcam_left,Wheel
1964MR0102720310901669E01_DRCL.jpg,3,test,1964MR0102720310901669E01_DRCL,True,data/msl/extracted/msl-labeled-data-set-v2.1/images/1964MR0102720310901669E01_DRCL.jpg,1964MR0102720310901669E01_DRCL,1964,mastcam_right,Nearby surface
1940MH0002240020703976I01_DRCL.jpg,4,test,1940MH0002240020703976I01_DRCL,True,data/msl/extracted/msl-labeled-data-set-v2.1/images/1940MH0002240020703976I01_DRCL.jpg,1940MH0002240020703976I01_DRCL,1940,mahli,Close-up rock
2043MR0108100230903301D01_DRCL.jpg,6,test,2043MR0108100230903301D01_DRCL,True,data/msl/extracted/msl-labeled-data-set-v2.1/images/2043MR0108100230903301D01_DRCL.jpg,2043MR0108100230903301D01_DRCL,2043,mastcam_right,DRT spot
1974MR0103210000901776E01_DRCL.jpg,6,test,1974MR0103210000901776E01_DRCL,True,data/msl/extracted/msl-labeled-data-set-v2.1/images/1974MR0103210000901776E01_DRCL.jpg,1974MR0103210000901776E01_DRCL,1974,mastcam_right,DRT spot
2030MR0107230200902987D01_DRCL.jpg,2,test,2030MR0107230200902987D01_DRCL,True,data/msl/extracted/msl-labeled-data-set-v2.1/images/2030MR0107230200902987D01_DRCL.jpg,2030MR0107230200902987D01_DRCL,2030,mastcam_right,Artifact
2125MR0113810040404889I01_DRCL.jpg,2,test,2125MR0113810040404889I01_DRCL,True,data/msl/extracted/msl-labeled-data-set-v2.1/images/2125MR0113810040404889I01_DRCL.jpg,2125MR0113810040404889I01_DRCL,2125,mastcam_right,Artifact
2042MH0007210030801632C00_DRCL.jpg,12,test,2042MH0007210030801632C00_DRCL,True,data/msl/extracted/msl-labeled-data-set-v2.1/images/2042MH0007210030801632C00_DRCL.jpg,2042MH0007210030801632C00_DRCL,2042,mahli,Light-toned veins
2146MR0115310070205201C00_DRCL.jpg,14,test,2146MR0115310070205201C00_DRCL,True,data/msl/extracted/msl-labeled-data-set-v2.1/images/2146MR0115310070205201C00_DRCL.jpg,2146MR0115310070205201C00_DRCL,2146,mastcam_right,Sand
2031ML0107250030800427D01_DRCL.jpg,2,test,2031ML0107250030800427D01_DRCL,True,data/msl/extracted/msl-labeled-data-set-v2.1/images/2031ML0107250030800427D01_DRCL.jpg,2031ML0107250030800427D01_DRCL,2031,mastcam_left,Artifact
2132MH0001730020802665C00_DRCL.jpg,12,test,2132MH0001730020802665C00_DRCL,True,data/msl/extracted/msl-labeled-data-set-v2.1/images/2132MH0001730020802665C00_DRCL.jpg,2132MH0001730020802665C00_DRCL,2132,mahli,Light-toned veins
1929ML0100690030704532C00_DRCL.jpg,3,test,1929ML0100690030704532C00_DRCL,True,data/msl/extracted/msl-labeled-data-set-v2.1/images/1929ML0100690030704532C00_DRCL.jpg,1929ML0100690030704532C00_DRCL,1929,mastcam_left,Nearby surface
2013ML0106090020800049D01_DRCL.jpg,13,test,2013ML0106090020800049D01_DRCL,True,data/msl/extracted/msl-labeled-data-set-v2.1/images/2013ML0106090020800049D01_DRCL.jpg,2013ML0106090020800049D01_DRCL,2013,mastcam_left,Mastcam cal target
2213ML0117370650804119I01_DRCL.jpg,2,test,2213ML0117370650804119I01_DRCL,True,data/msl/extracted/msl-labeled-data-set-v2.1/images/2213ML0117370650804119I01_DRCL.jpg,2213ML0117370650804119I01_DRCL,2213,mastcam_left,Artifact
2050MR0108640130903407D01_DRCL.jpg,13,test,2050MR0108640130903407D01_DRCL,True,data/msl/extracted/msl-labeled-data-set-v2.1/images/2050MR0108640130903407D01_DRCL.jpg,2050MR0108640130903407D01_DRCL,2050,mastcam_right,Mastcam cal target
2161MH0003060020802766C00_DRCL.jpg,4,test,2161MH0003060020802766C00_DRCL,True,data/msl/extracted/msl-labeled-data-set-v2.1/images/2161MH0003060020802766C00_DRCL.jpg,2161MH0003060020802766C00_DRCL,2161,mahli,Close-up rock
2078MR0110060010903879E01_DRCL.jpg,3,test,2078MR0110060010903879E01_DRCL,True,data/msl/extracted/msl-labeled-data-set-v2.1/images/2078MR0110060010903879E01_DRCL.jpg,2078MR0110060010903879E01_DRCL,2078,mastcam_right,Nearby surface
1931MR0100800020900589C00_DRCL.jpg,3,test,1931MR0100800020900589C00_DRCL,True,data/msl/extracted/msl-labeled-data-set-v2.1/images/1931MR0100800020900589C00_DRCL.jpg,1931MR0100800020900589C00_DRCL,1931,mastcam_right,Nearby surface
2105ML0112360230802113D01_DRCL.jpg,2,test,2105ML0112360230802113D01_DRCL,True,data/msl/extracted/msl-labeled-data-set-v2.1/images/2105ML0112360230802113D01_DRCL.jpg,2105ML0112360230802113D01_DRCL,2105,mastcam_left,Artifact
2132MH0002240020802635C00_DRCL.jpg,6,test,2132MH0002240020802635C00_DRCL,True,data/msl/extracted/msl-labeled-data-set-v2.1/images/2132MH0002240020802635C00_DRCL.jpg,2132MH0002240020802635C00_DRCL,2132,mahli,DRT spot
2014MR0106240050902655I01_DRCL.jpg,2,test,2014MR0106240050902655I01_DRCL,True,data/msl/extracted/msl-labeled-data-set-v2.1/images/2014MR0106240050902655I01_DRCL.jpg,2014MR0106240050902655I01_DRCL,2014,mastcam_right,Artifact
2042MR0108030010903278E01_DRCL.jpg,5,test,2042MR0108030010903278E01_DRCL,True,data/msl/extracted/msl-labeled-data-set-v2.1/images/2042MR0108030010903278E01_DRCL.jpg,2042MR0108030010903278E01_DRCL,2042,mastcam_right,DRT
1967MR0102880140901703D01_DRCL.jpg,3,test,1967MR0102880140901703D01_DRCL,True,data/msl/extracted/msl-labeled-data-set-v2.1/images/1967MR0102880140901703D01_DRCL.jpg,1967MR0102880140901703D01_DRCL,1967,mastcam_right,Nearby surface
2081MH0003990040801932C00_DRCL.jpg,2,test,2081MH0003990040801932C00_DRCL,True,data/msl/extracted/msl-labeled-data-set-v2.1/images/2081MH0003990040801932C00_DRCL.jpg,2081MH0003990040801932C00_DRCL,2081,mahli,Artifact
1993MH0002240020800166I01_DRCL.jpg,12,test,1993MH0002240020800166I01_DRCL,True,data/msl/extracted/msl-labeled-data-set-v2.1/images/1993MH0002240020800166I01_DRCL.jpg,1993MH0002240020800166I01_DRCL,1993,mahli,Light-toned veins
2030ML0107220030800356D01_DRCL.jpg,2,test,2030ML0107220030800356D01_DRCL,True,data/msl/extracted/msl-labeled-data-set-v2.1/images/2030ML0107220030800356D01_DRCL.jpg,2030ML0107220030800356D01_DRCL,2030,mastcam_left,Artifact
2160ML0116301040803371C00_DRCL.jpg,3,test,2160ML0116301040803371C00_DRCL,True,data/msl/extracted/msl-labeled-data-set-v2.1/images/2160ML0116301040803371C00_DRCL.jpg,2160ML0116301040803371C00_DRCL,2160,mastcam_left,Nearby surface
1964MR0102720090901647E01_DRCL.jpg,3,test,1964MR0102720090901647E01_DRCL,True,data/msl/extracted/msl-labeled-data-set-v2.1/images/1964MR0102720090901647E01_DRCL.jpg,1964MR0102720090901647E01_DRCL,1964,mastcam_right,Nearby surface
2000MR0104890150902193I01_DRCL.jpg,3,test,2000MR0104890150902193I01_DRCL,True,data/msl/extracted/msl-labeled-data-set-v2.1/images/2000MR0104890150902193I01_DRCL.jpg,2000MR0104890150902193I01_DRCL,2000,mastcam_right,Nearby surface
1979MH0007090030204916I01_DRCL.jpg,4,test,1979MH0007090030204916I01_DRCL,True,data/msl/extracted/msl-labeled-data-set-v2.1/images/1979MH0007090030204916I01_DRCL.jpg,1979MH0007090030204916I01_DRCL,1979,mahli,Close-up rock
1940MR0101400080901050D01_DRCL.jpg,13,test,1940MR0101400080901050D01_DRCL,True,data/msl/extracted/msl-labeled-data-set-v2.1/images/1940MR0101400080901050D01_DRCL.jpg,1940MR0101400080901050D01_DRCL,1940,mastcam_right,Mastcam cal target
2140ML0114820010802949D01_DRCL.jpg,15,test,2140ML0114820010802949D01_DRCL,True,data/msl/extracted/msl-labeled-data-set-v2.1/images/2140ML0114820010802949D01_DRCL.jpg,2140ML0114820010802949D01_DRCL,2140,mastcam_left,Sun
1925MR0100450040900508C00_DRCL.jpg,11,test,1925MR0100450040900508C00_DRCL,True,data/msl/extracted/msl-labeled-data-set-v2.1/images/1925MR0100450040900508C00_DRCL.jpg,1925MR0100450040900508C00_DRCL,1925,mastcam_right,Layers
2007MR0105610140902347C00_DRCL.jpg,3,test,2007MR0105610140902347C00_DRCL,True,data/msl/extracted/msl-labeled-data-set-v2.1/images/2007MR0105610140902347C00_DRCL.jpg,2007MR0105610140902347C00_DRCL,2007,mastcam_right,Nearby surface
2018MH0006990030800864C00_DRCL.jpg,4,test,2018MH0006990030800864C00_DRCL,True,data/msl/extracted/msl-labeled-data-set-v2.1/images/2018MH0006990030800864C00_DRCL.jpg,2018MH0006990030800864C00_DRCL,2018,mahli,Close-up rock
1936MR0101080500900918C00_DRCL.jpg,3,test,1936MR0101080500900918C00_DRCL,True,data/msl/extracted/msl-labeled-data-set-v2.1/images/1936MR0101080500900918C00_DRCL.jpg,1936MR0101080500900918C00_DRCL,1936,mastcam_right,Nearby surface
2165MR0116600480105626C00_DRCL.jpg,3,test,2165MR0116600480105626C00_DRCL,True,data/msl/extracted/msl-labeled-data-set-v2.1/images/2165MR0116600480105626C00_DRCL.jpg,2165MR0116600480105626C00_DRCL,2165,mastcam_right,Nearby surface
2147MR0115370090205233D01_DRCL.jpg,13,test,2147MR0115370090205233D01_DRCL,True,data/msl/extracted/msl-labeled-data-set-v2.1/images/2147MR0115370090205233D01_DRCL.jpg,2147MR0115370090205233D01_DRCL,2147,mastcam_right,Mastcam cal target
1963MH0006980020704570C00_DRCL.jpg,4,test,1963MH0006980020704570C00_DRCL,True,data/msl/extracted/msl-labeled-data-set-v2.1/images/1963MH0006980020704570C00_DRCL.jpg,1963MH0006980020704570C00_DRCL,1963,mahli,Close-up rock
2055MR0108810030903497Q01_DRCL.jpg,15,test,2055MR0108810030903497Q01_DRCL,True,data/msl/extracted/msl-labeled-data-set-v2.1/images/2055MR0108810030903497Q01_DRCL.jpg,2055MR0108810030903497Q01_DRCL,2055,mastcam_right,Sun
2043ML0108130040800743D01_DRCL.jpg,2,test,2043ML0108130040800743D01_DRCL,True,data/msl/extracted/msl-labeled-data-set-v2.1/images/2043ML0108130040800743D01_DRCL.jpg,2043ML0108130040800743D01_DRCL,2043,mastcam_left,Artifact
2081ML0110670000801459E01_DRCL.jpg,1,test,2081ML0110670000801459E01_DRCL,True,data/msl/extracted/msl-labeled-data-set-v2.1/images/2081ML0110670000801459E01_DRCL.jpg,2081ML0110670000801459E01_DRCL,2081,mastcam_left,Other rover part
2088MR0111280000904103E01_DRCL.jpg,3,test,2088MR0111280000904103E01_DRCL,True,data/msl/extracted/msl-labeled-data-set-v2.1/images/2088MR0111280000904103E01_DRCL.jpg,2088MR0111280000904103E01_DRCL,2088,mastcam_right,Nearby surface
2142MR0114910000205110C00_DRCL.jpg,8,test,2142MR0114910000205110C00_DRCL,True,data/msl/extracted/msl-labeled-data-set-v2.1/images/2142MR0114910000205110C00_DRCL.jpg,2142MR0114910000205110C00_DRCL,2142,mastcam_right,Drill hole
1939MR0101320140901008D01_DRCL.jpg,3,test,1939MR0101320140901008D01_DRCL,True,data/msl/extracted/msl-labeled-data-set-v2.1/images/1939MR0101320140901008D01_DRCL.jpg,1939MR0101320140901008D01_DRCL,1939,mastcam_right,Nearby surface
2090MR0111380020904128C00_DRCL.jpg,3,test,2090MR0111380020904128C00_DRCL,True,data/msl/extracted/msl-labeled-data-set-v2.1/images/2090MR0111380020904128C00_DRCL.jpg,2090MR0111380020904128C00_DRCL,2090,mastcam_right,Nearby surface
2147MR0115350030205220D01_DRCL.jpg,18,test,2147MR0115350030205220D01_DRCL,True,data/msl/extracted/msl-labeled-data-set-v2.1/images/2147MR0115350030205220D01_DRCL.jpg,2147MR0115350030205220D01_DRCL,2147,mastcam_right,Wheel tracks
2010ML0105920100306851E01_DRCL.jpg,2,test,2010ML0105920100306851E01_DRCL,True,data/msl/extracted/msl-labeled-data-set-v2.1/images/2010ML0105920100306851E01_DRCL.jpg,2010ML0105920100306851E01_DRCL,2010,mastcam_left,Artifact
1929MR0100690170900561C00_DRCL.jpg,3,test,1929MR0100690170900561C00_DRCL,True,data/msl/extracted/msl-labeled-data-set-v2.1/images/1929MR0100690170900561C00_DRCL.jpg,1929MR0100690170900561C00_DRCL,1929,mastcam_right,Nearby surface
1988MH0001900000800040I01_DRCL.jpg,4,test,1988MH0001900000800040I01_DRCL,True,data/msl/extracted/msl-labeled-data-set-v2.1/images/1988MH0001900000800040I01_DRCL.jpg,1988MH0001900000800040I01_DRCL,1988,mahli,Close-up rock
2021MR0106610000902845E01_DRCL.jpg,7,test,2021MR0106610000902845E01_DRCL,True,data/msl/extracted/msl-labeled-data-set-v2.1/images/2021MR0106610000902845E01_DRCL.jpg,2021MR0106610000902845E01_DRCL,2021,mastcam_right,Distant landscape
1950MR0102060010901364C00_DRCL.jpg,3,test,1950MR0102060010901364C00_DRCL,True,data/msl/extracted/msl-labeled-data-set-v2.1/images/1950MR0102060010901364C00_DRCL.jpg,1950MR0102060010901364C00_DRCL,1950,mastcam_right,Nearby surface
1929MR0100690070900551C00_DRCL.jpg,3,test,1929MR0100690070900551C00_DRCL,True,data/msl/extracted/msl-labeled-data-set-v2.1/images/1929MR0100690070900551C00_DRCL.jpg,1929MR0100690070900551C00_DRCL,1929,mastcam_right,Nearby surface
1996MR0104620160902078I01_DRCL.jpg,2,test,1996MR0104620160902078I01_DRCL,True,data/msl/extracted/msl-labeled-data-set-v2.1/images/1996MR0104620160902078I01_DRCL.jpg,1996MR0104620160902078I01_DRCL,1996,mastcam_right,Artifact
2048MH0007230020801676I01_DRCL.jpg,4,test,2048MH0007230020801676I01_DRCL,True,data/msl/extracted/msl-labeled-data-set-v2.1/images/2048MH0007230020801676I01_DRCL.jpg,2048MH0007230020801676I01_DRCL,2048,mahli,Close-up rock
1993MR0104420010902024C00_DRCL.jpg,3,test,1993MR0104420010902024C00_DRCL,True,data/msl/extracted/msl-labeled-data-set-v2.1/images/1993MR0104420010902024C00_DRCL.jpg,1993MR0104420010902024C00_DRCL,1993,mastcam_right,Nearby surface
2016ML0106340150800139C00_DRCL.jpg,3,test,2016ML0106340150800139C00_DRCL,True,data/msl/extracted/msl-labeled-data-set-v2.1/images/2016ML0106340150800139C00_DRCL.jpg,2016ML0106340150800139C00_DRCL,2016,mastcam_left,Nearby surface
2135ML0114510060802674E01_DRCL.jpg,13,test,2135ML0114510060802674E01_DRCL,True,data/msl/extracted/msl-labeled-data-set-v2.1/images/2135ML0114510060802674E01_DRCL.jpg,2135ML0114510060802674E01_DRCL,2135,mastcam_left,Mastcam cal target
1993ML0104430020506089E01_DRCL.jpg,0,test,1993ML0104430020506089E01_DRCL,True,data/msl/extracted/msl-labeled-data-set-v2.1/images/1993ML0104430020506089E01_DRCL.jpg,1993ML0104430020506089E01_DRCL,1993,mastcam_left,Arm cover
2010ML0105920050306846D01_DRCL.jpg,2,test,2010ML0105920050306846D01_DRCL,True,data/msl/extracted/msl-labeled-data-set-v2.1/images/2010ML0105920050306846D01_DRCL.jpg,2010ML0105920050306846D01_DRCL,2010,mastcam_left,Artifact
1946ML0101690040705099C00_DRCL.jpg,3,test,1946ML0101690040705099C00_DRCL,True,data/msl/extracted/msl-labeled-data-set-v2.1/images/1946ML0101690040705099C00_DRCL.jpg,1946ML0101690040705099C00_DRCL,1946,mastcam_left,Nearby surface
2007ML0105610180306757D01_DRCL.jpg,3,test,2007ML0105610180306757D01_DRCL,True,data/msl/extracted/msl-labeled-data-set-v2.1/images/2007ML0105610180306757D01_DRCL.jpg,2007ML0105610180306757D01_DRCL,2007,mastcam_left,Nearby surface
1970ML0103060070605619I01_DRCL.jpg,2,test,1970ML0103060070605619I01_DRCL,True,data/msl/extracted/msl-labeled-data-set-v2.1/images/1970ML0103060070605619I01_DRCL.jpg,1970ML0103060070605619I01_DRCL,1970,mastcam_left,Artifact
1963MH0007230030704537I01_DRCL.jpg,4,test,1963MH0007230030704537I01_DRCL,True,data/msl/extracted/msl-labeled-data-set-v2.1/images/1963MH0007230030704537I01_DRCL.jpg,1963MH0007230030704537I01_DRCL,1963,mahli,Close-up rock
2086MR0111160100904084C00_DRCL.jpg,2,test,2086MR0111160100904084C00_DRCL,True,data/msl/extracted/msl-labeled-data-set-v2.1/images/2086MR0111160100904084C00_DRCL.jpg,2086MR0111160100904084C00_DRCL,2086,mastcam_right,Artifact
1929ML0100690110704540C00_DRCL.jpg,3,test,1929ML0100690110704540C00_DRCL,True,data/msl/extracted/msl-labeled-data-set-v2.1/images/1929ML0100690110704540C00_DRCL.jpg,1929ML0100690110704540C00_DRCL,1929,mastcam_left,Nearby surface
1991MH0002990000800132I01_DRCL.jpg,2,test,1991MH0002990000800132I01_DRCL,True,data/msl/extracted/msl-labeled-data-set-v2.1/images/1991MH0002990000800132I01_DRCL.jpg,1991MH0002990000800132I01_DRCL,1991,mahli,Artifact
2102MH0003080020802309I01_DRCL.jpg,4,test,2102MH0003080020802309I01_DRCL,True,data/msl/extracted/msl-labeled-data-set-v2.1/images/2102MH0003080020802309I01_DRCL.jpg,2102MH0003080020802309I01_DRCL,2102,mahli,Close-up rock
1981MR0103780000901890E01_DRCL.jpg,7,test,1981MR0103780000901890E01_DRCL,True,data/msl/extracted/msl-labeled-data-set-v2.1/images/1981MR0103780000901890E01_DRCL.jpg,1981MR0103780000901890E01_DRCL,1981,mastcam_right,Distant landscape
2105ML0112350050802060D01_DRCL.jpg,2,test,2105ML0112350050802060D01_DRCL,True,data/msl/extracted/msl-labeled-data-set-v2.1/images/2105ML0112350050802060D01_DRCL.jpg,2105ML0112350050802060D01_DRCL,2105,mastcam_left,Artifact
1940ML0101410550704963D01_DRCL.jpg,3,test,1940ML0101410550704963D01_DRCL,True,data/msl/extracted/msl-labeled-data-set-v2.1/images/1940ML0101410550704963D01_DRCL.jpg,1940ML0101410550704963D01_DRCL,1940,mastcam_left,Nearby surface
2060MR0109220000903680C00_DRCL.jpg,3,test,2060MR0109220000903680C00_DRCL,True,data/msl/extracted/msl-labeled-data-set-v2.1/images/2060MR0109220000903680C00_DRCL.jpg,2060MR0109220000903680C00_DRCL,2060,mastcam_right,Nearby surface
2110ML0112730030802235D01_DRCL.jpg,2,test,2110ML0112730030802235D01_DRCL,True,data/msl/extracted/msl-labeled-data-set-v2.1/images/2110ML0112730030802235D01_DRCL.jpg,2110ML0112730030802235D01_DRCL,2110,mastcam_left,Artifact
1972ML0103150070605747Q01_DRCL.jpg,7,test,1972ML0103150070605747Q01_DRCL,True,data/msl/extracted/msl-labeled-data-set-v2.1/images/1972ML0103150070605747Q01_DRCL.jpg,1972ML0103150070605747Q01_DRCL,1972,mastcam_left,Distant landscape
1944ML0101580100705029C00_DRCL.jpg,3,test,1944ML0101580100705029C00_DRCL,True,data/msl/extracted/msl-labeled-data-set-v2.1/images/1944ML0101580100705029C00_DRCL.jpg,1944ML0101580100705029C00_DRCL,1944,mastcam_left,Nearby surface
2148MR0115390000205239E01_DRCL.jpg,3,test,2148MR0115390000205239E01_DRCL,True,data/msl/extracted/msl-labeled-data-set-v2.1/images/2148MR0115390000205239E01_DRCL.jpg,2148MR0115390000205239E01_DRCL,2148,mastcam_right,Nearby surface
1927MH0002970020703405C00_DRCL.jpg,11,test,1927MH0002970020703405C00_DRCL,True,data/msl/extracted/msl-labeled-data-set-v2.1/images/1927MH0002970020703405C00_DRCL.jpg,1927MH0002970020703405C00_DRCL,1927,mahli,Layers
2086MR0111150330904055D01_DRCL.jpg,2,test,2086MR0111150330904055D01_DRCL,True,data/msl/extracted/msl-labeled-data-set-v2.1/images/2086MR0111150330904055D01_DRCL.jpg,2086MR0111150330904055D01_DRCL,2086,mastcam_right,Artifact
1950ML0102030000605204D01_DRCL.jpg,13,test,1950ML0102030000605204D01_DRCL,True,data/msl/extracted/msl-labeled-data-set-v2.1/images/1950ML0102030000605204D01_DRCL.jpg,1950ML0102030000605204D01_DRCL,1950,mastcam_left,Mastcam cal target
2045ML0108250020800771E01_DRCL.jpg,3,test,2045ML0108250020800771E01_DRCL,True,data/msl/extracted/msl-labeled-data-set-v2.1/images/2045ML0108250020800771E01_DRCL.jpg,2045ML0108250020800771E01_DRCL,2045,mastcam_left,Nearby surface
1988MR0104180110901985C00_DRCL.jpg,11,test,1988MR0104180110901985C00_DRCL,True,data/msl/extracted/msl-labeled-data-set-v2.1/images/1988MR0104180110901985C00_DRCL.jpg,1988MR0104180110901985C00_DRCL,1988,mastcam_right,Layers
1996MH0007230020800181C00_DRCL.jpg,12,test,1996MH0007230020800181C00_DRCL,True,data/msl/extracted/msl-labeled-data-set-v2.1/images/1996MH0007230020800181C00_DRCL.jpg,1996MH0007230020800181C00_DRCL,1996,mahli,Light-toned veins
2093MR0111690010604273C00_DRCL.jpg,15,test,2093MR0111690010604273C00_DRCL,True,data/msl/extracted/msl-labeled-data-set-v2.1/images/2093MR0111690010604273C00_DRCL.jpg,2093MR0111690010604273C00_DRCL,2093,mastcam_right,Sun
2217MH0007320030803030E01_DRCL.jpg,12,test,2217MH0007320030803030E01_DRCL,True,data/msl/extracted/msl-labeled-data-set-v2.1/images/2217MH0007320030803030E01_DRCL.jpg,2217MH0007320030803030E01_DRCL,2217,mahli,Light-toned veins
2097MR0111850000604305E02_DRCL.jpg,3,test,2097MR0111850000604305E02_DRCL,True,data/msl/extracted/msl-labeled-data-set-v2.1/images/2097MR0111850000604305E02_DRCL.jpg,2097MR0111850000604305E02_DRCL,2097,mastcam_right,Nearby surface
2035ML0107460000800490E01_DRCL.jpg,7,test,2035ML0107460000800490E01_DRCL,True,data/msl/extracted/msl-labeled-data-set-v2.1/images/2035ML0107460000800490E01_DRCL.jpg,2035ML0107460000800490E01_DRCL,2035,mastcam_left,Distant landscape
1931MR0100820190900761C00_DRCL.jpg,7,test,1931MR0100820190900761C00_DRCL,True,data/msl/extracted/msl-labeled-data-set-v2.1/images/1931MR0100820190900761C00_DRCL.jpg,1931MR0100820190900761C00_DRCL,1931,mastcam_right,Distant landscape
2160ML0116290030803266E01_DRCL.jpg,13,test,2160ML0116290030803266E01_DRCL,True,data/msl/extracted/msl-labeled-data-set-v2.1/images/2160ML0116290030803266E01_DRCL.jpg,2160ML0116290030803266E01_DRCL,2160,mastcam_left,Mastcam cal target
2072ML0109950810801164C00_DRCL.jpg,14,test,2072ML0109950810801164C00_DRCL,True,data/msl/extracted/msl-labeled-data-set-v2.1/images/2072ML0109950810801164C00_DRCL.jpg,2072ML0109950810801164C00_DRCL,2072,mastcam_left,Sand
2160MR0116320160205467C00_DRCL.jpg,3,test,2160MR0116320160205467C00_DRCL,True,data/msl/extracted/msl-labeled-data-set-v2.1/images/2160MR0116320160205467C00_DRCL.jpg,2160MR0116320160205467C00_DRCL,2160,mastcam_right,Nearby surface
2086ML0111150420801555E01_DRCL.jpg,2,test,2086ML0111150420801555E01_DRCL,True,data/msl/extracted/msl-labeled-data-set-v2.1/images/2086ML0111150420801555E01_DRCL.jpg,2086ML0111150420801555E01_DRCL,2086,mastcam_left,Artifact
2080MH0002970020801896I01_DRCL.jpg,14,test,2080MH0002970020801896I01_DRCL,True,data/msl/extracted/msl-labeled-data-set-v2.1/images/2080MH0002970020801896I01_DRCL.jpg,2080MH0002970020801896I01_DRCL,2080,mahli,Sand
1927MH0003070020703449I01_DRCL.jpg,4,test,1927MH0003070020703449I01_DRCL,True,data/msl/extracted/msl-labeled-data-set-v2.1/images/1927MH0003070020703449I01_DRCL.jpg,1927MH0003070020703449I01_DRCL,1927,mahli,Close-up rock
1972ML0103150050605716Q01_DRCL.jpg,7,test,1972ML0103150050605716Q01_DRCL,True,data/msl/extracted/msl-labeled-data-set-v2.1/images/1972ML0103150050605716Q01_DRCL.jpg,1972ML0103150050605716Q01_DRCL,1972,mastcam_left,Distant landscape
1967ML0102890050605609D01_DRCL.jpg,13,test,1967ML0102890050605609D01_DRCL,True,data/msl/extracted/msl-labeled-data-set-v2.1/images/1967ML0102890050605609D01_DRCL.jpg,1967ML0102890050605609D01_DRCL,1967,mastcam_left,Mastcam cal target
2061MR0109280010903694E01_DRCL.jpg,3,test,2061MR0109280010903694E01_DRCL,True,data/msl/extracted/msl-labeled-data-set-v2.1/images/2061MR0109280010903694E01_DRCL.jpg,2061MR0109280010903694E01_DRCL,2061,mastcam_right,Nearby surface
2080MR0110420020903900C00_DRCL.jpg,3,test,2080MR0110420020903900C00_DRCL,True,data/msl/extracted/msl-labeled-data-set-v2.1/images/2080MR0110420020903900C00_DRCL.jpg,2080MR0110420020903900C00_DRCL,2080,mastcam_right,Nearby surface
2137ML0114610450802846C00_DRCL.jpg,1,test,2137ML0114610450802846C00_DRCL,True,data/msl/extracted/msl-labeled-data-set-v2.1/images/2137ML0114610450802846C00_DRCL.jpg,2137ML0114610450802846C00_DRCL,2137,mastcam_left,Other rover part
2006ML0105580170306743D01_DRCL.jpg,3,test,2006ML0105580170306743D01_DRCL,True,data/msl/extracted/msl-labeled-data-set-v2.1/images/2006ML0105580170306743D01_DRCL.jpg,2006ML0105580170306743D01_DRCL,2006,mastcam_left,Nearby surface
2030ML0107230540800411D01_DRCL.jpg,2,test,2030ML0107230540800411D01_DRCL,True,data/msl/extracted/msl-labeled-data-set-v2.1/images/2030ML0107230540800411D01_DRCL.jpg,2030ML0107230540800411D01_DRCL,2030,mastcam_left,Artifact
2114MH0007560020802456I01_DRCL.jpg,16,test,2114MH0007560020802456I01_DRCL,True,data/msl/extracted/msl-labeled-data-set-v2.1/images/2114MH0007560020802456I01_DRCL.jpg,2114MH0007560020802456I01_DRCL,2114,mahli,Wheel
2111MR0112840230404656I01_DRCL.jpg,2,test,2111MR0112840230404656I01_DRCL,True,data/msl/extracted/msl-labeled-data-set-v2.1/images/2111MR0112840230404656I01_DRCL.jpg,2111MR0112840230404656I01_DRCL,2111,mastcam_right,Artifact
2165ML0116600360803685C00_DRCL.jpg,3,test,2165ML0116600360803685C00_DRCL,True,data/msl/extracted/msl-labeled-data-set-v2.1/images/2165ML0116600360803685C00_DRCL.jpg,2165ML0116600360803685C00_DRCL,2165,mastcam_left,Nearby surface
2168MH0006990030802895I01_DRCL.jpg,12,test,2168MH0006990030802895I01_DRCL,True,data/msl/extracted/msl-labeled-data-set-v2.1/images/2168MH0006990030802895I01_DRCL.jpg,2168MH0006990030802895I01_DRCL,2168,mahli,Light-toned veins
1959MR0102430040901530D01_DRCL.jpg,3,test,1959MR0102430040901530D01_DRCL,True,data/msl/extracted/msl-labeled-data-set-v2.1/images/1959MR0102430040901530D01_DRCL.jpg,1959MR0102430040901530D01_DRCL,1959,mastcam_right,Nearby surface
1996ML0104620050406263I01_DRCL.jpg,2,test,1996ML0104620050406263I01_DRCL,True,data/msl/extracted/msl-labeled-data-set-v2.1/images/1996ML0104620050406263I01_DRCL.jpg,1996ML0104620050406263I01_DRCL,1996,mastcam_left,Artifact
2080ML0110490160801366D01_DRCL.jpg,2,test,2080ML0110490160801366D01_DRCL,True,data/msl/extracted/msl-labeled-data-set-v2.1/images/2080ML0110490160801366D01_DRCL.jpg,2080ML0110490160801366D01_DRCL,2080,mastcam_left,Artifact
2016MR0106360090902707I01_DRCL.jpg,2,test,2016MR0106360090902707I01_DRCL,True,data/msl/extracted/msl-labeled-data-set-v2.1/images/2016MR0106360090902707I01_DRCL.jpg,2016MR0106360090902707I01_DRCL,2016,mastcam_right,Artifact
1938MH0007090010703889C00_DRCL.jpg,12,test,1938MH0007090010703889C00_DRCL,True,data/msl/extracted/msl-labeled-data-set-v2.1/images/1938MH0007090010703889C00_DRCL.jpg,1938MH0007090010703889C00_DRCL,1938,mahli,Light-toned veins
2217MH0007630030803010E01_DRCL.jpg,12,test,2217MH0007630030803010E01_DRCL,True,data/msl/extracted/msl-labeled-data-set-v2.1/images/2217MH0007630030803010E01_DRCL.jpg,2217MH0007630030803010E01_DRCL,2217,mahli,Light-toned veins
2166ML0116650040803745E01_DRCL.jpg,3,test,2166ML0116650040803745E01_DRCL,True,data/msl/extracted/msl-labeled-data-set-v2.1/images/2166ML0116650040803745E01_DRCL.jpg,2166ML0116650040803745E01_DRCL,2166,mastcam_left,Nearby surface
2009ML0105830070306813D01_DRCL.jpg,3,test,2009ML0105830070306813D01_DRCL,True,data/msl/extracted/msl-labeled-data-set-v2.1/images/2009ML0105830070306813D01_DRCL.jpg,2009ML0105830070306813D01_DRCL,2009,mastcam_left,Nearby surface
2102ML0112220000802009E01_DRCL.jpg,3,test,2102ML0112220000802009E01_DRCL,True,data/msl/extracted/msl-labeled-data-set-v2.1/images/2102ML0112220000802009E01_DRCL.jpg,2102ML0112220000802009E01_DRCL,2102,mastcam_left,Nearby surface
2008MH0007090030800504I01_DRCL.jpg,12,test,2008MH0007090030800504I01_DRCL,True,data/msl/extracted/msl-labeled-data-set-v2.1/images/2008MH0007090030800504I01_DRCL.jpg,2008MH0007090030800504I01_DRCL,2008,mahli,Light-toned veins
1971MH0002990020604755I01_DRCL.jpg,14,test,1971MH0002990020604755I01_DRCL,True,data/msl/extracted/msl-labeled-data-set-v2.1/images/1971MH0002990020604755I01_DRCL.jpg,1971MH0002990020604755I01_DRCL,1971,mahli,Sand
2019MR0106490010902755C00_DRCL.jpg,3,test,2019MR0106490010902755C00_DRCL,True,data/msl/extracted/msl-labeled-data-set-v2.1/images/2019MR0106490010902755C00_DRCL.jpg,2019MR0106490010902755C00_DRCL,2019,mastcam_right,Nearby surface
2097MR0111890030604325D01_DRCL.jpg,2,test,2097MR0111890030604325D01_DRCL,True,data/msl/extracted/msl-labeled-data-set-v2.1/images/2097MR0111890030604325D01_DRCL.jpg,2097MR0111890030604325D01_DRCL,2097,mastcam_right,Artifact
1934MH0007090030703667I01_DRCL.jpg,12,test,1934MH0007090030703667I01_DRCL,True,data/msl/extracted/msl-labeled-data-set-v2.1/images/1934MH0007090030703667I01_DRCL.jpg,1934MH0007090030703667I01_DRCL,1934,mahli,Light-toned veins
1964MR0102710030901633E01_DRCL.jpg,3,test,1964MR0102710030901633E01_DRCL,True,data/msl/extracted/msl-labeled-data-set-v2.1/images/1964MR0102710030901633E01_DRCL.jpg,1964MR0102710030901633E01_DRCL,1964,mastcam_right,Nearby surface
2077MR0110350330903830D01_DRCL.jpg,2,test,2077MR0110350330903830D01_DRCL,True,data/msl/extracted/msl-labeled-data-set-v2.1/images/2077MR0110350330903830D01_DRCL.jpg,2077MR0110350330903830D01_DRCL,2077,mastcam_right,Artifact
2042MH0001900000801573I01_DRCL.jpg,2,test,2042MH0001900000801573I01_DRCL,True,data/msl/extracted/msl-labeled-data-set-v2.1/images/2042MH0001900000801573I01_DRCL.jpg,2042MH0001900000801573I01_DRCL,2042,mahli,Artifact
1996MH0007230030800237I01_DRCL.jpg,4,test,1996MH0007230030800237I01_DRCL,True,data/msl/extracted/msl-labeled-data-set-v2.1/images/1996MH0007230030800237I01_DRCL.jpg,1996MH0007230030800237I01_DRCL,1996,mahli,Close-up rock
2036ML0107510340800556C00_DRCL.jpg,11,test,2036ML0107510340800556C00_DRCL,True,data/msl/extracted/msl-labeled-data-set-v2.1/images/2036ML0107510340800556C00_DRCL.jpg,2036ML0107510340800556C00_DRCL,2036,mastcam_left,Layers
2077ML0110360180801316I01_DRCL.jpg,2,test,2077ML0110360180801316I01_DRCL,True,data/msl/extracted/msl-labeled-data-set-v2.1/images/2077ML0110360180801316I01_DRCL.jpg,2077ML0110360180801316I01_DRCL,2077,mastcam_left,Artifact
1954MH0001520020704303I01_DRCL.jpg,3,test,1954MH0001520020704303I01_DRCL,True,data/msl/extracted/msl-labeled-data-set-v2.1/images/1954MH0001520020704303I01_DRCL.jpg,1954MH0001520020704303I01_DRCL,1954,mahli,Nearby surface
1963MH0006980010704569C00_DRCL.jpg,4,test,1963MH0006980010704569C00_DRCL,True,data/msl/extracted/msl-labeled-data-set-v2.1/images/1963MH0006980010704569C00_DRCL.jpg,1963MH0006980010704569C00_DRCL,1963,mahli,Close-up rock
2016MR0106360050902703D01_DRCL.jpg,3,test,2016MR0106360050902703D01_DRCL,True,data/msl/extracted/msl-labeled-data-set-v2.1/images/2016MR0106360050902703D01_DRCL.jpg,2016MR0106360050902703D01_DRCL,2016,mastcam_right,Nearby surface
2082MH0003900010802139E02_DRCL.jpg,3,test,2082MH0003900010802139E02_DRCL,True,data/msl/extracted/msl-labeled-data-set-v2.1/images/2082MH0003900010802139E02_DRCL.jpg,2082MH0003900010802139E02_DRCL,2082,mahli,Nearby surface
2056MR0108970060903617I01_DRCL.jpg,2,test,2056MR0108970060903617I01_DRCL,True,data/msl/extracted/msl-labeled-data-set-v2.1/images/2056MR0108970060903617I01_DRCL.jpg,2056MR0108970060903617I01_DRCL,2056,mastcam_right,Artifact
1976ML0103280020605804C00_DRCL.jpg,1,test,1976ML0103280020605804C00_DRCL,True,data/msl/extracted/msl-labeled-data-set-v2.1/images/1976ML0103280020605804C00_DRCL.jpg,1976ML0103280020605804C00_DRCL,1976,mastcam_left,Other rover part
2043ML0108100170800726D01_DRCL.jpg,3,test,2043ML0108100170800726D01_DRCL,True,data/msl/extracted/msl-labeled-data-set-v2.1/images/2043ML0108100170800726D01_DRCL.jpg,2043ML0108100170800726D01_DRCL,2043,mastcam_left,Nearby surface
2115MR0113260200404735I01_DRCL.jpg,2,test,2115MR0113260200404735I01_DRCL,True,data/msl/extracted/msl-labeled-data-set-v2.1/images/2115MR0113260200404735I01_DRCL.jpg,2115MR0113260200404735I01_DRCL,2115,mastcam_right,Artifact
2119MR0113470000404777E01_DRCL.jpg,3,test,2119MR0113470000404777E01_DRCL,True,data/msl/extracted/msl-labeled-data-set-v2.1/images/2119MR0113470000404777E01_DRCL.jpg,2119MR0113470000404777E01_DRCL,2119,mastcam_right,Nearby surface
1931MR0100810440900676C00_DRCL.jpg,11,test,1931MR0100810440900676C00_DRCL,True,data/msl/extracted/msl-labeled-data-set-v2.1/images/1931MR0100810440900676C00_DRCL.jpg,1931MR0100810440900676C00_DRCL,1931,mastcam_right,Layers
2009MR0105810070902401I01_DRCL.jpg,2,test,2009MR0105810070902401I01_DRCL,True,data/msl/extracted/msl-labeled-data-set-v2.1/images/2009MR0105810070902401I01_DRCL.jpg,2009MR0105810070902401I01_DRCL,2009,mastcam_right,Artifact
2110MR0112710020404597I01_DRCL.jpg,2,test,2110MR0112710020404597I01_DRCL,True,data/msl/extracted/msl-labeled-data-set-v2.1/images/2110MR0112710020404597I01_DRCL.jpg,2110MR0112710020404597I01_DRCL,2110,mastcam_right,Artifact
2049MH0006030030801781I01_DRCL.jpg,4,test,2049MH0006030030801781I01_DRCL,True,data/msl/extracted/msl-labeled-data-set-v2.1/images/2049MH0006030030801781I01_DRCL.jpg,2049MH0006030030801781I01_DRCL,2049,mahli,Close-up rock
1966MH0007050000704622I01_DRCL.jpg,4,test,1966MH0007050000704622I01_DRCL,True,data/msl/extracted/msl-labeled-data-set-v2.1/images/1966MH0007050000704622I01_DRCL.jpg,1966MH0007050000704622I01_DRCL,1966,mahli,Close-up rock
1945MH0002970020704156I01_DRCL.jpg,4,test,1945MH0002970020704156I01_DRCL,True,data/msl/extracted/msl-labeled-data-set-v2.1/images/1945MH0002970020704156I01_DRCL.jpg,1945MH0002970020704156I01_DRCL,1945,mahli,Close-up rock
2087MR0111180010904087I01_DRCL.jpg,15,test,2087MR0111180010904087I01_DRCL,True,data/msl/extracted/msl-labeled-data-set-v2.1/images/2087MR0111180010904087I01_DRCL.jpg,2087MR0111180010904087I01_DRCL,2087,mastcam_right,Sun
1963MH0006980030704576I01_DRCL.jpg,4,test,1963MH0006980030704576I01_DRCL,True,data/msl/extracted/msl-labeled-data-set-v2.1/images/1963MH0006980030704576I01_DRCL.jpg,1963MH0006980030704576I01_DRCL,1963,mahli,Close-up rock
2082MH0003900010802126E02_DRCL.jpg,7,test,2082MH0003900010802126E02_DRCL,True,data/msl/extracted/msl-labeled-data-set-v2.1/images/2082MH0003900010802126E02_DRCL.jpg,2082MH0003900010802126E02_DRCL,2082,mahli,Distant landscape
2213ML0117370470804101I01_DRCL.jpg,2,test,2213ML0117370470804101I01_DRCL,True,data/msl/extracted/msl-labeled-data-set-v2.1/images/2213ML0117370470804101I01_DRCL.jpg,2213ML0117370470804101I01_DRCL,2213,mastcam_left,Artifact
2114MH0006520020802426I01_DRCL.jpg,2,test,2114MH0006520020802426I01_DRCL,True,data/msl/extracted/msl-labeled-data-set-v2.1/images/2114MH0006520020802426I01_DRCL.jpg,2114MH0006520020802426I01_DRCL,2114,mahli,Artifact
1976ML0103330040605810D01_DRCL.jpg,2,test,1976ML0103330040605810D01_DRCL,True,data/msl/extracted/msl-labeled-data-set-v2.1/images/1976ML0103330040605810D01_DRCL.jpg,1976ML0103330040605810D01_DRCL,1976,mastcam_left,Artifact
2050ML0108640040800820D01_DRCL.jpg,13,test,2050ML0108640040800820D01_DRCL,True,data/msl/extracted/msl-labeled-data-set-v2.1/images/2050ML0108640040800820D01_DRCL.jpg,2050ML0108640040800820D01_DRCL,2050,mastcam_left,Mastcam cal target
1940MR0101390010901029E01_DRCL.jpg,3,test,1940MR0101390010901029E01_DRCL,True,data/msl/extracted/msl-labeled-data-set-v2.1/images/1940MR0101390010901029E01_DRCL.jpg,1940MR0101390010901029E01_DRCL,1940,mastcam_right,Nearby surface
1957ML0102320340605302I01_DRCL.jpg,2,test,1957ML0102320340605302I01_DRCL,True,data/msl/extracted/msl-labeled-data-set-v2.1/images/1957ML0102320340605302I01_DRCL.jpg,1957ML0102320340605302I01_DRCL,1957,mastcam_left,Artifact
1939ML0101370010704928D01_DRCL.jpg,15,test,1939ML0101370010704928D01_DRCL,True,data/msl/extracted/msl-labeled-data-set-v2.1/images/1939ML0101370010704928D01_DRCL.jpg,1939ML0101370010704928D01_DRCL,1939,mastcam_left,Sun
1964ML0102720090605427E01_DRCL.jpg,3,test,1964ML0102720090605427E01_DRCL,True,data/msl/extracted/msl-labeled-data-set-v2.1/images/1964ML0102720090605427E01_DRCL.jpg,1964ML0102720090605427E01_DRCL,1964,mastcam_left,Nearby surface
2118ML0113450000802410I01_DRCL.jpg,2,test,2118ML0113450000802410I01_DRCL,True,data/msl/extracted/msl-labeled-data-set-v2.1/images/2118ML0113450000802410I01_DRCL.jpg,2118ML0113450000802410I01_DRCL,2118,mastcam_left,Artifact
2024MR0106850000902891I01_DRCL.jpg,2,test,2024MR0106850000902891I01_DRCL,True,data/msl/extracted/msl-labeled-data-set-v2.1/images/2024MR0106850000902891I01_DRCL.jpg,2024MR0106850000902891I01_DRCL,2024,mastcam_right,Artifact
1922ML0100350100704448E01_DRCL.jpg,3,test,1922ML0100350100704448E01_DRCL,True,data/msl/extracted/msl-labeled-data-set-v2.1/images/1922ML0100350100704448E01_DRCL.jpg,1922ML0100350100704448E01_DRCL,1922,mastcam_left,Nearby surface
2165MR0116600290105607C00_DRCL.jpg,3,test,2165MR0116600290105607C00_DRCL,True,data/msl/extracted/msl-labeled-data-set-v2.1/images/2165MR0116600290105607C00_DRCL.jpg,2165MR0116600290105607C00_DRCL,2165,mastcam_right,Nearby surface
2056MR0108970120903623D01_DRCL.jpg,3,test,2056MR0108970120903623D01_DRCL,True,data/msl/extracted/msl-labeled-data-set-v2.1/images/2056MR0108970120903623D01_DRCL.jpg,2056MR0108970120903623D01_DRCL,2056,mastcam_right,Nearby surface
2009ML0105810020306787I01_DRCL.jpg,2,test,2009ML0105810020306787I01_DRCL,True,data/msl/extracted/msl-labeled-data-set-v2.1/images/2009ML0105810020306787I01_DRCL.jpg,2009ML0105810020306787I01_DRCL,2009,mastcam_left,Artifact
2132MH0001730020802667C00_DRCL.jpg,12,test,2132MH0001730020802667C00_DRCL,True,data/msl/extracted/msl-labeled-data-set-v2.1/images/2132MH0001730020802667C00_DRCL.jpg,2132MH0001730020802667C00_DRCL,2132,mahli,Light-toned veins
1996MH0006560030800210I01_DRCL.jpg,12,test,1996MH0006560030800210I01_DRCL,True,data/msl/extracted/msl-labeled-data-set-v2.1/images/1996MH0006560030800210I01_DRCL.jpg,1996MH0006560030800210I01_DRCL,1996,mahli,Light-toned veins
2011MR0105950260902579C00_DRCL.jpg,3,test,2011MR0105950260902579C00_DRCL,True,data/msl/extracted/msl-labeled-data-set-v2.1/images/2011MR0105950260902579C00_DRCL.jpg,2011MR0105950260902579C00_DRCL,2011,mastcam_right,Nearby surface
1980ML0103670000605867D01_DRCL.jpg,13,test,1980ML0103670000605867D01_DRCL,True,data/msl/extracted/msl-labeled-data-set-v2.1/images/1980ML0103670000605867D01_DRCL.jpg,1980ML0103670000605867D01_DRCL,1980,mastcam_left,Mastcam cal target
1931MR0100800400900627C00_DRCL.jpg,3,test,1931MR0100800400900627C00_DRCL,True,data/msl/extracted/msl-labeled-data-set-v2.1/images/1931MR0100800400900627C00_DRCL.jpg,1931MR0100800400900627C00_DRCL,1931,mastcam_right,Nearby surface
2009MR0105800000902393E01_DRCL.jpg,3,test,2009MR0105800000902393E01_DRCL,True,data/msl/extracted/msl-labeled-data-set-v2.1/images/2009MR0105800000902393E01_DRCL.jpg,2009MR0105800000902393E01_DRCL,2009,mastcam_right,Nearby surface
2098ML0111930010801934E01_DRCL.jpg,3,test,2098ML0111930010801934E01_DRCL,True,data/msl/extracted/msl-labeled-data-set-v2.1/images/2098ML0111930010801934E01_DRCL.jpg,2098ML0111930010801934E01_DRCL,2098,mastcam_left,Nearby surface
1949ML0101910040705185D01_DRCL.jpg,2,test,1949ML0101910040705185D01_DRCL,True,data/msl/extracted/msl-labeled-data-set-v2.1/images/1949ML0101910040705185D01_DRCL.jpg,1949ML0101910040705185D01_DRCL,1949,mastcam_left,Artifact
2016ML0106340080800132C00_DRCL.jpg,11,test,2016ML0106340080800132C00_DRCL,True,data/msl/extracted/msl-labeled-data-set-v2.1/images/2016ML0106340080800132C00_DRCL.jpg,2016ML0106340080800132C00_DRCL,2016,mastcam_left,Layers
2119ML0113460030802418E01_DRCL.jpg,7,test,2119ML0113460030802418E01_DRCL,True,data/msl/extracted/msl-labeled-data-set-v2.1/images/2119ML0113460030802418E01_DRCL.jpg,2119ML0113460030802418E01_DRCL,2119,mastcam_left,Distant landscape
2025MH0007060020801354C00_DRCL.jpg,14,test,2025MH0007060020801354C00_DRCL,True,data/msl/extracted/msl-labeled-data-set-v2.1/images/2025MH0007060020801354C00_DRCL.jpg,2025MH0007060020801354C00_DRCL,2025,mahli,Sand
2032MH0002240010801526C00_DRCL.jpg,12,test,2032MH0002240010801526C00_DRCL,True,data/msl/extracted/msl-labeled-data-set-v2.1/images/2032MH0002240010801526C00_DRCL.jpg,2032MH0002240010801526C00_DRCL,2032,mahli,Light-toned veins
2119MR0113480010404779I01_DRCL.jpg,15,test,2119MR0113480010404779I01_DRCL,True,data/msl/extracted/msl-labeled-data-set-v2.1/images/2119MR0113480010404779I01_DRCL.jpg,2119MR0113480010404779I01_DRCL,2119,mastcam_right,Sun
1925MH0002910000703257I01_DRCL.jpg,4,test,1925MH0002910000703257I01_DRCL,True,data/msl/extracted/msl-labeled-data-set-v2.1/images/1925MH0002910000703257I01_DRCL.jpg,1925MH0002910000703257I01_DRCL,1925,mahli,Close-up rock
2165ML0116630170803724C00_DRCL.jpg,3,test,2165ML0116630170803724C00_DRCL,True,data/msl/extracted/msl-labeled-data-set-v2.1/images/2165ML0116630170803724C00_DRCL.jpg,2165ML0116630170803724C00_DRCL,2165,mastcam_left,Nearby surface
2005ML0105450000306615D01_DRCL.jpg,3,test,2005ML0105450000306615D01_DRCL,True,data/msl/extracted/msl-labeled-data-set-v2.1/images/2005ML0105450000306615D01_DRCL.jpg,2005ML0105450000306615D01_DRCL,2005,mastcam_left,Nearby surface
2160ML0116300600803327C00_DRCL.jpg,3,test,2160ML0116300600803327C00_DRCL,True,data/msl/extracted/msl-labeled-data-set-v2.1/images/2160ML0116300600803327C00_DRCL.jpg,2160ML0116300600803327C00_DRCL,2160,mastcam_left,Nearby surface
2166MH0002990000802842I01_DRCL.jpg,2,test,2166MH0002990000802842I01_DRCL,True,data/msl/extracted/msl-labeled-data-set-v2.1/images/2166MH0002990000802842I01_DRCL.jpg,2166MH0002990000802842I01_DRCL,2166,mahli,Artifact
2156ML0116160060803167D01_DRCL.jpg,3,test,2156ML0116160060803167D01_DRCL,True,data/msl/extracted/msl-labeled-data-set-v2.1/images/2156ML0116160060803167D01_DRCL.jpg,2156ML0116160060803167D01_DRCL,2156,mastcam_left,Nearby surface
1970MR0103070140901758E01_DRCL.jpg,13,test,1970MR0103070140901758E01_DRCL,True,data/msl/extracted/msl-labeled-data-set-v2.1/images/1970MR0103070140901758E01_DRCL.jpg,1970MR0103070140901758E01_DRCL,1970,mastcam_right,Mastcam cal target
2166MH0001820000802798I01_DRCL.jpg,2,test,2166MH0001820000802798I01_DRCL,True,data/msl/extracted/msl-labeled-data-set-v2.1/images/2166MH0001820000802798I01_DRCL.jpg,2166MH0001820000802798I01_DRCL,2166,mahli,Artifact
2030ML0107160000800325E01_DRCL.jpg,17,test,2030ML0107160000800325E01_DRCL,True,data/msl/extracted/msl-labeled-data-set-v2.1/images/2030ML0107160000800325E01_DRCL.jpg,2030ML0107160000800325E01_DRCL,2030,mastcam_left,Wheel joint
2025MR0106940040902924C00_DRCL.jpg,14,test,2025MR0106940040902924C00_DRCL,True,data/msl/extracted/msl-labeled-data-set-v2.1/images/2025MR0106940040902924C00_DRCL.jpg,2025MR0106940040902924C00_DRCL,2025,mastcam_right,Sand
2128MR0114050010404906C00_DRCL.jpg,3,test,2128MR0114050010404906C00_DRCL,True,data/msl/extracted/msl-labeled-data-set-v2.1/images/2128MR0114050010404906C00_DRCL.jpg,2128MR0114050010404906C00_DRCL,2128,mastcam_right,Nearby surface
2137ML0114600730802751C00_DRCL.jpg,3,test,2137ML0114600730802751C00_DRCL,True,data/msl/extracted/msl-labeled-data-set-v2.1/images/2137ML0114600730802751C00_DRCL.jpg,2137ML0114600730802751C00_DRCL,2137,mastcam_left,Nearby surface
2172MR0117050000105755I01_DRCL.jpg,1,test,2172MR0117050000105755I01_DRCL,True,data/msl/extracted/msl-labeled-data-set-v2.1/images/2172MR0117050000105755I01_DRCL.jpg,2172MR0117050000105755I01_DRCL,2172,mastcam_right,Other rover part
1996ML0104590080406229E01_DRCL.jpg,3,test,1996ML0104590080406229E01_DRCL,True,data/msl/extracted/msl-labeled-data-set-v2.1/images/1996ML0104590080406229E01_DRCL.jpg,1996ML0104590080406229E01_DRCL,1996,mastcam_left,Nearby surface
2168MR0116770000105650E01_DRCL.jpg,5,test,2168MR0116770000105650E01_DRCL,True,data/msl/extracted/msl-labeled-data-set-v2.1/images/2168MR0116770000105650E01_DRCL.jpg,2168MR0116770000105650E01_DRCL,2168,mastcam_right,DRT
1981MR0103840000901893C00_DRCL.jpg,7,test,1981MR0103840000901893C00_DRCL,True,data/msl/extracted/msl-labeled-data-set-v2.1/images/1981MR0103840000901893C00_DRCL.jpg,1981MR0103840000901893C00_DRCL,1981,mastcam_right,Distant landscape
1950ML0102060020605212C00_DRCL.jpg,3,test,1950ML0102060020605212C00_DRCL,True,data/msl/extracted/msl-labeled-data-set-v2.1/images/1950ML0102060020605212C00_DRCL.jpg,1950ML0102060020605212C00_DRCL,1950,mastcam_left,Nearby surface
2156ML0116220240803226C00_DRCL.jpg,3,test,2156ML0116220240803226C00_DRCL,True,data/msl/extracted/msl-labeled-data-set-v2.1/images/2156ML0116220240803226C00_DRCL.jpg,2156ML0116220240803226C00_DRCL,2156,mastcam_left,Nearby surface
2081ML0110630020801446I01_DRCL.jpg,2,test,2081ML0110630020801446I01_DRCL,True,data/msl/extracted/msl-labeled-data-set-v2.1/images/2081ML0110630020801446I01_DRCL.jpg,2081ML0110630020801446I01_DRCL,2081,mastcam_left,Artifact
1961MH0004630000704456I01_DRCL.jpg,2,test,1961MH0004630000704456I01_DRCL,True,data/msl/extracted/msl-labeled-data-set-v2.1/images/1961MH0004630000704456I01_DRCL.jpg,1961MH0004630000704456I01_DRCL,1961,mahli,Artifact
2019MH0007400030801101C00_DRCL.jpg,4,test,2019MH0007400030801101C00_DRCL,True,data/msl/extracted/msl-labeled-data-set-v2.1/images/2019MH0007400030801101C00_DRCL.jpg,2019MH0007400030801101C00_DRCL,2019,mahli,Close-up rock
2169ML0116830080803919I01_DRCL.jpg,7,test,2169ML0116830080803919I01_DRCL,True,data/msl/extracted/msl-labeled-data-set-v2.1/images/2169ML0116830080803919I01_DRCL.jpg,2169ML0116830080803919I01_DRCL,2169,mastcam_left,Distant landscape
1940MR0101410140901071D01_DRCL.jpg,3,test,1940MR0101410140901071D01_DRCL,True,data/msl/extracted/msl-labeled-data-set-v2.1/images/1940MR0101410140901071D01_DRCL.jpg,1940MR0101410140901071D01_DRCL,1940,mastcam_right,Nearby surface
1925MR0100430150900484D01_DRCL.jpg,3,test,1925MR0100430150900484D01_DRCL,True,data/msl/extracted/msl-labeled-data-set-v2.1/images/1925MR0100430150900484D01_DRCL.jpg,1925MR0100430150900484D01_DRCL,1925,mastcam_right,Nearby surface
1943MH0003900010704033E01_DRCL.jpg,3,test,1943MH0003900010704033E01_DRCL,True,data/msl/extracted/msl-labeled-data-set-v2.1/images/1943MH0003900010704033E01_DRCL.jpg,1943MH0003900010704033E01_DRCL,1943,mahli,Nearby surface
2019MH0007400030801093C00_DRCL.jpg,4,test,2019MH0007400030801093C00_DRCL,True,data/msl/extracted/msl-labeled-data-set-v2.1/images/2019MH0007400030801093C00_DRCL.jpg,2019MH0007400030801093C00_DRCL,2019,mahli,Close-up rock
1925MH0001900010703314C00_DRCL.jpg,11,test,1925MH0001900010703314C00_DRCL,True,data/msl/extracted/msl-labeled-data-set-v2.1/images/1925MH0001900010703314C00_DRCL.jpg,1925MH0001900010703314C00_DRCL,1925,mahli,Layers
2220MH0006030030803113I01_DRCL.jpg,4,test,2220MH0006030030803113I01_DRCL,True,data/msl/extracted/msl-labeled-data-set-v2.1/images/2220MH0006030030803113I01_DRCL.jpg,2220MH0006030030803113I01_DRCL,2220,mahli,Close-up rock
2110ML0112710060802216I01_DRCL.jpg,2,test,2110ML0112710060802216I01_DRCL,True,data/msl/extracted/msl-labeled-data-set-v2.1/images/2110ML0112710060802216I01_DRCL.jpg,2110ML0112710060802216I01_DRCL,2110,mastcam_left,Artifact
1995ML0104500200506117I01_DRCL.jpg,7,test,1995ML0104500200506117I01_DRCL,True,data/msl/extracted/msl-labeled-data-set-v2.1/images/1995ML0104500200506117I01_DRCL.jpg,1995ML0104500200506117I01_DRCL,1995,mastcam_left,Distant landscape
2108MR0112530000404574E01_DRCL.jpg,2,test,2108MR0112530000404574E01_DRCL,True,data/msl/extracted/msl-labeled-data-set-v2.1/images/2108MR0112530000404574E01_DRCL.jpg,2108MR0112530000404574E01_DRCL,2108,mastcam_right,Artifact
1922ML0100350130704451E01_DRCL.jpg,3,test,1922ML0100350130704451E01_DRCL,True,data/msl/extracted/msl-labeled-data-set-v2.1/images/1922ML0100350130704451E01_DRCL.jpg,1922ML0100350130704451E01_DRCL,1922,mastcam_left,Nearby surface
2018MH0007090030800956C00_DRCL.jpg,4,test,2018MH0007090030800956C00_DRCL,True,data/msl/extracted/msl-labeled-data-set-v2.1/images/2018MH0007090030800956C00_DRCL.jpg,2018MH0007090030800956C00_DRCL,2018,mahli,Close-up rock
2171ML0116950330803949I01_DRCL.jpg,2,test,2171ML0116950330803949I01_DRCL,True,data/msl/extracted/msl-labeled-data-set-v2.1/images/2171ML0116950330803949I01_DRCL.jpg,2171ML0116950330803949I01_DRCL,2171,mastcam_left,Artifact
2093MR0111630100704187C00_DRCL.jpg,11,test,2093MR0111630100704187C00_DRCL,True,data/msl/extracted/msl-labeled-data-set-v2.1/images/2093MR0111630100704187C00_DRCL.jpg,2093MR0111630100704187C00_DRCL,2093,mastcam_right,Layers
1985ML0104050020605925E01_DRCL.jpg,0,test,1985ML0104050020605925E01_DRCL,True,data/msl/extracted/msl-labeled-data-set-v2.1/images/1985ML0104050020605925E01_DRCL.jpg,1985ML0104050020605925E01_DRCL,1985,mastcam_left,Arm cover
2134MH0002240010802720C00_DRCL.jpg,4,test,2134MH0002240010802720C00_DRCL,True,data/msl/extracted/msl-labeled-data-set-v2.1/images/2134MH0002240010802720C00_DRCL.jpg,2134MH0002240010802720C00_DRCL,2134,mahli,Close-up rock
1990ML0104300000506066I01_DRCL.jpg,2,test,1990ML0104300000506066I01_DRCL,True,data/msl/extracted/msl-labeled-data-set-v2.1/images/1990ML0104300000506066I01_DRCL.jpg,1990ML0104300000506066I01_DRCL,1990,mastcam_left,Artifact
2213ML0117370380804092I01_DRCL.jpg,2,test,2213ML0117370380804092I01_DRCL,True,data/msl/extracted/msl-labeled-data-set-v2.1/images/2213ML0117370380804092I01_DRCL.jpg,2213ML0117370380804092I01_DRCL,2213,mastcam_left,Artifact
1995ML0104501080406205I01_DRCL.jpg,3,test,1995ML0104501080406205I01_DRCL,True,data/msl/extracted/msl-labeled-data-set-v2.1/images/1995ML0104501080406205I01_DRCL.jpg,1995ML0104501080406205I01_DRCL,1995,mastcam_left,Nearby surface
1931MR0100800180900605C00_DRCL.jpg,3,test,1931MR0100800180900605C00_DRCL,True,data/msl/extracted/msl-labeled-data-set-v2.1/images/1931MR0100800180900605C00_DRCL.jpg,1931MR0100800180900605C00_DRCL,1931,mastcam_right,Nearby surface
1946MR0101700010901260C00_DRCL.jpg,3,test,1946MR0101700010901260C00_DRCL,True,data/msl/extracted/msl-labeled-data-set-v2.1/images/1946MR0101700010901260C00_DRCL.jpg,1946MR0101700010901260C00_DRCL,1946,mastcam_right,Nearby surface
2009MR0105840010902481E01_DRCL.jpg,3,test,2009MR0105840010902481E01_DRCL,True,data/msl/extracted/msl-labeled-data-set-v2.1/images/2009MR0105840010902481E01_DRCL.jpg,2009MR0105840010902481E01_DRCL,2009,mastcam_right,Nearby surface
2016ML0106340090800133C00_DRCL.jpg,3,test,2016ML0106340090800133C00_DRCL,True,data/msl/extracted/msl-labeled-data-set-v2.1/images/2016ML0106340090800133C00_DRCL.jpg,2016ML0106340090800133C00_DRCL,2016,mastcam_left,Nearby surface
2029MR0107100100902970D01_DRCL.jpg,13,test,2029MR0107100100902970D01_DRCL,True,data/msl/extracted/msl-labeled-data-set-v2.1/images/2029MR0107100100902970D01_DRCL.jpg,2029MR0107100100902970D01_DRCL,2029,mastcam_right,Mastcam cal target
2013MR0106160020902639C00_DRCL.jpg,14,test,2013MR0106160020902639C00_DRCL,True,data/msl/extracted/msl-labeled-data-set-v2.1/images/2013MR0106160020902639C00_DRCL.jpg,2013MR0106160020902639C00_DRCL,2013,mastcam_right,Sand
2046MR0108300090903347D01_DRCL.jpg,13,test,2046MR0108300090903347D01_DRCL,True,data/msl/extracted/msl-labeled-data-set-v2.1/images/2046MR0108300090903347D01_DRCL.jpg,2046MR0108300090903347D01_DRCL,2046,mastcam_right,Mastcam cal target
1939MR0101330110901020D01_DRCL.jpg,13,test,1939MR0101330110901020D01_DRCL,True,data/msl/extracted/msl-labeled-data-set-v2.1/images/1939MR0101330110901020D01_DRCL.jpg,1939MR0101330110901020D01_DRCL,1939,mastcam_right,Mastcam cal target
2020MR0106550240902813C00_DRCL.jpg,3,test,2020MR0106550240902813C00_DRCL,True,data/msl/extracted/msl-labeled-data-set-v2.1/images/2020MR0106550240902813C00_DRCL.jpg,2020MR0106550240902813C00_DRCL,2020,mastcam_right,Nearby surface
1936MR0101090040900963I01_DRCL.jpg,2,test,1936MR0101090040900963I01_DRCL,True,data/msl/extracted/msl-labeled-data-set-v2.1/images/1936MR0101090040900963I01_DRCL.jpg,1936MR0101090040900963I01_DRCL,1936,mastcam_right,Artifact
2115MH0007570000802473E01_DRCL.jpg,16,test,2115MH0007570000802473E01_DRCL,True,data/msl/extracted/msl-labeled-data-set-v2.1/images/2115MH0007570000802473E01_DRCL.jpg,2115MH0007570000802473E01_DRCL,2115,mahli,Wheel
1938MR0101300040900992I01_DRCL.jpg,2,test,1938MR0101300040900992I01_DRCL,True,data/msl/extracted/msl-labeled-data-set-v2.1/images/1938MR0101300040900992I01_DRCL.jpg,1938MR0101300040900992I01_DRCL,1938,mastcam_right,Artifact
2056ML0108980040800903D01_DRCL.jpg,13,test,2056ML0108980040800903D01_DRCL,True,data/msl/extracted/msl-labeled-data-set-v2.1/images/2056ML0108980040800903D01_DRCL.jpg,2056ML0108980040800903D01_DRCL,2056,mastcam_left,Mastcam cal target
2059MR0109160010903660E01_DRCL.jpg,8,test,2059MR0109160010903660E01_DRCL,True,data/msl/extracted/msl-labeled-data-set-v2.1/images/2059MR0109160010903660E01_DRCL.jpg,2059MR0109160010903660E01_DRCL,2059,mastcam_right,Drill hole
2223MH0007630030803210I01_DRCL.jpg,12,test,2223MH0007630030803210I01_DRCL,True,data/msl/extracted/msl-labeled-data-set-v2.1/images/2223MH0007630030803210I01_DRCL.jpg,2223MH0007630030803210I01_DRCL,2223,mahli,Light-toned veins
2009MR0105830640902472D01_DRCL.jpg,3,test,2009MR0105830640902472D01_DRCL,True,data/msl/extracted/msl-labeled-data-set-v2.1/images/2009MR0105830640902472D01_DRCL.jpg,2009MR0105830640902472D01_DRCL,2009,mastcam_right,Nearby surface
1931ML0100810680704718C00_DRCL.jpg,3,test,1931ML0100810680704718C00_DRCL,True,data/msl/extracted/msl-labeled-data-set-v2.1/images/1931ML0100810680704718C00_DRCL.jpg,1931ML0100810680704718C00_DRCL,1931,mastcam_left,Nearby surface
1930ML0100750040704591E01_DRCL.jpg,3,test,1930ML0100750040704591E01_DRCL,True,data/msl/extracted/msl-labeled-data-set-v2.1/images/1930ML0100750040704591E01_DRCL.jpg,1930ML0100750040704591E01_DRCL,1930,mastcam_left,Nearby surface
2055MR0108810030903486Q01_DRCL.jpg,9,test,2055MR0108810030903486Q01_DRCL,True,data/msl/extracted/msl-labeled-data-set-v2.1/images/2055MR0108810030903486Q01_DRCL.jpg,2055MR0108810030903486Q01_DRCL,2055,mastcam_right,Night sky
2042MH0006580030801647I01_DRCL.jpg,4,test,2042MH0006580030801647I01_DRCL,True,data/msl/extracted/msl-labeled-data-set-v2.1/images/2042MH0006580030801647I01_DRCL.jpg,2042MH0006580030801647I01_DRCL,2042,mahli,Close-up rock
1954MH0001520020704349I01_DRCL.jpg,4,test,1954MH0001520020704349I01_DRCL,True,data/msl/extracted/msl-labeled-data-set-v2.1/images/1954MH0001520020704349I01_DRCL.jpg,1954MH0001520020704349I01_DRCL,1954,mahli,Close-up rock
1976MR0103350010901798I01_DRCL.jpg,2,test,1976MR0103350010901798I01_DRCL,True,data/msl/extracted/msl-labeled-data-set-v2.1/images/1976MR0103350010901798I01_DRCL.jpg,1976MR0103350010901798I01_DRCL,1976,mastcam_right,Artifact
2018MH0006030030800876C00_DRCL.jpg,4,test,2018MH0006030030800876C00_DRCL,True,data/msl/extracted/msl-labeled-data-set-v2.1/images/2018MH0006030030800876C00_DRCL.jpg,2018MH0006030030800876C00_DRCL,2018,mahli,Close-up rock
2153ML0115920360803112C00_DRCL.jpg,3,test,2153ML0115920360803112C00_DRCL,True,data/msl/extracted/msl-labeled-data-set-v2.1/images/2153ML0115920360803112C00_DRCL.jpg,2153ML0115920360803112C00_DRCL,2153,mastcam_left,Nearby surface
2137ML0114650150802873D01_DRCL.jpg,2,test,2137ML0114650150802873D01_DRCL,True,data/msl/extracted/msl-labeled-data-set-v2.1/images/2137ML0114650150802873D01_DRCL.jpg,2137ML0114650150802873D01_DRCL,2137,mastcam_left,Artifact
2102MH0001900000802301I01_DRCL.jpg,2,test,2102MH0001900000802301I01_DRCL,True,data/msl/extracted/msl-labeled-data-set-v2.1/images/2102MH0001900000802301I01_DRCL.jpg,2102MH0001900000802301I01_DRCL,2102,mahli,Artifact
1950MR0102020260901350D01_DRCL.jpg,3,test,1950MR0102020260901350D01_DRCL,True,data/msl/extracted/msl-labeled-data-set-v2.1/images/1950MR0102020260901350D01_DRCL.jpg,1950MR0102020260901350D01_DRCL,1950,mastcam_right,Nearby surface
2065MR0109540020903718I01_DRCL.jpg,3,test,2065MR0109540020903718I01_DRCL,True,data/msl/extracted/msl-labeled-data-set-v2.1/images/2065MR0109540020903718I01_DRCL.jpg,2065MR0109540020903718I01_DRCL,2065,mastcam_right,Nearby surface
1939MR0101320220901016D01_DRCL.jpg,3,test,1939MR0101320220901016D01_DRCL,True,data/msl/extracted/msl-labeled-data-set-v2.1/images/1939MR0101320220901016D01_DRCL.jpg,1939MR0101320220901016D01_DRCL,1939,mastcam_right,Nearby surface
1988MH0002640000800038E02_DRCL.jpg,16,test,1988MH0002640000800038E02_DRCL,True,data/msl/extracted/msl-labeled-data-set-v2.1/images/1988MH0002640000800038E02_DRCL.jpg,1988MH0002640000800038E02_DRCL,1988,mahli,Wheel
2097MR0111900010604359I01_DRCL.jpg,15,test,2097MR0111900010604359I01_DRCL,True,data/msl/extracted/msl-labeled-data-set-v2.1/images/2097MR0111900010604359I01_DRCL.jpg,2097MR0111900010604359I01_DRCL,2097,mastcam_right,Sun
2160ML0116300440803311C00_DRCL.jpg,3,test,2160ML0116300440803311C00_DRCL,True,data/msl/extracted/msl-labeled-data-set-v2.1/images/2160ML0116300440803311C00_DRCL.jpg,2160ML0116300440803311C00_DRCL,2160,mastcam_left,Nearby surface
2220MH0007630030803086I01_DRCL.jpg,4,test,2220MH0007630030803086I01_DRCL,True,data/msl/extracted/msl-labeled-data-set-v2.1/images/2220MH0007630030803086I01_DRCL.jpg,2220MH0007630030803086I01_DRCL,2220,mahli,Close-up rock
1988MH0002970020800067I01_DRCL.jpg,4,test,1988MH0002970020800067I01_DRCL,True,data/msl/extracted/msl-labeled-data-set-v2.1/images/1988MH0002970020800067I01_DRCL.jpg,1988MH0002970020800067I01_DRCL,1988,mahli,Close-up rock
2055MH0006990030801859I01_DRCL.jpg,12,test,2055MH0006990030801859I01_DRCL,True,data/msl/extracted/msl-labeled-data-set-v2.1/images/2055MH0006990030801859I01_DRCL.jpg,2055MH0006990030801859I01_DRCL,2055,mahli,Light-toned veins
1934MR0101050000900844E01_DRCL.jpg,5,test,1934MR0101050000900844E01_DRCL,True,data/msl/extracted/msl-labeled-data-set-v2.1/images/1934MR0101050000900844E01_DRCL.jpg,1934MR0101050000900844E01_DRCL,1934,mastcam_right,DRT
1931MR0100820070900749C00_DRCL.jpg,7,test,1931MR0100820070900749C00_DRCL,True,data/msl/extracted/msl-labeled-data-set-v2.1/images/1931MR0100820070900749C00_DRCL.jpg,1931MR0100820070900749C00_DRCL,1931,mastcam_right,Distant landscape
2135MR0114500020205009I01_DRCL.jpg,2,test,2135MR0114500020205009I01_DRCL,True,data/msl/extracted/msl-labeled-data-set-v2.1/images/2135MR0114500020205009I01_DRCL.jpg,2135MR0114500020205009I01_DRCL,2135,mastcam_right,Artifact
1972ML0103150010605669Q01_DRCL.jpg,7,test,1972ML0103150010605669Q01_DRCL,True,data/msl/extracted/msl-labeled-data-set-v2.1/images/1972ML0103150010605669Q01_DRCL.jpg,1972ML0103150010605669Q01_DRCL,1972,mastcam_left,Distant landscape
1936MR0101070190900864D01_DRCL.jpg,3,test,1936MR0101070190900864D01_DRCL,True,data/msl/extracted/msl-labeled-data-set-v2.1/images/1936MR0101070190900864D01_DRCL.jpg,1936MR0101070190900864D01_DRCL,1936,mastcam_right,Nearby surface
2036ML0107480000800505D01_DRCL.jpg,13,test,2036ML0107480000800505D01_DRCL,True,data/msl/extracted/msl-labeled-data-set-v2.1/images/2036ML0107480000800505D01_DRCL.jpg,2036ML0107480000800505D01_DRCL,2036,mastcam_left,Mastcam cal target
2059ML0109170040800934D01_DRCL.jpg,13,test,2059ML0109170040800934D01_DRCL,True,data/msl/extracted/msl-labeled-data-set-v2.1/images/2059ML0109170040800934D01_DRCL.jpg,2059ML0109170040800934D01_DRCL,2059,mastcam_left,Mastcam cal target
1998MR0104730050902123D01_DRCL.jpg,3,test,1998MR0104730050902123D01_DRCL,True,data/msl/extracted/msl-labeled-data-set-v2.1/images/1998MR0104730050902123D01_DRCL.jpg,1998MR0104730050902123D01_DRCL,1998,mastcam_right,Nearby surface
2013ML0106100160800070D01_DRCL.jpg,3,test,2013ML0106100160800070D01_DRCL,True,data/msl/extracted/msl-labeled-data-set-v2.1/images/2013ML0106100160800070D01_DRCL.jpg,2013ML0106100160800070D01_DRCL,2013,mastcam_left,Nearby surface
1922MR0100300330900445I01_DRCL.jpg,2,test,1922MR0100300330900445I01_DRCL,True,data/msl/extracted/msl-labeled-data-set-v2.1/images/1922MR0100300330900445I01_DRCL.jpg,1922MR0100300330900445I01_DRCL,1922,mastcam_right,Artifact
2009ML0105810090306794D01_DRCL.jpg,1,test,2009ML0105810090306794D01_DRCL,True,data/msl/extracted/msl-labeled-data-set-v2.1/images/2009ML0105810090306794D01_DRCL.jpg,2009ML0105810090306794D01_DRCL,2009,mastcam_left,Other rover part
1964MR0102720170901655E01_DRCL.jpg,3,test,1964MR0102720170901655E01_DRCL,True,data/msl/extracted/msl-labeled-data-set-v2.1/images/1964MR0102720170901655E01_DRCL.jpg,1964MR0102720170901655E01_DRCL,1964,mastcam_right,Nearby surface
2123MR0113710120404855D01_DRCL.jpg,8,test,2123MR0113710120404855D01_DRCL,True,data/msl/extracted/msl-labeled-data-set-v2.1/images/2123MR0113710120404855D01_DRCL.jpg,2123MR0113710120404855D01_DRCL,2123,mastcam_right,Drill hole
2102ML0112180000802008E01_DRCL.jpg,7,test,2102ML0112180000802008E01_DRCL,True,data/msl/extracted/msl-labeled-data-set-v2.1/images/2102ML0112180000802008E01_DRCL.jpg,2102ML0112180000802008E01_DRCL,2102,mastcam_left,Distant landscape
2038MR0107700070903202I01_DRCL.jpg,2,test,2038MR0107700070903202I01_DRCL,True,data/msl/extracted/msl-labeled-data-set-v2.1/images/2038MR0107700070903202I01_DRCL.jpg,2038MR0107700070903202I01_DRCL,2038,mastcam_right,Artifact
2101MR0112120100604424D01_DRCL.jpg,6,test,2101MR0112120100604424D01_DRCL,True,data/msl/extracted/msl-labeled-data-set-v2.1/images/2101MR0112120100604424D01_DRCL.jpg,2101MR0112120100604424D01_DRCL,2101,mastcam_right,DRT spot
2023ML0106800030800221C00_DRCL.jpg,3,test,2023ML0106800030800221C00_DRCL,True,data/msl/extracted/msl-labeled-data-set-v2.1/images/2023ML0106800030800221C00_DRCL.jpg,2023ML0106800030800221C00_DRCL,2023,mastcam_left,Nearby surface
2086ML0111150140801527E01_DRCL.jpg,2,test,2086ML0111150140801527E01_DRCL,True,data/msl/extracted/msl-labeled-data-set-v2.1/images/2086ML0111150140801527E01_DRCL.jpg,2086ML0111150140801527E01_DRCL,2086,mastcam_left,Artifact
1978MR0103420140901821D01_DRCL.jpg,8,test,1978MR0103420140901821D01_DRCL,True,data/msl/extracted/msl-labeled-data-set-v2.1/images/1978MR0103420140901821D01_DRCL.jpg,1978MR0103420140901821D01_DRCL,1978,mastcam_right,Drill hole
2093MR0111630790604256C00_DRCL.jpg,11,test,2093MR0111630790604256C00_DRCL,True,data/msl/extracted/msl-labeled-data-set-v2.1/images/2093MR0111630790604256C00_DRCL.jpg,2093MR0111630790604256C00_DRCL,2093,mastcam_right,Layers
2162ML0116440100803523I01_DRCL.jpg,2,test,2162ML0116440100803523I01_DRCL,True,data/msl/extracted/msl-labeled-data-set-v2.1/images/2162ML0116440100803523I01_DRCL.jpg,2162ML0116440100803523I01_DRCL,2162,mastcam_left,Artifact
2160MR0116320280205479C00_DRCL.jpg,3,test,2160MR0116320280205479C00_DRCL,True,data/msl/extracted/msl-labeled-data-set-v2.1/images/2160MR0116320280205479C00_DRCL.jpg,2160MR0116320280205479C00_DRCL,2160,mastcam_right,Nearby surface
2139MR0114780000205095I01_DRCL.jpg,2,test,2139MR0114780000205095I01_DRCL,True,data/msl/extracted/msl-labeled-data-set-v2.1/images/2139MR0114780000205095I01_DRCL.jpg,2139MR0114780000205095I01_DRCL,2139,mastcam_right,Artifact
1931MR0100810420900674C00_DRCL.jpg,3,test,1931MR0100810420900674C00_DRCL,True,data/msl/extracted/msl-labeled-data-set-v2.1/images/1931MR0100810420900674C00_DRCL.jpg,1931MR0100810420900674C00_DRCL,1931,mastcam_right,Nearby surface
1932MH0003210020703568C00_DRCL.jpg,4,test,1932MH0003210020703568C00_DRCL,True,data/msl/extracted/msl-labeled-data-set-v2.1/images/1932MH0003210020703568C00_DRCL.jpg,1932MH0003210020703568C00_DRCL,1932,mahli,Close-up rock
2080MR0110490480903927D01_DRCL.jpg,2,test,2080MR0110490480903927D01_DRCL,True,data/msl/extracted/msl-labeled-data-set-v2.1/images/2080MR0110490480903927D01_DRCL.jpg,2080MR0110490480903927D01_DRCL,2080,mastcam_right,Artifact
2137ML0114600160802694C00_DRCL.jpg,7,test,2137ML0114600160802694C00_DRCL,True,data/msl/extracted/msl-labeled-data-set-v2.1/images/2137ML0114600160802694C00_DRCL.jpg,2137ML0114600160802694C00_DRCL,2137,mastcam_left,Distant landscape
2057ML0109090000800918E01_DRCL.jpg,7,test,2057ML0109090000800918E01_DRCL,True,data/msl/extracted/msl-labeled-data-set-v2.1/images/2057ML0109090000800918E01_DRCL.jpg,2057ML0109090000800918E01_DRCL,2057,mastcam_left,Distant landscape
2156ML0116160170803178E01_DRCL.jpg,3,test,2156ML0116160170803178E01_DRCL,True,data/msl/extracted/msl-labeled-data-set-v2.1/images/2156ML0116160170803178E01_DRCL.jpg,2156ML0116160170803178E01_DRCL,2156,mastcam_left,Nearby surface
1931MR0100800260900613C00_DRCL.jpg,3,test,1931MR0100800260900613C00_DRCL,True,data/msl/extracted/msl-labeled-data-set-v2.1/images/1931MR0100800260900613C00_DRCL.jpg,1931MR0100800260900613C00_DRCL,1931,mastcam_right,Nearby surface
1957ML0102320200605288I01_DRCL.jpg,2,test,1957ML0102320200605288I01_DRCL,True,data/msl/extracted/msl-labeled-data-set-v2.1/images/1957ML0102320200605288I01_DRCL.jpg,1957ML0102320200605288I01_DRCL,1957,mastcam_left,Artifact
2054MR0108850010903451I01_DRCL.jpg,15,test,2054MR0108850010903451I01_DRCL,True,data/msl/extracted/msl-labeled-data-set-v2.1/images/2054MR0108850010903451I01_DRCL.jpg,2054MR0108850010903451I01_DRCL,2054,mastcam_right,Sun
2042MH0007060000801577I01_DRCL.jpg,2,test,2042MH0007060000801577I01_DRCL,True,data/msl/extracted/msl-labeled-data-set-v2.1/images/2042MH0007060000801577I01_DRCL.jpg,2042MH0007060000801577I01_DRCL,2042,mahli,Artifact
1931ML0100810090704659C00_DRCL.jpg,3,test,1931ML0100810090704659C00_DRCL,True,data/msl/extracted/msl-labeled-data-set-v2.1/images/1931ML0100810090704659C00_DRCL.jpg,1931ML0100810090704659C00_DRCL,1931,mastcam_left,Nearby surface
1988MR0104180080901982C00_DRCL.jpg,3,test,1988MR0104180080901982C00_DRCL,True,data/msl/extracted/msl-labeled-data-set-v2.1/images/1988MR0104180080901982C00_DRCL.jpg,1988MR0104180080901982C00_DRCL,1988,mastcam_right,Nearby surface
1995ML0104501090406206I01_DRCL.jpg,3,test,1995ML0104501090406206I01_DRCL,True,data/msl/extracted/msl-labeled-data-set-v2.1/images/1995ML0104501090406206I01_DRCL.jpg,1995ML0104501090406206I01_DRCL,1995,mastcam_left,Nearby surface
1998ML0104710130306327D01_DRCL.jpg,3,test,1998ML0104710130306327D01_DRCL,True,data/msl/extracted/msl-labeled-data-set-v2.1/images/1998ML0104710130306327D01_DRCL.jpg,1998ML0104710130306327D01_DRCL,1998,mastcam_left,Nearby surface
2124MR0113770050404871D01_DRCL.jpg,3,test,2124MR0113770050404871D01_DRCL,True,data/msl/extracted/msl-labeled-data-set-v2.1/images/2124MR0113770050404871D01_DRCL.jpg,2124MR0113770050404871D01_DRCL,2124,mastcam_right,Nearby surface
2038ML0107700330800627I01_DRCL.jpg,2,test,2038ML0107700330800627I01_DRCL,True,data/msl/extracted/msl-labeled-data-set-v2.1/images/2038ML0107700330800627I01_DRCL.jpg,2038ML0107700330800627I01_DRCL,2038,mastcam_left,Artifact
2165ML0116600010803650C00_DRCL.jpg,3,test,2165ML0116600010803650C00_DRCL,True,data/msl/extracted/msl-labeled-data-set-v2.1/images/2165ML0116600010803650C00_DRCL.jpg,2165ML0116600010803650C00_DRCL,2165,mastcam_left,Nearby surface
2008MR0105710040902379C00_DRCL.jpg,3,test,2008MR0105710040902379C00_DRCL,True,data/msl/extracted/msl-labeled-data-set-v2.1/images/2008MR0105710040902379C00_DRCL.jpg,2008MR0105710040902379C00_DRCL,2008,mastcam_right,Nearby surface
1931MH0003860020703542I01_DRCL.jpg,4,test,1931MH0003860020703542I01_DRCL,True,data/msl/extracted/msl-labeled-data-set-v2.1/images/1931MH0003860020703542I01_DRCL.jpg,1931MH0003860020703542I01_DRCL,1931,mahli,Close-up rock
2036MR0107490070903103D01_DRCL.jpg,11,test,2036MR0107490070903103D01_DRCL,True,data/msl/extracted/msl-labeled-data-set-v2.1/images/2036MR0107490070903103D01_DRCL.jpg,2036MR0107490070903103D01_DRCL,2036,mastcam_right,Layers
2055MR0108810030903468Q01_DRCL.jpg,9,test,2055MR0108810030903468Q01_DRCL,True,data/msl/extracted/msl-labeled-data-set-v2.1/images/2055MR0108810030903468Q01_DRCL.jpg,2055MR0108810030903468Q01_DRCL,2055,mastcam_right,Night sky
2163ML0116520000803591E01_DRCL.jpg,3,test,2163ML0116520000803591E01_DRCL,True,data/msl/extracted/msl-labeled-data-set-v2.1/images/2163ML0116520000803591E01_DRCL.jpg,2163ML0116520000803591E01_DRCL,2163,mastcam_left,Nearby surface
2149ML0115440010803057C00_DRCL.jpg,15,test,2149ML0115440010803057C00_DRCL,True,data/msl/extracted/msl-labeled-data-set-v2.1/images/2149ML0115440010803057C00_DRCL.jpg,2149ML0115440010803057C00_DRCL,2149,mastcam_left,Sun
1980ML0103670030605870D01_DRCL.jpg,13,test,1980ML0103670030605870D01_DRCL,True,data/msl/extracted/msl-labeled-data-set-v2.1/images/1980ML0103670030605870D01_DRCL.jpg,1980ML0103670030605870D01_DRCL,1980,mastcam_left,Mastcam cal target
1925MH0002910020703240C00_DRCL.jpg,4,test,1925MH0002910020703240C00_DRCL,True,data/msl/extracted/msl-labeled-data-set-v2.1/images/1925MH0002910020703240C00_DRCL.jpg,1925MH0002910020703240C00_DRCL,1925,mahli,Close-up rock
1964ML0102720080605426E01_DRCL.jpg,3,test,1964ML0102720080605426E01_DRCL,True,data/msl/extracted/msl-labeled-data-set-v2.1/images/1964ML0102720080605426E01_DRCL.jpg,1964ML0102720080605426E01_DRCL,1964,mastcam_left,Nearby surface
2066MR0109710000903761E01_DRCL.jpg,3,test,2066MR0109710000903761E01_DRCL,True,data/msl/extracted/msl-labeled-data-set-v2.1/images/2066MR0109710000903761E01_DRCL.jpg,2066MR0109710000903761E01_DRCL,2066,mastcam_right,Nearby surface
1923ML0100390040704468E01_DRCL.jpg,3,test,1923ML0100390040704468E01_DRCL,True,data/msl/extracted/msl-labeled-data-set-v2.1/images/1923ML0100390040704468E01_DRCL.jpg,1923ML0100390040704468E01_DRCL,1923,mastcam_left,Nearby surface
2119MH0002910010802488C00_DRCL.jpg,12,test,2119MH0002910010802488C00_DRCL,True,data/msl/extracted/msl-labeled-data-set-v2.1/images/2119MH0002910010802488C00_DRCL.jpg,2119MH0002910010802488C00_DRCL,2119,mahli,Light-toned veins
2171ML0116940060803944I01_DRCL.jpg,13,test,2171ML0116940060803944I01_DRCL,True,data/msl/extracted/msl-labeled-data-set-v2.1/images/2171ML0116940060803944I01_DRCL.jpg,2171ML0116940060803944I01_DRCL,2171,mastcam_left,Mastcam cal target
2153MR0115920010205313C00_DRCL.jpg,3,test,2153MR0115920010205313C00_DRCL,True,data/msl/extracted/msl-labeled-data-set-v2.1/images/2153MR0115920010205313C00_DRCL.jpg,2153MR0115920010205313C00_DRCL,2153,mastcam_right,Nearby surface
2019MH0007110030801043C00_DRCL.jpg,4,test,2019MH0007110030801043C00_DRCL,True,data/msl/extracted/msl-labeled-data-set-v2.1/images/2019MH0007110030801043C00_DRCL.jpg,2019MH0007110030801043C00_DRCL,2019,mahli,Close-up rock
2166MH0001900000802796I01_DRCL.jpg,4,test,2166MH0001900000802796I01_DRCL,True,data/msl/extracted/msl-labeled-data-set-v2.1/images/2166MH0001900000802796I01_DRCL.jpg,2166MH0001900000802796I01_DRCL,2166,mahli,Close-up rock
1966MH0007050010704623C00_DRCL.jpg,4,test,1966MH0007050010704623C00_DRCL,True,data/msl/extracted/msl-labeled-data-set-v2.1/images/1966MH0007050010704623C00_DRCL.jpg,1966MH0007050010704623C00_DRCL,1966,mahli,Close-up rock
1922ML0100300050704406I01_DRCL.jpg,2,test,1922ML0100300050704406I01_DRCL,True,data/msl/extracted/msl-labeled-data-set-v2.1/images/1922ML0100300050704406I01_DRCL.jpg,1922ML0100300050704406I01_DRCL,1922,mastcam_left,Artifact
2062ML0109340010800951E01_DRCL.jpg,3,test,2062ML0109340010800951E01_DRCL,True,data/msl/extracted/msl-labeled-data-set-v2.1/images/2062ML0109340010800951E01_DRCL.jpg,2062ML0109340010800951E01_DRCL,2062,mastcam_left,Nearby surface
2173MR0095220000105781I01_DRCL.jpg,2,test,2173MR0095220000105781I01_DRCL,True,data/msl/extracted/msl-labeled-data-set-v2.1/images/2173MR0095220000105781I01_DRCL.jpg,2173MR0095220000105781I01_DRCL,2173,mastcam_right,Artifact
2083MR0110800020903992C00_DRCL.jpg,8,test,2083MR0110800020903992C00_DRCL,True,data/msl/extracted/msl-labeled-data-set-v2.1/images/2083MR0110800020903992C00_DRCL.jpg,2083MR0110800020903992C00_DRCL,2083,mastcam_right,Drill hole
2000MH0002990020800285I01_DRCL.jpg,4,test,2000MH0002990020800285I01_DRCL,True,data/msl/extracted/msl-labeled-data-set-v2.1/images/2000MH0002990020800285I01_DRCL.jpg,2000MH0002990020800285I01_DRCL,2000,mahli,Close-up rock
1966MH0007060000704635I01_DRCL.jpg,4,test,1966MH0007060000704635I01_DRCL,True,data/msl/extracted/msl-labeled-data-set-v2.1/images/1966MH0007060000704635I01_DRCL.jpg,1966MH0007060000704635I01_DRCL,1966,mahli,Close-up rock
1940MH0004280010703941C00_DRCL.jpg,4,test,1940MH0004280010703941C00_DRCL,True,data/msl/extracted/msl-labeled-data-set-v2.1/images/1940MH0004280010703941C00_DRCL.jpg,1940MH0004280010703941C00_DRCL,1940,mahli,Close-up rock
2005ML0105440030306613D01_DRCL.jpg,13,test,2005ML0105440030306613D01_DRCL,True,data/msl/extracted/msl-labeled-data-set-v2.1/images/2005ML0105440030306613D01_DRCL.jpg,2005ML0105440030306613D01_DRCL,2005,mastcam_left,Mastcam cal target
2150MR0115740010205287E01_DRCL.jpg,3,test,2150MR0115740010205287E01_DRCL,True,data/msl/extracted/msl-labeled-data-set-v2.1/images/2150MR0115740010205287E01_DRCL.jpg,2150MR0115740010205287E01_DRCL,2150,mastcam_right,Nearby surface
2080ML0110490130801363D01_DRCL.jpg,2,test,2080ML0110490130801363D01_DRCL,True,data/msl/extracted/msl-labeled-data-set-v2.1/images/2080ML0110490130801363D01_DRCL.jpg,2080ML0110490130801363D01_DRCL,2080,mastcam_left,Artifact
2102MH0003080020802310I01_DRCL.jpg,4,test,2102MH0003080020802310I01_DRCL,True,data/msl/extracted/msl-labeled-data-set-v2.1/images/2102MH0003080020802310I01_DRCL.jpg,2102MH0003080020802310I01_DRCL,2102,mahli,Close-up rock
2050MR0108630000903380I01_DRCL.jpg,2,test,2050MR0108630000903380I01_DRCL,True,data/msl/extracted/msl-labeled-data-set-v2.1/images/2050MR0108630000903380I01_DRCL.jpg,2050MR0108630000903380I01_DRCL,2050,mastcam_right,Artifact
1943MH0005200020704086I01_DRCL.jpg,1,test,1943MH0005200020704086I01_DRCL,True,data/msl/extracted/msl-labeled-data-set-v2.1/images/1943MH0005200020704086I01_DRCL.jpg,1943MH0005200020704086I01_DRCL,1943,mahli,Other rover part
2013MH0007230030800606I01_DRCL.jpg,4,test,2013MH0007230030800606I01_DRCL,True,data/msl/extracted/msl-labeled-data-set-v2.1/images/2013MH0007230030800606I01_DRCL.jpg,2013MH0007230030800606I01_DRCL,2013,mahli,Close-up rock
2115MR0113230000404711I01_DRCL.jpg,2,test,2115MR0113230000404711I01_DRCL,True,data/msl/extracted/msl-labeled-data-set-v2.1/images/2115MR0113230000404711I01_DRCL.jpg,2115MR0113230000404711I01_DRCL,2115,mastcam_right,Artifact
2114MH0007550010802460C00_DRCL.jpg,2,test,2114MH0007550010802460C00_DRCL,True,data/msl/extracted/msl-labeled-data-set-v2.1/images/2114MH0007550010802460C00_DRCL.jpg,2114MH0007550010802460C00_DRCL,2114,mahli,Artifact
2007MR0105620060902360D01_DRCL.jpg,3,test,2007MR0105620060902360D01_DRCL,True,data/msl/extracted/msl-labeled-data-set-v2.1/images/2007MR0105620060902360D01_DRCL.jpg,2007MR0105620060902360D01_DRCL,2007,mastcam_right,Nearby surface
2171ML0116950320803948I01_DRCL.jpg,2,test,2171ML0116950320803948I01_DRCL,True,data/msl/extracted/msl-labeled-data-set-v2.1/images/2171ML0116950320803948I01_DRCL.jpg,2171ML0116950320803948I01_DRCL,2171,mastcam_left,Artifact
2040ML0107820020800680E01_DRCL.jpg,0,test,2040ML0107820020800680E01_DRCL,True,data/msl/extracted/msl-labeled-data-set-v2.1/images/2040ML0107820020800680E01_DRCL.jpg,2040ML0107820020800680E01_DRCL,2040,mastcam_left,Arm cover
2018MH0007210030800900C00_DRCL.jpg,4,test,2018MH0007210030800900C00_DRCL,True,data/msl/extracted/msl-labeled-data-set-v2.1/images/2018MH0007210030800900C00_DRCL.jpg,2018MH0007210030800900C00_DRCL,2018,mahli,Close-up rock
2010ML0105920070306848D01_DRCL.jpg,2,test,2010ML0105920070306848D01_DRCL,True,data/msl/extracted/msl-labeled-data-set-v2.1/images/2010ML0105920070306848D01_DRCL.jpg,2010ML0105920070306848D01_DRCL,2010,mastcam_left,Artifact
2077MR0110350460903835D01_DRCL.jpg,2,test,2077MR0110350460903835D01_DRCL,True,data/msl/extracted/msl-labeled-data-set-v2.1/images/2077MR0110350460903835D01_DRCL.jpg,2077MR0110350460903835D01_DRCL,2077,mastcam_right,Artifact
1931MR0100810110900643C00_DRCL.jpg,3,test,1931MR0100810110900643C00_DRCL,True,data/msl/extracted/msl-labeled-data-set-v2.1/images/1931MR0100810110900643C00_DRCL.jpg,1931MR0100810110900643C00_DRCL,1931,mastcam_right,Nearby surface
1950MR0102090000901378E01_DRCL.jpg,3,test,1950MR0102090000901378E01_DRCL,True,data/msl/extracted/msl-labeled-data-set-v2.1/images/1950MR0102090000901378E01_DRCL.jpg,1950MR0102090000901378E01_DRCL,1950,mastcam_right,Nearby surface
1961MH0004630040704466I01_DRCL.jpg,4,test,1961MH0004630040704466I01_DRCL,True,data/msl/extracted/msl-labeled-data-set-v2.1/images/1961MH0004630040704466I01_DRCL.jpg,1961MH0004630040704466I01_DRCL,1961,mahli,Close-up rock
2086ML0111120010801508E01_DRCL.jpg,14,test,2086ML0111120010801508E01_DRCL,True,data/msl/extracted/msl-labeled-data-set-v2.1/images/2086ML0111120010801508E01_DRCL.jpg,2086ML0111120010801508E01_DRCL,2086,mastcam_left,Sand
2001MH0007210030800327I01_DRCL.jpg,4,test,2001MH0007210030800327I01_DRCL,True,data/msl/extracted/msl-labeled-data-set-v2.1/images/2001MH0007210030800327I01_DRCL.jpg,2001MH0007210030800327I01_DRCL,2001,mahli,Close-up rock
2156ML0116180040803194E01_DRCL.jpg,7,test,2156ML0116180040803194E01_DRCL,True,data/msl/extracted/msl-labeled-data-set-v2.1/images/2156ML0116180040803194E01_DRCL.jpg,2156ML0116180040803194E01_DRCL,2156,mastcam_left,Distant landscape
1935MH0007140030703749C00_DRCL.jpg,4,test,1935MH0007140030703749C00_DRCL,True,data/msl/extracted/msl-labeled-data-set-v2.1/images/1935MH0007140030703749C00_DRCL.jpg,1935MH0007140030703749C00_DRCL,1935,mahli,Close-up rock
1925MH0005180000703231I01_DRCL.jpg,4,test,1925MH0005180000703231I01_DRCL,True,data/msl/extracted/msl-labeled-data-set-v2.1/images/1925MH0005180000703231I01_DRCL.jpg,1925MH0005180000703231I01_DRCL,1925,mahli,Close-up rock
1986MR0104100020901937D01_DRCL.jpg,3,test,1986MR0104100020901937D01_DRCL,True,data/msl/extracted/msl-labeled-data-set-v2.1/images/1986MR0104100020901937D01_DRCL.jpg,1986MR0104100020901937D01_DRCL,1986,mastcam_right,Nearby surface
1935MH0007210030703732C00_DRCL.jpg,12,test,1935MH0007210030703732C00_DRCL,True,data/msl/extracted/msl-labeled-data-set-v2.1/images/1935MH0007210030703732C00_DRCL.jpg,1935MH0007210030703732C00_DRCL,1935,mahli,Light-toned veins
1984ML0103860050605889I01_DRCL.jpg,2,test,1984ML0103860050605889I01_DRCL,True,data/msl/extracted/msl-labeled-data-set-v2.1/images/1984ML0103860050605889I01_DRCL.jpg,1984ML0103860050605889I01_DRCL,1984,mastcam_left,Artifact
2160ML0116300620803329D01_DRCL.jpg,3,test,2160ML0116300620803329D01_DRCL,True,data/msl/extracted/msl-labeled-data-set-v2.1/images/2160ML0116300620803329D01_DRCL.jpg,2160ML0116300620803329D01_DRCL,2160,mastcam_left,Nearby surface
2165MR0116600000205578I01_DRCL.jpg,2,test,2165MR0116600000205578I01_DRCL,True,data/msl/extracted/msl-labeled-data-set-v2.1/images/2165MR0116600000205578I01_DRCL.jpg,2165MR0116600000205578I01_DRCL,2165,mastcam_right,Artifact
1980MR0103660100901855D01_DRCL.jpg,6,test,1980MR0103660100901855D01_DRCL,True,data/msl/extracted/msl-labeled-data-set-v2.1/images/1980MR0103660100901855D01_DRCL.jpg,1980MR0103660100901855D01_DRCL,1980,mastcam_right,DRT spot
1943MH0003900010704046E01_DRCL.jpg,3,test,1943MH0003900010704046E01_DRCL,True,data/msl/extracted/msl-labeled-data-set-v2.1/images/1943MH0003900010704046E01_DRCL.jpg,1943MH0003900010704046E01_DRCL,1943,mahli,Nearby surface
2109MR0112590000404581E01_DRCL.jpg,5,test,2109MR0112590000404581E01_DRCL,True,data/msl/extracted/msl-labeled-data-set-v2.1/images/2109MR0112590000404581E01_DRCL.jpg,2109MR0112590000404581E01_DRCL,2109,mastcam_right,DRT
1931MR0100820660900808C00_DRCL.jpg,7,test,1931MR0100820660900808C00_DRCL,True,data/msl/extracted/msl-labeled-data-set-v2.1/images/1931MR0100820660900808C00_DRCL.jpg,1931MR0100820660900808C00_DRCL,1931,mastcam_right,Distant landscape
2019MH0007400030801092C00_DRCL.jpg,4,test,2019MH0007400030801092C00_DRCL,True,data/msl/extracted/msl-labeled-data-set-v2.1/images/2019MH0007400030801092C00_DRCL.jpg,2019MH0007400030801092C00_DRCL,2019,mahli,Close-up rock
1995ML0104501100406207I01_DRCL.jpg,3,test,1995ML0104501100406207I01_DRCL,True,data/msl/extracted/msl-labeled-data-set-v2.1/images/1995ML0104501100406207I01_DRCL.jpg,1995ML0104501100406207I01_DRCL,1995,mastcam_left,Nearby surface
2137ML0114640000802854I01_DRCL.jpg,2,test,2137ML0114640000802854I01_DRCL,True,data/msl/extracted/msl-labeled-data-set-v2.1/images/2137ML0114640000802854I01_DRCL.jpg,2137ML0114640000802854I01_DRCL,2137,mastcam_left,Artifact
1940MR0101430150901155C00_DRCL.jpg,3,test,1940MR0101430150901155C00_DRCL,True,data/msl/extracted/msl-labeled-data-set-v2.1/images/1940MR0101430150901155C00_DRCL.jpg,1940MR0101430150901155C00_DRCL,1940,mastcam_right,Nearby surface
2127MH0001730020802601I01_DRCL.jpg,4,test,2127MH0001730020802601I01_DRCL,True,data/msl/extracted/msl-labeled-data-set-v2.1/images/2127MH0001730020802601I01_DRCL.jpg,2127MH0001730020802601I01_DRCL,2127,mahli,Close-up rock
1991MH0002990020800139I01_DRCL.jpg,4,test,1991MH0002990020800139I01_DRCL,True,data/msl/extracted/msl-labeled-data-set-v2.1/images/1991MH0002990020800139I01_DRCL.jpg,1991MH0002990020800139I01_DRCL,1991,mahli,Close-up rock
1988ML0104210010506032D01_DRCL.jpg,13,test,1988ML0104210010506032D01_DRCL,True,data/msl/extracted/msl-labeled-data-set-v2.1/images/1988ML0104210010506032D01_DRCL.jpg,1988ML0104210010506032D01_DRCL,1988,mastcam_left,Mastcam cal target
2161ML0116380170803474D01_DRCL.jpg,7,test,2161ML0116380170803474D01_DRCL,True,data/msl/extracted/msl-labeled-data-set-v2.1/images/2161ML0116380170803474D01_DRCL.jpg,2161ML0116380170803474D01_DRCL,2161,mastcam_left,Distant landscape
1991ML0104380050506086E01_DRCL.jpg,3,test,1991ML0104380050506086E01_DRCL,True,data/msl/extracted/msl-labeled-data-set-v2.1/images/1991ML0104380050506086E01_DRCL.jpg,1991ML0104380050506086E01_DRCL,1991,mastcam_left,Nearby surface
1967MR0102870070901688D01_DRCL.jpg,3,test,1967MR0102870070901688D01_DRCL,True,data/msl/extracted/msl-labeled-data-set-v2.1/images/1967MR0102870070901688D01_DRCL.jpg,1967MR0102870070901688D01_DRCL,1967,mastcam_right,Nearby surface
2018MH0006990020800860C00_DRCL.jpg,4,test,2018MH0006990020800860C00_DRCL,True,data/msl/extracted/msl-labeled-data-set-v2.1/images/2018MH0006990020800860C00_DRCL.jpg,2018MH0006990020800860C00_DRCL,2018,mahli,Close-up rock
2132MH0001730020802672C00_DRCL.jpg,12,test,2132MH0001730020802672C00_DRCL,True,data/msl/extracted/msl-labeled-data-set-v2.1/images/2132MH0001730020802672C00_DRCL.jpg,2132MH0001730020802672C00_DRCL,2132,mahli,Light-toned veins
2105ML0112360390802129D01_DRCL.jpg,2,test,2105ML0112360390802129D01_DRCL,True,data/msl/extracted/msl-labeled-data-set-v2.1/images/2105ML0112360390802129D01_DRCL.jpg,2105ML0112360390802129D01_DRCL,2105,mastcam_left,Artifact
2082MH0007480020802105I01_DRCL.jpg,4,test,2082MH0007480020802105I01_DRCL,True,data/msl/extracted/msl-labeled-data-set-v2.1/images/2082MH0007480020802105I01_DRCL.jpg,2082MH0007480020802105I01_DRCL,2082,mahli,Close-up rock
2115ML0113170010802335E01_DRCL.jpg,17,test,2115ML0113170010802335E01_DRCL,True,data/msl/extracted/msl-labeled-data-set-v2.1/images/2115ML0113170010802335E01_DRCL.jpg,2115ML0113170010802335E01_DRCL,2115,mastcam_left,Wheel joint
2002ML0105050020306445D01_DRCL.jpg,7,test,2002ML0105050020306445D01_DRCL,True,data/msl/extracted/msl-labeled-data-set-v2.1/images/2002ML0105050020306445D01_DRCL.jpg,2002ML0105050020306445D01_DRCL,2002,mastcam_left,Distant landscape
1925MR0100490010900521E01_DRCL.jpg,3,test,1925MR0100490010900521E01_DRCL,True,data/msl/extracted/msl-labeled-data-set-v2.1/images/1925MR0100490010900521E01_DRCL.jpg,1925MR0100490010900521E01_DRCL,1925,mastcam_right,Nearby surface
1985MR0104000000901928E01_DRCL.jpg,3,test,1985MR0104000000901928E01_DRCL,True,data/msl/extracted/msl-labeled-data-set-v2.1/images/1985MR0104000000901928E01_DRCL.jpg,1985MR0104000000901928E01_DRCL,1985,mastcam_right,Nearby surface
2018MH0006990030800853C00_DRCL.jpg,4,test,2018MH0006990030800853C00_DRCL,True,data/msl/extracted/msl-labeled-data-set-v2.1/images/2018MH0006990030800853C00_DRCL.jpg,2018MH0006990030800853C00_DRCL,2018,mahli,Close-up rock
2156ML0116220200803222C00_DRCL.jpg,3,test,2156ML0116220200803222C00_DRCL,True,data/msl/extracted/msl-labeled-data-set-v2.1/images/2156ML0116220200803222C00_DRCL.jpg,2156ML0116220200803222C00_DRCL,2156,mastcam_left,Nearby surface
2217MH0007630030803005E01_DRCL.jpg,12,test,2217MH0007630030803005E01_DRCL,True,data/msl/extracted/msl-labeled-data-set-v2.1/images/2217MH0007630030803005E01_DRCL.jpg,2217MH0007630030803005E01_DRCL,2217,mahli,Light-toned veins
2003MR0105110040902270I01_DRCL.jpg,2,test,2003MR0105110040902270I01_DRCL,True,data/msl/extracted/msl-labeled-data-set-v2.1/images/2003MR0105110040902270I01_DRCL.jpg,2003MR0105110040902270I01_DRCL,2003,mastcam_right,Artifact
2166ML0116670600803807I01_DRCL.jpg,3,test,2166ML0116670600803807I01_DRCL,True,data/msl/extracted/msl-labeled-data-set-v2.1/images/2166ML0116670600803807I01_DRCL.jpg,2166ML0116670600803807I01_DRCL,2166,mastcam_left,Nearby surface
2000MR0104890030902181I01_DRCL.jpg,3,test,2000MR0104890030902181I01_DRCL,True,data/msl/extracted/msl-labeled-data-set-v2.1/images/2000MR0104890030902181I01_DRCL.jpg,2000MR0104890030902181I01_DRCL,2000,mastcam_right,Nearby surface
2093ML0111630360801730C00_DRCL.jpg,11,test,2093ML0111630360801730C00_DRCL,True,data/msl/extracted/msl-labeled-data-set-v2.1/images/2093ML0111630360801730C00_DRCL.jpg,2093ML0111630360801730C00_DRCL,2093,mastcam_left,Layers
2137ML0114610270802828C00_DRCL.jpg,1,test,2137ML0114610270802828C00_DRCL,True,data/msl/extracted/msl-labeled-data-set-v2.1/images/2137ML0114610270802828C00_DRCL.jpg,2137ML0114610270802828C00_DRCL,2137,mastcam_left,Other rover part
2088ML0111250030801614D01_DRCL.jpg,2,test,2088ML0111250030801614D01_DRCL,True,data/msl/extracted/msl-labeled-data-set-v2.1/images/2088ML0111250030801614D01_DRCL.jpg,2088ML0111250030801614D01_DRCL,2088,mastcam_left,Artifact
2011MR0105960060902588C00_DRCL.jpg,3,test,2011MR0105960060902588C00_DRCL,True,data/msl/extracted/msl-labeled-data-set-v2.1/images/2011MR0105960060902588C00_DRCL.jpg,2011MR0105960060902588C00_DRCL,2011,mastcam_right,Nearby surface
2013MH0001220010800581C00_DRCL.jpg,4,test,2013MH0001220010800581C00_DRCL,True,data/msl/extracted/msl-labeled-data-set-v2.1/images/2013MH0001220010800581C00_DRCL.jpg,2013MH0001220010800581C00_DRCL,2013,mahli,Close-up rock
2091MR0111570020804159D01_DRCL.jpg,6,test,2091MR0111570020804159D01_DRCL,True,data/msl/extracted/msl-labeled-data-set-v2.1/images/2091MR0111570020804159D01_DRCL.jpg,2091MR0111570020804159D01_DRCL,2091,mastcam_right,DRT spot
1984MR0103860120901912D01_DRCL.jpg,6,test,1984MR0103860120901912D01_DRCL,True,data/msl/extracted/msl-labeled-data-set-v2.1/images/1984MR0103860120901912D01_DRCL.jpg,1984MR0103860120901912D01_DRCL,1984,mastcam_right,DRT spot
2009MR0105830050902421D01_DRCL.jpg,3,test,2009MR0105830050902421D01_DRCL,True,data/msl/extracted/msl-labeled-data-set-v2.1/images/2009MR0105830050902421D01_DRCL.jpg,2009MR0105830050902421D01_DRCL,2009,mastcam_right,Nearby surface
2222MR0117760010105937E01_DRCL.jpg,3,test,2222MR0117760010105937E01_DRCL,True,data/msl/extracted/msl-labeled-data-set-v2.1/images/2222MR0117760010105937E01_DRCL.jpg,2222MR0117760010105937E01_DRCL,2222,mastcam_right,Nearby surface
2110ML0112730020802234D01_DRCL.jpg,2,test,2110ML0112730020802234D01_DRCL,True,data/msl/extracted/msl-labeled-data-set-v2.1/images/2110ML0112730020802234D01_DRCL.jpg,2110ML0112730020802234D01_DRCL,2110,mastcam_left,Artifact
2077ML0110360340801332I01_DRCL.jpg,2,test,2077ML0110360340801332I01_DRCL,True,data/msl/extracted/msl-labeled-data-set-v2.1/images/2077ML0110360340801332I01_DRCL.jpg,2077ML0110360340801332I01_DRCL,2077,mastcam_left,Artifact
2217MH0006560030802988E01_DRCL.jpg,8,test,2217MH0006560030802988E01_DRCL,True,data/msl/extracted/msl-labeled-data-set-v2.1/images/2217MH0006560030802988E01_DRCL.jpg,2217MH0006560030802988E01_DRCL,2217,mahli,Drill hole
2072ML0109950120801095C00_DRCL.jpg,3,test,2072ML0109950120801095C00_DRCL,True,data/msl/extracted/msl-labeled-data-set-v2.1/images/2072ML0109950120801095C00_DRCL.jpg,2072ML0109950120801095C00_DRCL,2072,mastcam_left,Nearby surface
2082MH0003900010802196E01_DRCL.jpg,7,test,2082MH0003900010802196E01_DRCL,True,data/msl/extracted/msl-labeled-data-set-v2.1/images/2082MH0003900010802196E01_DRCL.jpg,2082MH0003900010802196E01_DRCL,2082,mahli,Distant landscape
2006ML0105540040306694D01_DRCL.jpg,3,test,2006ML0105540040306694D01_DRCL,True,data/msl/extracted/msl-labeled-data-set-v2.1/images/2006ML0105540040306694D01_DRCL.jpg,2006ML0105540040306694D01_DRCL,2006,mastcam_left,Nearby surface
1931MR0100810040900636C00_DRCL.jpg,3,test,1931MR0100810040900636C00_DRCL,True,data/msl/extracted/msl-labeled-data-set-v2.1/images/1931MR0100810040900636C00_DRCL.jpg,1931MR0100810040900636C00_DRCL,1931,mastcam_right,Nearby surface
2025MH0007400030801379I01_DRCL.jpg,14,test,2025MH0007400030801379I01_DRCL,True,data/msl/extracted/msl-labeled-data-set-v2.1/images/2025MH0007400030801379I01_DRCL.jpg,2025MH0007400030801379I01_DRCL,2025,mahli,Sand
1970ML0103060160605621D01_DRCL.jpg,3,test,1970ML0103060160605621D01_DRCL,True,data/msl/extracted/msl-labeled-data-set-v2.1/images/1970ML0103060160605621D01_DRCL.jpg,1970ML0103060160605621D01_DRCL,1970,mastcam_left,Nearby surface
2132MR0114310150304965I01_DRCL.jpg,2,test,2132MR0114310150304965I01_DRCL,True,data/msl/extracted/msl-labeled-data-set-v2.1/images/2132MR0114310150304965I01_DRCL.jpg,2132MR0114310150304965I01_DRCL,2132,mastcam_right,Artifact
2137ML0114610180802819C00_DRCL.jpg,1,test,2137ML0114610180802819C00_DRCL,True,data/msl/extracted/msl-labeled-data-set-v2.1/images/2137ML0114610180802819C00_DRCL.jpg,2137ML0114610180802819C00_DRCL,2137,mastcam_left,Other rover part
1988ML0104190050505994C00_DRCL.jpg,3,test,1988ML0104190050505994C00_DRCL,True,data/msl/extracted/msl-labeled-data-set-v2.1/images/1988ML0104190050505994C00_DRCL.jpg,1988ML0104190050505994C00_DRCL,1988,mastcam_left,Nearby surface
2122MH0001900000802553I01_DRCL.jpg,2,test,2122MH0001900000802553I01_DRCL,True,data/msl/extracted/msl-labeled-data-set-v2.1/images/2122MH0001900000802553I01_DRCL.jpg,2122MH0001900000802553I01_DRCL,2122,mahli,Artifact
1939ML0101320090704901E01_DRCL.jpg,3,test,1939ML0101320090704901E01_DRCL,True,data/msl/extracted/msl-labeled-data-set-v2.1/images/1939ML0101320090704901E01_DRCL.jpg,1939ML0101320090704901E01_DRCL,1939,mastcam_left,Nearby surface
2034ML0107350010800440D01_DRCL.jpg,3,test,2034ML0107350010800440D01_DRCL,True,data/msl/extracted/msl-labeled-data-set-v2.1/images/2034ML0107350010800440D01_DRCL.jpg,2034ML0107350010800440D01_DRCL,2034,mastcam_left,Nearby surface
2030ML0107180010800336E01_DRCL.jpg,17,test,2030ML0107180010800336E01_DRCL,True,data/msl/extracted/msl-labeled-data-set-v2.1/images/2030ML0107180010800336E01_DRCL.jpg,2030ML0107180010800336E01_DRCL,2030,mastcam_left,Wheel joint
1972ML0103150090605791Q01_DRCL.jpg,7,test,1972ML0103150090605791Q01_DRCL,True,data/msl/extracted/msl-labeled-data-set-v2.1/images/1972ML0103150090605791Q01_DRCL.jpg,1972ML0103150090605791Q01_DRCL,1972,mastcam_left,Distant landscape
2105ML0112360400802130D01_DRCL.jpg,2,test,2105ML0112360400802130D01_DRCL,True,data/msl/extracted/msl-labeled-data-set-v2.1/images/2105ML0112360400802130D01_DRCL.jpg,2105ML0112360400802130D01_DRCL,2105,mastcam_left,Artifact
2057ML0109080010800914D01_DRCL.jpg,15,test,2057ML0109080010800914D01_DRCL,True,data/msl/extracted/msl-labeled-data-set-v2.1/images/2057ML0109080010800914D01_DRCL.jpg,2057ML0109080010800914D01_DRCL,2057,mastcam_left,Sun
2025MH0007060010801353C00_DRCL.jpg,14,test,2025MH0007060010801353C00_DRCL,True,data/msl/extracted/msl-labeled-data-set-v2.1/images/2025MH0007060010801353C00_DRCL.jpg,2025MH0007060010801353C00_DRCL,2025,mahli,Sand
2110ML0112720060802231E01_DRCL.jpg,13,test,2110ML0112720060802231E01_DRCL,True,data/msl/extracted/msl-labeled-data-set-v2.1/images/2110ML0112720060802231E01_DRCL.jpg,2110ML0112720060802231E01_DRCL,2110,mastcam_left,Mastcam cal target
1936ML0101080390704819C00_DRCL.jpg,3,test,1936ML0101080390704819C00_DRCL,True,data/msl/extracted/msl-labeled-data-set-v2.1/images/1936ML0101080390704819C00_DRCL.jpg,1936ML0101080390704819C00_DRCL,1936,mastcam_left,Nearby surface
2081MR0110610070903944I01_DRCL.jpg,2,test,2081MR0110610070903944I01_DRCL,True,data/msl/extracted/msl-labeled-data-set-v2.1/images/2081MR0110610070903944I01_DRCL.jpg,2081MR0110610070903944I01_DRCL,2081,mastcam_right,Artifact
1950MH0003350020704289I01_DRCL.jpg,12,test,1950MH0003350020704289I01_DRCL,True,data/msl/extracted/msl-labeled-data-set-v2.1/images/1950MH0003350020704289I01_DRCL.jpg,1950MH0003350020704289I01_DRCL,1950,mahli,Light-toned veins
1945MH0002970010704158C00_DRCL.jpg,4,test,1945MH0002970010704158C00_DRCL,True,data/msl/extracted/msl-labeled-data-set-v2.1/images/1945MH0002970010704158C00_DRCL.jpg,1945MH0002970010704158C00_DRCL,1945,mahli,Close-up rock
1991MH0002990020800124I01_DRCL.jpg,4,test,1991MH0002990020800124I01_DRCL,True,data/msl/extracted/msl-labeled-data-set-v2.1/images/1991MH0002990020800124I01_DRCL.jpg,1991MH0002990020800124I01_DRCL,1991,mahli,Close-up rock
2065ML0109680330801021D01_DRCL.jpg,2,test,2065ML0109680330801021D01_DRCL,True,data/msl/extracted/msl-labeled-data-set-v2.1/images/2065ML0109680330801021D01_DRCL.jpg,2065ML0109680330801021D01_DRCL,2065,mastcam_left,Artifact
1931MR0100810700900702C00_DRCL.jpg,3,test,1931MR0100810700900702C00_DRCL,True,data/msl/extracted/msl-labeled-data-set-v2.1/images/1931MR0100810700900702C00_DRCL.jpg,1931MR0100810700900702C00_DRCL,1931,mastcam_right,Nearby surface
2137ML0114600530802731C00_DRCL.jpg,3,test,2137ML0114600530802731C00_DRCL,True,data/msl/extracted/msl-labeled-data-set-v2.1/images/2137ML0114600530802731C00_DRCL.jpg,2137ML0114600530802731C00_DRCL,2137,mastcam_left,Nearby surface
2135MR0114530010205032E01_DRCL.jpg,3,test,2135MR0114530010205032E01_DRCL,True,data/msl/extracted/msl-labeled-data-set-v2.1/images/2135MR0114530010205032E01_DRCL.jpg,2135MR0114530010205032E01_DRCL,2135,mastcam_right,Nearby surface
2093MR0111630480604225C00_DRCL.jpg,11,test,2093MR0111630480604225C00_DRCL,True,data/msl/extracted/msl-labeled-data-set-v2.1/images/2093MR0111630480604225C00_DRCL.jpg,2093MR0111630480604225C00_DRCL,2093,mastcam_right,Layers
2081MH0001220010801919C00_DRCL.jpg,14,test,2081MH0001220010801919C00_DRCL,True,data/msl/extracted/msl-labeled-data-set-v2.1/images/2081MH0001220010801919C00_DRCL.jpg,2081MH0001220010801919C00_DRCL,2081,mahli,Sand
1936ML0101080620704842C00_DRCL.jpg,3,test,1936ML0101080620704842C00_DRCL,True,data/msl/extracted/msl-labeled-data-set-v2.1/images/1936ML0101080620704842C00_DRCL.jpg,1936ML0101080620704842C00_DRCL,1936,mastcam_left,Nearby surface
2009ML0105860010306828E01_DRCL.jpg,3,test,2009ML0105860010306828E01_DRCL,True,data/msl/extracted/msl-labeled-data-set-v2.1/images/2009ML0105860010306828E01_DRCL.jpg,2009ML0105860010306828E01_DRCL,2009,mastcam_left,Nearby surface
2095ML0111770010801810D01_DRCL.jpg,15,test,2095ML0111770010801810D01_DRCL,True,data/msl/extracted/msl-labeled-data-set-v2.1/images/2095ML0111770010801810D01_DRCL.jpg,2095ML0111770010801810D01_DRCL,2095,mastcam_left,Sun
2122ML0113640030802479D01_DRCL.jpg,13,test,2122ML0113640030802479D01_DRCL,True,data/msl/extracted/msl-labeled-data-set-v2.1/images/2122ML0113640030802479D01_DRCL.jpg,2122ML0113640030802479D01_DRCL,2122,mastcam_left,Mastcam cal target
2083MH0003630000802251I01_DRCL.jpg,2,test,2083MH0003630000802251I01_DRCL,True,data/msl/extracted/msl-labeled-data-set-v2.1/images/2083MH0003630000802251I01_DRCL.jpg,2083MH0003630000802251I01_DRCL,2083,mahli,Artifact
2081MH0004740020802074C00_DRCL.jpg,8,test,2081MH0004740020802074C00_DRCL,True,data/msl/extracted/msl-labeled-data-set-v2.1/images/2081MH0004740020802074C00_DRCL.jpg,2081MH0004740020802074C00_DRCL,2081,mahli,Drill hole
2004ML0105220020306511E01_DRCL.jpg,0,test,2004ML0105220020306511E01_DRCL,True,data/msl/extracted/msl-labeled-data-set-v2.1/images/2004ML0105220020306511E01_DRCL.jpg,2004ML0105220020306511E01_DRCL,2004,mastcam_left,Arm cover
2010ML0105910020306839D01_DRCL.jpg,2,test,2010ML0105910020306839D01_DRCL,True,data/msl/extracted/msl-labeled-data-set-v2.1/images/2010ML0105910020306839D01_DRCL.jpg,2010ML0105910020306839D01_DRCL,2010,mastcam_left,Artifact
1922MH0003080000703061I01_DRCL.jpg,2,test,1922MH0003080000703061I01_DRCL,True,data/msl/extracted/msl-labeled-data-set-v2.1/images/1922MH0003080000703061I01_DRCL.jpg,1922MH0003080000703061I01_DRCL,1922,mahli,Artifact
2135MR0114510080205022D01_DRCL.jpg,13,test,2135MR0114510080205022D01_DRCL,True,data/msl/extracted/msl-labeled-data-set-v2.1/images/2135MR0114510080205022D01_DRCL.jpg,2135MR0114510080205022D01_DRCL,2135,mastcam_right,Mastcam cal target
2097MR0111870040604312C00_DRCL.jpg,11,test,2097MR0111870040604312C00_DRCL,True,data/msl/extracted/msl-labeled-data-set-v2.1/images/2097MR0111870040604312C00_DRCL.jpg,2097MR0111870040604312C00_DRCL,2097,mastcam_right,Layers
1971MH0002990020704712I01_DRCL.jpg,14,test,1971MH0002990020704712I01_DRCL,True,data/msl/extracted/msl-labeled-data-set-v2.1/images/1971MH0002990020704712I01_DRCL.jpg,1971MH0002990020704712I01_DRCL,1971,mahli,Sand
2023MR0106790110902875D01_DRCL.jpg,13,test,2023MR0106790110902875D01_DRCL,True,data/msl/extracted/msl-labeled-data-set-v2.1/images/2023MR0106790110902875D01_DRCL.jpg,2023MR0106790110902875D01_DRCL,2023,mastcam_right,Mastcam cal target
2048MH0006990030801706I01_DRCL.jpg,4,test,2048MH0006990030801706I01_DRCL,True,data/msl/extracted/msl-labeled-data-set-v2.1/images/2048MH0006990030801706I01_DRCL.jpg,2048MH0006990030801706I01_DRCL,2048,mahli,Close-up rock
1935MH0007210030703736C00_DRCL.jpg,12,test,1935MH0007210030703736C00_DRCL,True,data/msl/extracted/msl-labeled-data-set-v2.1/images/1935MH0007210030703736C00_DRCL.jpg,1935MH0007210030703736C00_DRCL,1935,mahli,Light-toned veins
1940MR0101390000901028I01_DRCL.jpg,2,test,1940MR0101390000901028I01_DRCL,True,data/msl/extracted/msl-labeled-data-set-v2.1/images/1940MR0101390000901028I01_DRCL.jpg,1940MR0101390000901028I01_DRCL,1940,mastcam_right,Artifact
2065MR0109680480903752D01_DRCL.jpg,2,test,2065MR0109680480903752D01_DRCL,True,data/msl/extracted/msl-labeled-data-set-v2.1/images/2065MR0109680480903752D01_DRCL.jpg,2065MR0109680480903752D01_DRCL,2065,mastcam_right,Artifact
2104ML0112290000802032E01_DRCL.jpg,3,test,2104ML0112290000802032E01_DRCL,True,data/msl/extracted/msl-labeled-data-set-v2.1/images/2104ML0112290000802032E01_DRCL.jpg,2104ML0112290000802032E01_DRCL,2104,mastcam_left,Nearby surface
2217MH0007060000802993E01_DRCL.jpg,12,test,2217MH0007060000802993E01_DRCL,True,data/msl/extracted/msl-labeled-data-set-v2.1/images/2217MH0007060000802993E01_DRCL.jpg,2217MH0007060000802993E01_DRCL,2217,mahli,Light-toned veins
2148MR0115420010205247I01_DRCL.jpg,15,test,2148MR0115420010205247I01_DRCL,True,data/msl/extracted/msl-labeled-data-set-v2.1/images/2148MR0115420010205247I01_DRCL.jpg,2148MR0115420010205247I01_DRCL,2148,mastcam_right,Sun
2115ML0113190000802341E01_DRCL.jpg,17,test,2115ML0113190000802341E01_DRCL,True,data/msl/extracted/msl-labeled-data-set-v2.1/images/2115ML0113190000802341E01_DRCL.jpg,2115ML0113190000802341E01_DRCL,2115,mastcam_left,Wheel joint
2157ML0116250000803230E01_DRCL.jpg,3,test,2157ML0116250000803230E01_DRCL,True,data/msl/extracted/msl-labeled-data-set-v2.1/images/2157ML0116250000803230E01_DRCL.jpg,2157ML0116250000803230E01_DRCL,2157,mastcam_left,Nearby surface
2030ML0107180040800339E01_DRCL.jpg,17,test,2030ML0107180040800339E01_DRCL,True,data/msl/extracted/msl-labeled-data-set-v2.1/images/2030ML0107180040800339E01_DRCL.jpg,2030ML0107180040800339E01_DRCL,2030,mastcam_left,Wheel joint
2122MR0113640080404829D01_DRCL.jpg,13,test,2122MR0113640080404829D01_DRCL,True,data/msl/extracted/msl-labeled-data-set-v2.1/images/2122MR0113640080404829D01_DRCL.jpg,2122MR0113640080404829D01_DRCL,2122,mastcam_right,Mastcam cal target
2108MR0112490000404567I01_DRCL.jpg,2,test,2108MR0112490000404567I01_DRCL,True,data/msl/extracted/msl-labeled-data-set-v2.1/images/2108MR0112490000404567I01_DRCL.jpg,2108MR0112490000404567I01_DRCL,2108,mastcam_right,Artifact
2165MR0116600180205596C00_DRCL.jpg,3,test,2165MR0116600180205596C00_DRCL,True,data/msl/extracted/msl-labeled-data-set-v2.1/images/2165MR0116600180205596C00_DRCL.jpg,2165MR0116600180205596C00_DRCL,2165,mastcam_right,Nearby surface
1940ML0101470010704995D01_DRCL.jpg,15,test,1940ML0101470010704995D01_DRCL,True,data/msl/extracted/msl-labeled-data-set-v2.1/images/1940ML0101470010704995D01_DRCL.jpg,1940ML0101470010704995D01_DRCL,1940,mastcam_left,Sun
1957MR0102320330901502I01_DRCL.jpg,2,test,1957MR0102320330901502I01_DRCL,True,data/msl/extracted/msl-labeled-data-set-v2.1/images/1957MR0102320330901502I01_DRCL.jpg,1957MR0102320330901502I01_DRCL,1957,mastcam_right,Artifact
2171MR0116940120105711I01_DRCL.jpg,2,test,2171MR0116940120105711I01_DRCL,True,data/msl/extracted/msl-labeled-data-set-v2.1/images/2171MR0116940120105711I01_DRCL.jpg,2171MR0116940120105711I01_DRCL,2171,mastcam_right,Artifact
2032MH0002240020801533I01_DRCL.jpg,4,test,2032MH0002240020801533I01_DRCL,True,data/msl/extracted/msl-labeled-data-set-v2.1/images/2032MH0002240020801533I01_DRCL.jpg,2032MH0002240020801533I01_DRCL,2032,mahli,Close-up rock
1931MR0100800220900609C00_DRCL.jpg,3,test,1931MR0100800220900609C00_DRCL,True,data/msl/extracted/msl-labeled-data-set-v2.1/images/1931MR0100800220900609C00_DRCL.jpg,1931MR0100800220900609C00_DRCL,1931,mastcam_right,Nearby surface
1947MH0003070020704245I01_DRCL.jpg,4,test,1947MH0003070020704245I01_DRCL,True,data/msl/extracted/msl-labeled-data-set-v2.1/images/1947MH0003070020704245I01_DRCL.jpg,1947MH0003070020704245I01_DRCL,1947,mahli,Close-up rock
2018MR0106440000902744I01_DRCL.jpg,2,test,2018MR0106440000902744I01_DRCL,True,data/msl/extracted/msl-labeled-data-set-v2.1/images/2018MR0106440000902744I01_DRCL.jpg,2018MR0106440000902744I01_DRCL,2018,mastcam_right,Artifact
2091MR0111550000804155C00_DRCL.jpg,3,test,2091MR0111550000804155C00_DRCL,True,data/msl/extracted/msl-labeled-data-set-v2.1/images/2091MR0111550000804155C00_DRCL.jpg,2091MR0111550000804155C00_DRCL,2091,mastcam_right,Nearby surface
1946ML0101690080705103C00_DRCL.jpg,3,test,1946ML0101690080705103C00_DRCL,True,data/msl/extracted/msl-labeled-data-set-v2.1/images/1946ML0101690080705103C00_DRCL.jpg,1946ML0101690080705103C00_DRCL,1946,mastcam_left,Nearby surface
2069MR0109810000903768I01_DRCL.jpg,2,test,2069MR0109810000903768I01_DRCL,True,data/msl/extracted/msl-labeled-data-set-v2.1/images/2069MR0109810000903768I01_DRCL.jpg,2069MR0109810000903768I01_DRCL,2069,mastcam_right,Artifact
1984MH0007230030800018I01_DRCL.jpg,8,test,1984MH0007230030800018I01_DRCL,True,data/msl/extracted/msl-labeled-data-set-v2.1/images/1984MH0007230030800018I01_DRCL.jpg,1984MH0007230030800018I01_DRCL,1984,mahli,Drill hole
2150MR0115520010205265I01_DRCL.jpg,3,test,2150MR0115520010205265I01_DRCL,True,data/msl/extracted/msl-labeled-data-set-v2.1/images/2150MR0115520010205265I01_DRCL.jpg,2150MR0115520010205265I01_DRCL,2150,mastcam_right,Nearby surface
2082MH0003900010802165E01_DRCL.jpg,3,test,2082MH0003900010802165E01_DRCL,True,data/msl/extracted/msl-labeled-data-set-v2.1/images/2082MH0003900010802165E01_DRCL.jpg,2082MH0003900010802165E01_DRCL,2082,mahli,Nearby surface
2165ML0116600480803697C00_DRCL.jpg,3,test,2165ML0116600480803697C00_DRCL,True,data/msl/extracted/msl-labeled-data-set-v2.1/images/2165ML0116600480803697C00_DRCL.jpg,2165ML0116600480803697C00_DRCL,2165,mastcam_left,Nearby surface
2025MR0106920020902918I01_DRCL.jpg,14,test,2025MR0106920020902918I01_DRCL,True,data/msl/extracted/msl-labeled-data-set-v2.1/images/2025MR0106920020902918I01_DRCL.jpg,2025MR0106920020902918I01_DRCL,2025,mastcam_right,Sand
1984MH0007230030800017I01_DRCL.jpg,8,test,1984MH0007230030800017I01_DRCL,True,data/msl/extracted/msl-labeled-data-set-v2.1/images/1984MH0007230030800017I01_DRCL.jpg,1984MH0007230030800017I01_DRCL,1984,mahli,Drill hole
2049MH0002240020801787I01_DRCL.jpg,4,test,2049MH0002240020801787I01_DRCL,True,data/msl/extracted/msl-labeled-data-set-v2.1/images/2049MH0002240020801787I01_DRCL.jpg,2049MH0002240020801787I01_DRCL,2049,mahli,Close-up rock
2115ML0113230010802362D01_DRCL.jpg,9,test,2115ML0113230010802362D01_DRCL,True,data/msl/extracted/msl-labeled-data-set-v2.1/images/2115ML0113230010802362D01_DRCL.jpg,2115ML0113230010802362D01_DRCL,2115,mastcam_left,Night sky
1992MR0104390010902010C00_DRCL.jpg,7,test,1992MR0104390010902010C00_DRCL,True,data/msl/extracted/msl-labeled-data-set-v2.1/images/1992MR0104390010902010C00_DRCL.jpg,1992MR0104390010902010C00_DRCL,1992,mastcam_right,Distant landscape
2002MH0007380060800373I01_DRCL.jpg,4,test,2002MH0007380060800373I01_DRCL,True,data/msl/extracted/msl-labeled-data-set-v2.1/images/2002MH0007380060800373I01_DRCL.jpg,2002MH0007380060800373I01_DRCL,2002,mahli,Close-up rock
2166MH0002990020802854I01_DRCL.jpg,4,test,2166MH0002990020802854I01_DRCL,True,data/msl/extracted/msl-labeled-data-set-v2.1/images/2166MH0002990020802854I01_DRCL.jpg,2166MH0002990020802854I01_DRCL,2166,mahli,Close-up rock
1927MH0003070020703452C00_DRCL.jpg,4,test,1927MH0003070020703452C00_DRCL,True,data/msl/extracted/msl-labeled-data-set-v2.1/images/1927MH0003070020703452C00_DRCL.jpg,1927MH0003070020703452C00_DRCL,1927,mahli,Close-up rock
1974MR0103230000901778C00_DRCL.jpg,3,test,1974MR0103230000901778C00_DRCL,True,data/msl/extracted/msl-labeled-data-set-v2.1/images/1974MR0103230000901778C00_DRCL.jpg,1974MR0103230000901778C00_DRCL,1974,mastcam_right,Nearby surface
2162MR0116430010205512I01_DRCL.jpg,15,test,2162MR0116430010205512I01_DRCL,True,data/msl/extracted/msl-labeled-data-set-v2.1/images/2162MR0116430010205512I01_DRCL.jpg,2162MR0116430010205512I01_DRCL,2162,mastcam_right,Sun
1963MH0006030030704546I01_DRCL.jpg,4,test,1963MH0006030030704546I01_DRCL,True,data/msl/extracted/msl-labeled-data-set-v2.1/images/1963MH0006030030704546I01_DRCL.jpg,1963MH0006030030704546I01_DRCL,1963,mahli,Close-up rock
2006ML0105540070306697D01_DRCL.jpg,3,test,2006ML0105540070306697D01_DRCL,True,data/msl/extracted/msl-labeled-data-set-v2.1/images/2006ML0105540070306697D01_DRCL.jpg,2006ML0105540070306697D01_DRCL,2006,mastcam_left,Nearby surface
2012MR0106050130902623I01_DRCL.jpg,2,test,2012MR0106050130902623I01_DRCL,True,data/msl/extracted/msl-labeled-data-set-v2.1/images/2012MR0106050130902623I01_DRCL.jpg,2012MR0106050130902623I01_DRCL,2012,mastcam_right,Artifact
1922MR0100300100900422I01_DRCL.jpg,2,test,1922MR0100300100900422I01_DRCL,True,data/msl/extracted/msl-labeled-data-set-v2.1/images/1922MR0100300100900422I01_DRCL.jpg,1922MR0100300100900422I01_DRCL,1922,mastcam_right,Artifact
2109MH0001730000802361I01_DRCL.jpg,2,test,2109MH0001730000802361I01_DRCL,True,data/msl/extracted/msl-labeled-data-set-v2.1/images/2109MH0001730000802361I01_DRCL.jpg,2109MH0001730000802361I01_DRCL,2109,mahli,Artifact
2029MH0002590000801466E01_DRCL.jpg,16,test,2029MH0002590000801466E01_DRCL,True,data/msl/extracted/msl-labeled-data-set-v2.1/images/2029MH0002590000801466E01_DRCL.jpg,2029MH0002590000801466E01_DRCL,2029,mahli,Wheel
2048MH0007440030801692I01_DRCL.jpg,4,test,2048MH0007440030801692I01_DRCL,True,data/msl/extracted/msl-labeled-data-set-v2.1/images/2048MH0007440030801692I01_DRCL.jpg,2048MH0007440030801692I01_DRCL,2048,mahli,Close-up rock
1986MR0104100150901943E01_DRCL.jpg,3,test,1986MR0104100150901943E01_DRCL,True,data/msl/extracted/msl-labeled-data-set-v2.1/images/1986MR0104100150901943E01_DRCL.jpg,1986MR0104100150901943E01_DRCL,1986,mastcam_right,Nearby surface
2048MR0108440010903360E01_DRCL.jpg,5,test,2048MR0108440010903360E01_DRCL,True,data/msl/extracted/msl-labeled-data-set-v2.1/images/2048MR0108440010903360E01_DRCL.jpg,2048MR0108440010903360E01_DRCL,2048,mastcam_right,DRT
2013ML0106080080800035E01_DRCL.jpg,3,test,2013ML0106080080800035E01_DRCL,True,data/msl/extracted/msl-labeled-data-set-v2.1/images/2013ML0106080080800035E01_DRCL.jpg,2013ML0106080080800035E01_DRCL,2013,mastcam_left,Nearby surface
2083MR0110910020904009C00_DRCL.jpg,8,test,2083MR0110910020904009C00_DRCL,True,data/msl/extracted/msl-labeled-data-set-v2.1/images/2083MR0110910020904009C00_DRCL.jpg,2083MR0110910020904009C00_DRCL,2083,mastcam_right,Drill hole
2025MH0007410020801357C00_DRCL.jpg,14,test,2025MH0007410020801357C00_DRCL,True,data/msl/extracted/msl-labeled-data-set-v2.1/images/2025MH0007410020801357C00_DRCL.jpg,2025MH0007410020801357C00_DRCL,2025,mahli,Sand
2048MH0007440020801690C00_DRCL.jpg,4,test,2048MH0007440020801690C00_DRCL,True,data/msl/extracted/msl-labeled-data-set-v2.1/images/2048MH0007440020801690C00_DRCL.jpg,2048MH0007440020801690C00_DRCL,2048,mahli,Close-up rock
1931MR0100810600900692C00_DRCL.jpg,3,test,1931MR0100810600900692C00_DRCL,True,data/msl/extracted/msl-labeled-data-set-v2.1/images/1931MR0100810600900692C00_DRCL.jpg,1931MR0100810600900692C00_DRCL,1931,mastcam_right,Nearby surface
2012ML0106050110800021D01_DRCL.jpg,2,test,2012ML0106050110800021D01_DRCL,True,data/msl/extracted/msl-labeled-data-set-v2.1/images/2012ML0106050110800021D01_DRCL.jpg,2012ML0106050110800021D01_DRCL,2012,mastcam_left,Artifact
2093ML0111630450801739C00_DRCL.jpg,11,test,2093ML0111630450801739C00_DRCL,True,data/msl/extracted/msl-labeled-data-set-v2.1/images/2093ML0111630450801739C00_DRCL.jpg,2093ML0111630450801739C00_DRCL,2093,mastcam_left,Layers
2120ML0113510160802441D01_DRCL.jpg,3,test,2120ML0113510160802441D01_DRCL,True,data/msl/extracted/msl-labeled-data-set-v2.1/images/2120ML0113510160802441D01_DRCL.jpg,2120ML0113510160802441D01_DRCL,2120,mastcam_left,Nearby surface
2132MH0001520000802619C00_DRCL.jpg,4,test,2132MH0001520000802619C00_DRCL,True,data/msl/extracted/msl-labeled-data-set-v2.1/images/2132MH0001520000802619C00_DRCL.jpg,2132MH0001520000802619C00_DRCL,2132,mahli,Close-up rock
2142MR0114930000205112I01_DRCL.jpg,3,test,2142MR0114930000205112I01_DRCL,True,data/msl/extracted/msl-labeled-data-set-v2.1/images/2142MR0114930000205112I01_DRCL.jpg,2142MR0114930000205112I01_DRCL,2142,mastcam_right,Nearby surface
2010ML0105920400306881D01_DRCL.jpg,2,test,2010ML0105920400306881D01_DRCL,True,data/msl/extracted/msl-labeled-data-set-v2.1/images/2010ML0105920400306881D01_DRCL.jpg,2010ML0105920400306881D01_DRCL,2010,mastcam_left,Artifact
1964MR0102680120901603D01_DRCL.jpg,13,test,1964MR0102680120901603D01_DRCL,True,data/msl/extracted/msl-labeled-data-set-v2.1/images/1964MR0102680120901603D01_DRCL.jpg,1964MR0102680120901603D01_DRCL,1964,mastcam_right,Mastcam cal target
2016MH0007080030800757C00_DRCL.jpg,4,test,2016MH0007080030800757C00_DRCL,True,data/msl/extracted/msl-labeled-data-set-v2.1/images/2016MH0007080030800757C00_DRCL.jpg,2016MH0007080030800757C00_DRCL,2016,mahli,Close-up rock
2114MH0006250010802420C00_DRCL.jpg,2,test,2114MH0006250010802420C00_DRCL,True,data/msl/extracted/msl-labeled-data-set-v2.1/images/2114MH0006250010802420C00_DRCL.jpg,2114MH0006250010802420C00_DRCL,2114,mahli,Artifact
1939ML0101340000704921E01_DRCL.jpg,3,test,1939ML0101340000704921E01_DRCL,True,data/msl/extracted/msl-labeled-data-set-v2.1/images/1939ML0101340000704921E01_DRCL.jpg,1939ML0101340000704921E01_DRCL,1939,mastcam_left,Nearby surface
2105ML0112360410802131E01_DRCL.jpg,2,test,2105ML0112360410802131E01_DRCL,True,data/msl/extracted/msl-labeled-data-set-v2.1/images/2105ML0112360410802131E01_DRCL.jpg,2105ML0112360410802131E01_DRCL,2105,mastcam_left,Artifact
2013MH0003060020800627I01_DRCL.jpg,4,test,2013MH0003060020800627I01_DRCL,True,data/msl/extracted/msl-labeled-data-set-v2.1/images/2013MH0003060020800627I01_DRCL.jpg,2013MH0003060020800627I01_DRCL,2013,mahli,Close-up rock
2080ML0110490030801353D01_DRCL.jpg,2,test,2080ML0110490030801353D01_DRCL,True,data/msl/extracted/msl-labeled-data-set-v2.1/images/2080ML0110490030801353D01_DRCL.jpg,2080ML0110490030801353D01_DRCL,2080,mastcam_left,Artifact
1932MH0003350020703618C00_DRCL.jpg,4,test,1932MH0003350020703618C00_DRCL,True,data/msl/extracted/msl-labeled-data-set-v2.1/images/1932MH0003350020703618C00_DRCL.jpg,1932MH0003350020703618C00_DRCL,1932,mahli,Close-up rock
2045MR0108210040903328C00_DRCL.jpg,3,test,2045MR0108210040903328C00_DRCL,True,data/msl/extracted/msl-labeled-data-set-v2.1/images/2045MR0108210040903328C00_DRCL.jpg,2045MR0108210040903328C00_DRCL,2045,mastcam_right,Nearby surface
2105MR0112350320604501E01_DRCL.jpg,2,test,2105MR0112350320604501E01_DRCL,True,data/msl/extracted/msl-labeled-data-set-v2.1/images/2105MR0112350320604501E01_DRCL.jpg,2105MR0112350320604501E01_DRCL,2105,mastcam_right,Artifact
1943MH0003900010704050E01_DRCL.jpg,7,test,1943MH0003900010704050E01_DRCL,True,data/msl/extracted/msl-labeled-data-set-v2.1/images/1943MH0003900010704050E01_DRCL.jpg,1943MH0003900010704050E01_DRCL,1943,mahli,Distant landscape
2003MR0105130040902274I01_DRCL.jpg,2,test,2003MR0105130040902274I01_DRCL,True,data/msl/extracted/msl-labeled-data-set-v2.1/images/2003MR0105130040902274I01_DRCL.jpg,2003MR0105130040902274I01_DRCL,2003,mastcam_right,Artifact
2046MR0108270000903335E01_DRCL.jpg,3,test,2046MR0108270000903335E01_DRCL,True,data/msl/extracted/msl-labeled-data-set-v2.1/images/2046MR0108270000903335E01_DRCL.jpg,2046MR0108270000903335E01_DRCL,2046,mastcam_right,Nearby surface
2036MR0107470130903087D01_DRCL.jpg,3,test,2036MR0107470130903087D01_DRCL,True,data/msl/extracted/msl-labeled-data-set-v2.1/images/2036MR0107470130903087D01_DRCL.jpg,2036MR0107470130903087D01_DRCL,2036,mastcam_right,Nearby surface
2005ML0105320020306567D01_DRCL.jpg,3,test,2005ML0105320020306567D01_DRCL,True,data/msl/extracted/msl-labeled-data-set-v2.1/images/2005ML0105320020306567D01_DRCL.jpg,2005ML0105320020306567D01_DRCL,2005,mastcam_left,Nearby surface
1936MR0101080200900888C00_DRCL.jpg,3,test,1936MR0101080200900888C00_DRCL,True,data/msl/extracted/msl-labeled-data-set-v2.1/images/1936MR0101080200900888C00_DRCL.jpg,1936MR0101080200900888C00_DRCL,1936,mastcam_right,Nearby surface
1963MH0006980030704572I01_DRCL.jpg,4,test,1963MH0006980030704572I01_DRCL,True,data/msl/extracted/msl-labeled-data-set-v2.1/images/1963MH0006980030704572I01_DRCL.jpg,1963MH0006980030704572I01_DRCL,1963,mahli,Close-up rock
1960MH0004280020704408I01_DRCL.jpg,4,test,1960MH0004280020704408I01_DRCL,True,data/msl/extracted/msl-labeled-data-set-v2.1/images/1960MH0004280020704408I01_DRCL.jpg,1960MH0004280020704408I01_DRCL,1960,mahli,Close-up rock
1995ML0104501050406202I01_DRCL.jpg,3,test,1995ML0104501050406202I01_DRCL,True,data/msl/extracted/msl-labeled-data-set-v2.1/images/1995ML0104501050406202I01_DRCL.jpg,1995ML0104501050406202I01_DRCL,1995,mastcam_left,Nearby surface
2125ML0113810010802539C00_DRCL.jpg,15,test,2125ML0113810010802539C00_DRCL,True,data/msl/extracted/msl-labeled-data-set-v2.1/images/2125ML0113810010802539C00_DRCL.jpg,2125ML0113810010802539C00_DRCL,2125,mastcam_left,Sun
2137ML0114600060802684C00_DRCL.jpg,7,test,2137ML0114600060802684C00_DRCL,True,data/msl/extracted/msl-labeled-data-set-v2.1/images/2137ML0114600060802684C00_DRCL.jpg,2137ML0114600060802684C00_DRCL,2137,mastcam_left,Distant landscape
1954MH0001520020704302I01_DRCL.jpg,4,test,1954MH0001520020704302I01_DRCL,True,data/msl/extracted/msl-labeled-data-set-v2.1/images/1954MH0001520020704302I01_DRCL.jpg,1954MH0001520020704302I01_DRCL,1954,mahli,Close-up rock
2022MH0006780030801255C00_DRCL.jpg,4,test,2022MH0006780030801255C00_DRCL,True,data/msl/extracted/msl-labeled-data-set-v2.1/images/2022MH0006780030801255C00_DRCL.jpg,2022MH0006780030801255C00_DRCL,2022,mahli,Close-up rock
2009ML0105850010306822E01_DRCL.jpg,3,test,2009ML0105850010306822E01_DRCL,True,data/msl/extracted/msl-labeled-data-set-v2.1/images/2009ML0105850010306822E01_DRCL.jpg,2009ML0105850010306822E01_DRCL,2009,mastcam_left,Nearby surface
2109MH0001730020802366I01_DRCL.jpg,4,test,2109MH0001730020802366I01_DRCL,True,data/msl/extracted/msl-labeled-data-set-v2.1/images/2109MH0001730020802366I01_DRCL.jpg,2109MH0001730020802366I01_DRCL,2109,mahli,Close-up rock
2086ML0111140000801512E01_DRCL.jpg,1,test,2086ML0111140000801512E01_DRCL,True,data/msl/extracted/msl-labeled-data-set-v2.1/images/2086ML0111140000801512E01_DRCL.jpg,2086ML0111140000801512E01_DRCL,2086,mastcam_left,Other rover part
2156ML0116220270803229C00_DRCL.jpg,3,test,2156ML0116220270803229C00_DRCL,True,data/msl/extracted/msl-labeled-data-set-v2.1/images/2156ML0116220270803229C00_DRCL.jpg,2156ML0116220270803229C00_DRCL,2156,mastcam_left,Nearby surface
